id,program,department,year,semester,division,day,start_time,end_time,subject,faculty,room
1,Diploma,Computer Engineering,FY,1,A,Monday,09:00,10:00,Cloud Computing,Prof. Faculty 085,CO-126
2,Diploma,Computer Engineering,FY,1,A,Monday,10:00,11:00,AI Fundamentals,Prof. Faculty 179,CO-145
3,Diploma,Computer Engineering,FY,1,A,Monday,11:15,12:15,Thermodynamics,Prof. Faculty 250,CO-314
4,Diploma,Computer Engineering,FY,1,A,Monday,12:15,01:15,Digital Electronics,Prof. Faculty 230,CO-141
5,Diploma,Computer Engineering,FY,1,A,Monday,02:00,03:00,Software Engineering,Prof. Faculty 203,CO-184
6,Diploma,Computer Engineering,FY,1,A,Monday,03:00,04:00,Computer Networks,Prof. Faculty 006,CO-264
7,Diploma,Computer Engineering,FY,1,A,Tuesday,09:00,10:00,Digital Electronics,Prof. Faculty 146,CO-129
8,Diploma,Computer Engineering,FY,1,A,Tuesday,10:00,11:00,Physics,Prof. Faculty 243,CO-156
9,Diploma,Computer Engineering,FY,1,A,Tuesday,11:15,12:15,Computer Networks,Prof. Faculty 244,CO-146
10,Diploma,Computer Engineering,FY,1,A,Tuesday,12:15,01:15,Mathematics,Prof. Faculty 145,CO-159
11,Diploma,Computer Engineering,FY,1,A,Tuesday,02:00,03:00,Mathematics,Prof. Faculty 005,CO-164
12,Diploma,Computer Engineering,FY,1,A,Tuesday,03:00,04:00,Machine Learning,Prof. Faculty 194,CO-249
13,Diploma,Computer Engineering,FY,1,A,Wednesday,09:00,10:00,Python Programming,Prof. Faculty 002,CO-156
14,Diploma,Computer Engineering,FY,1,A,Wednesday,10:00,11:00,Project Lab,Prof. Faculty 169,CO-237
15,Diploma,Computer Engineering,FY,1,A,Wednesday,11:15,12:15,Web Development,Prof. Faculty 198,CO-232
16,Diploma,Computer Engineering,FY,1,A,Wednesday,12:15,01:15,Computer Networks,Prof. Faculty 187,CO-199
17,Diploma,Computer Engineering,FY,1,A,Wednesday,02:00,03:00,Python Programming,Prof. Faculty 185,CO-184
18,Diploma,Computer Engineering,FY,1,A,Wednesday,03:00,04:00,Software Engineering,Prof. Faculty 135,CO-144
19,Diploma,Computer Engineering,FY,1,A,Thursday,09:00,10:00,AI Fundamentals,Prof. Faculty 050,CO-128
20,Diploma,Computer Engineering,FY,1,A,Thursday,10:00,11:00,Python Programming,Prof. Faculty 154,CO-244
21,Diploma,Computer Engineering,FY,1,A,Thursday,11:15,12:15,AI Fundamentals,Prof. Faculty 053,CO-118
22,Diploma,Computer Engineering,FY,1,A,Thursday,12:15,01:15,Cyber Security,Prof. Faculty 223,CO-296
23,Diploma,Computer Engineering,FY,1,A,Thursday,02:00,03:00,AI Fundamentals,Prof. Faculty 165,CO-205
24,Diploma,Computer Engineering,FY,1,A,Thursday,03:00,04:00,Electrical Machines,Prof. Faculty 111,CO-259
25,Diploma,Computer Engineering,FY,1,A,Friday,09:00,10:00,CAD/CAM,Prof. Faculty 201,CO-320
26,Diploma,Computer Engineering,FY,1,A,Friday,10:00,11:00,Physics,Prof. Faculty 234,CO-278
27,Diploma,Computer Engineering,FY,1,A,Friday,11:15,12:15,Physics,Prof. Faculty 077,CO-280
28,Diploma,Computer Engineering,FY,1,A,Friday,12:15,01:15,Operating Systems,Prof. Faculty 135,CO-142
29,Diploma,Computer Engineering,FY,1,A,Friday,02:00,03:00,Software Engineering,Prof. Faculty 033,CO-189
30,Diploma,Computer Engineering,FY,1,A,Friday,03:00,04:00,Surveying,Prof. Faculty 242,CO-103
31,Diploma,Computer Engineering,FY,1,A,Saturday,09:00,10:00,Machine Learning,Prof. Faculty 092,CO-299
32,Diploma,Computer Engineering,FY,1,A,Saturday,10:00,11:00,DBMS,Prof. Faculty 086,CO-309
33,Diploma,Computer Engineering,FY,1,A,Saturday,11:15,12:15,Java Programming,Prof. Faculty 103,CO-234
34,Diploma,Computer Engineering,FY,1,A,Saturday,12:15,01:15,Electrical Machines,Prof. Faculty 150,CO-210
35,Diploma,Computer Engineering,FY,1,A,Saturday,02:00,03:00,Cloud Computing,Prof. Faculty 246,CO-167
36,Diploma,Computer Engineering,FY,1,A,Saturday,03:00,04:00,Project Lab,Prof. Faculty 209,CO-184
37,Diploma,Computer Engineering,FY,1,B,Monday,09:00,10:00,Software Engineering,Prof. Faculty 205,CO-192
38,Diploma,Computer Engineering,FY,1,B,Monday,10:00,11:00,Physics,Prof. Faculty 064,CO-285
39,Diploma,Computer Engineering,FY,1,B,Monday,11:15,12:15,Data Structures,Prof. Faculty 188,CO-111
40,Diploma,Computer Engineering,FY,1,B,Monday,12:15,01:15,Electrical Machines,Prof. Faculty 001,CO-213
41,Diploma,Computer Engineering,FY,1,B,Monday,02:00,03:00,Software Engineering,Prof. Faculty 103,CO-200
42,Diploma,Computer Engineering,FY,1,B,Monday,03:00,04:00,Electrical Machines,Prof. Faculty 047,CO-255
43,Diploma,Computer Engineering,FY,1,B,Tuesday,09:00,10:00,Data Structures,Prof. Faculty 170,CO-303
44,Diploma,Computer Engineering,FY,1,B,Tuesday,10:00,11:00,Cyber Security,Prof. Faculty 026,CO-174
45,Diploma,Computer Engineering,FY,1,B,Tuesday,11:15,12:15,Data Structures,Prof. Faculty 055,CO-171
46,Diploma,Computer Engineering,FY,1,B,Tuesday,12:15,01:15,Digital Electronics,Prof. Faculty 080,CO-109
47,Diploma,Computer Engineering,FY,1,B,Tuesday,02:00,03:00,Electrical Machines,Prof. Faculty 055,CO-311
48,Diploma,Computer Engineering,FY,1,B,Tuesday,03:00,04:00,Software Engineering,Prof. Faculty 092,CO-303
49,Diploma,Computer Engineering,FY,1,B,Wednesday,09:00,10:00,Electrical Machines,Prof. Faculty 175,CO-250
50,Diploma,Computer Engineering,FY,1,B,Wednesday,10:00,11:00,Computer Networks,Prof. Faculty 203,CO-191
51,Diploma,Computer Engineering,FY,1,B,Wednesday,11:15,12:15,AI Fundamentals,Prof. Faculty 140,CO-222
52,Diploma,Computer Engineering,FY,1,B,Wednesday,12:15,01:15,CAD/CAM,Prof. Faculty 024,CO-267
53,Diploma,Computer Engineering,FY,1,B,Wednesday,02:00,03:00,Project Lab,Prof. Faculty 243,CO-294
54,Diploma,Computer Engineering,FY,1,B,Wednesday,03:00,04:00,Operating Systems,Prof. Faculty 143,CO-277
55,Diploma,Computer Engineering,FY,1,B,Thursday,09:00,10:00,DBMS,Prof. Faculty 037,CO-147
56,Diploma,Computer Engineering,FY,1,B,Thursday,10:00,11:00,Surveying,Prof. Faculty 025,CO-153
57,Diploma,Computer Engineering,FY,1,B,Thursday,11:15,12:15,Project Lab,Prof. Faculty 084,CO-250
58,Diploma,Computer Engineering,FY,1,B,Thursday,12:15,01:15,Cloud Computing,Prof. Faculty 070,CO-243
59,Diploma,Computer Engineering,FY,1,B,Thursday,02:00,03:00,Project Lab,Prof. Faculty 245,CO-302
60,Diploma,Computer Engineering,FY,1,B,Thursday,03:00,04:00,CAD/CAM,Prof. Faculty 193,CO-146
61,Diploma,Computer Engineering,FY,1,B,Friday,09:00,10:00,Python Programming,Prof. Faculty 078,CO-136
62,Diploma,Computer Engineering,FY,1,B,Friday,10:00,11:00,AI Fundamentals,Prof. Faculty 108,CO-227
63,Diploma,Computer Engineering,FY,1,B,Friday,11:15,12:15,AI Fundamentals,Prof. Faculty 189,CO-115
64,Diploma,Computer Engineering,FY,1,B,Friday,12:15,01:15,Data Structures,Prof. Faculty 142,CO-128
65,Diploma,Computer Engineering,FY,1,B,Friday,02:00,03:00,Mathematics,Prof. Faculty 138,CO-133
66,Diploma,Computer Engineering,FY,1,B,Friday,03:00,04:00,Project Lab,Prof. Faculty 116,CO-283
67,Diploma,Computer Engineering,FY,1,B,Saturday,09:00,10:00,DBMS,Prof. Faculty 171,CO-127
68,Diploma,Computer Engineering,FY,1,B,Saturday,10:00,11:00,Java Programming,Prof. Faculty 140,CO-214
69,Diploma,Computer Engineering,FY,1,B,Saturday,11:15,12:15,Operating Systems,Prof. Faculty 015,CO-160
70,Diploma,Computer Engineering,FY,1,B,Saturday,12:15,01:15,Data Structures,Prof. Faculty 242,CO-212
71,Diploma,Computer Engineering,FY,1,B,Saturday,02:00,03:00,Surveying,Prof. Faculty 153,CO-182
72,Diploma,Computer Engineering,FY,1,B,Saturday,03:00,04:00,Computer Networks,Prof. Faculty 213,CO-108
73,Diploma,Computer Engineering,FY,2,A,Monday,09:00,10:00,Operating Systems,Prof. Faculty 210,CO-110
74,Diploma,Computer Engineering,FY,2,A,Monday,10:00,11:00,Project Lab,Prof. Faculty 189,CO-110
75,Diploma,Computer Engineering,FY,2,A,Monday,11:15,12:15,Physics,Prof. Faculty 049,CO-206
76,Diploma,Computer Engineering,FY,2,A,Monday,12:15,01:15,Java Programming,Prof. Faculty 224,CO-219
77,Diploma,Computer Engineering,FY,2,A,Monday,02:00,03:00,Thermodynamics,Prof. Faculty 176,CO-310
78,Diploma,Computer Engineering,FY,2,A,Monday,03:00,04:00,Mathematics,Prof. Faculty 178,CO-275
79,Diploma,Computer Engineering,FY,2,A,Tuesday,09:00,10:00,Machine Learning,Prof. Faculty 103,CO-178
80,Diploma,Computer Engineering,FY,2,A,Tuesday,10:00,11:00,Data Structures,Prof. Faculty 126,CO-211
81,Diploma,Computer Engineering,FY,2,A,Tuesday,11:15,12:15,Machine Learning,Prof. Faculty 126,CO-266
82,Diploma,Computer Engineering,FY,2,A,Tuesday,12:15,01:15,Computer Networks,Prof. Faculty 045,CO-187
83,Diploma,Computer Engineering,FY,2,A,Tuesday,02:00,03:00,Cyber Security,Prof. Faculty 164,CO-174
84,Diploma,Computer Engineering,FY,2,A,Tuesday,03:00,04:00,Software Engineering,Prof. Faculty 207,CO-288
85,Diploma,Computer Engineering,FY,2,A,Wednesday,09:00,10:00,Web Development,Prof. Faculty 190,CO-172
86,Diploma,Computer Engineering,FY,2,A,Wednesday,10:00,11:00,AI Fundamentals,Prof. Faculty 194,CO-142
87,Diploma,Computer Engineering,FY,2,A,Wednesday,11:15,12:15,Python Programming,Prof. Faculty 043,CO-276
88,Diploma,Computer Engineering,FY,2,A,Wednesday,12:15,01:15,Java Programming,Prof. Faculty 001,CO-308
89,Diploma,Computer Engineering,FY,2,A,Wednesday,02:00,03:00,Electrical Machines,Prof. Faculty 072,CO-307
90,Diploma,Computer Engineering,FY,2,A,Wednesday,03:00,04:00,Cyber Security,Prof. Faculty 139,CO-139
91,Diploma,Computer Engineering,FY,2,A,Thursday,09:00,10:00,CAD/CAM,Prof. Faculty 044,CO-162
92,Diploma,Computer Engineering,FY,2,A,Thursday,10:00,11:00,Cyber Security,Prof. Faculty 239,CO-137
93,Diploma,Computer Engineering,FY,2,A,Thursday,11:15,12:15,Mathematics,Prof. Faculty 190,CO-245
94,Diploma,Computer Engineering,FY,2,A,Thursday,12:15,01:15,Data Structures,Prof. Faculty 160,CO-208
95,Diploma,Computer Engineering,FY,2,A,Thursday,02:00,03:00,Digital Electronics,Prof. Faculty 208,CO-128
96,Diploma,Computer Engineering,FY,2,A,Thursday,03:00,04:00,Web Development,Prof. Faculty 045,CO-266
97,Diploma,Computer Engineering,FY,2,A,Friday,09:00,10:00,Cyber Security,Prof. Faculty 180,CO-146
98,Diploma,Computer Engineering,FY,2,A,Friday,10:00,11:00,Digital Electronics,Prof. Faculty 197,CO-285
99,Diploma,Computer Engineering,FY,2,A,Friday,11:15,12:15,CAD/CAM,Prof. Faculty 137,CO-314
100,Diploma,Computer Engineering,FY,2,A,Friday,12:15,01:15,Cyber Security,Prof. Faculty 150,CO-208
101,Diploma,Computer Engineering,FY,2,A,Friday,02:00,03:00,Project Lab,Prof. Faculty 135,CO-165
102,Diploma,Computer Engineering,FY,2,A,Friday,03:00,04:00,Physics,Prof. Faculty 097,CO-242
103,Diploma,Computer Engineering,FY,2,A,Saturday,09:00,10:00,Cloud Computing,Prof. Faculty 071,CO-217
104,Diploma,Computer Engineering,FY,2,A,Saturday,10:00,11:00,Data Structures,Prof. Faculty 071,CO-152
105,Diploma,Computer Engineering,FY,2,A,Saturday,11:15,12:15,Electrical Machines,Prof. Faculty 141,CO-118
106,Diploma,Computer Engineering,FY,2,A,Saturday,12:15,01:15,Electrical Machines,Prof. Faculty 123,CO-196
107,Diploma,Computer Engineering,FY,2,A,Saturday,02:00,03:00,Operating Systems,Prof. Faculty 233,CO-253
108,Diploma,Computer Engineering,FY,2,A,Saturday,03:00,04:00,Physics,Prof. Faculty 233,CO-188
109,Diploma,Computer Engineering,FY,2,B,Monday,09:00,10:00,Data Structures,Prof. Faculty 246,CO-104
110,Diploma,Computer Engineering,FY,2,B,Monday,10:00,11:00,Machine Learning,Prof. Faculty 176,CO-237
111,Diploma,Computer Engineering,FY,2,B,Monday,11:15,12:15,CAD/CAM,Prof. Faculty 013,CO-127
112,Diploma,Computer Engineering,FY,2,B,Monday,12:15,01:15,CAD/CAM,Prof. Faculty 235,CO-169
113,Diploma,Computer Engineering,FY,2,B,Monday,02:00,03:00,AI Fundamentals,Prof. Faculty 207,CO-197
114,Diploma,Computer Engineering,FY,2,B,Monday,03:00,04:00,Python Programming,Prof. Faculty 168,CO-300
115,Diploma,Computer Engineering,FY,2,B,Tuesday,09:00,10:00,Python Programming,Prof. Faculty 234,CO-136
116,Diploma,Computer Engineering,FY,2,B,Tuesday,10:00,11:00,Project Lab,Prof. Faculty 225,CO-316
117,Diploma,Computer Engineering,FY,2,B,Tuesday,11:15,12:15,Surveying,Prof. Faculty 161,CO-274
118,Diploma,Computer Engineering,FY,2,B,Tuesday,12:15,01:15,Project Lab,Prof. Faculty 250,CO-203
119,Diploma,Computer Engineering,FY,2,B,Tuesday,02:00,03:00,Web Development,Prof. Faculty 171,CO-255
120,Diploma,Computer Engineering,FY,2,B,Tuesday,03:00,04:00,Electrical Machines,Prof. Faculty 139,CO-262
121,Diploma,Computer Engineering,FY,2,B,Wednesday,09:00,10:00,Computer Networks,Prof. Faculty 005,CO-160
122,Diploma,Computer Engineering,FY,2,B,Wednesday,10:00,11:00,Digital Electronics,Prof. Faculty 174,CO-111
123,Diploma,Computer Engineering,FY,2,B,Wednesday,11:15,12:15,Project Lab,Prof. Faculty 131,CO-175
124,Diploma,Computer Engineering,FY,2,B,Wednesday,12:15,01:15,Project Lab,Prof. Faculty 109,CO-217
125,Diploma,Computer Engineering,FY,2,B,Wednesday,02:00,03:00,Computer Networks,Prof. Faculty 028,CO-113
126,Diploma,Computer Engineering,FY,2,B,Wednesday,03:00,04:00,Thermodynamics,Prof. Faculty 246,CO-161
127,Diploma,Computer Engineering,FY,2,B,Thursday,09:00,10:00,Cyber Security,Prof. Faculty 096,CO-267
128,Diploma,Computer Engineering,FY,2,B,Thursday,10:00,11:00,Software Engineering,Prof. Faculty 130,CO-220
129,Diploma,Computer Engineering,FY,2,B,Thursday,11:15,12:15,Java Programming,Prof. Faculty 077,CO-255
130,Diploma,Computer Engineering,FY,2,B,Thursday,12:15,01:15,DBMS,Prof. Faculty 029,CO-152
131,Diploma,Computer Engineering,FY,2,B,Thursday,02:00,03:00,AI Fundamentals,Prof. Faculty 076,CO-319
132,Diploma,Computer Engineering,FY,2,B,Thursday,03:00,04:00,Web Development,Prof. Faculty 113,CO-179
133,Diploma,Computer Engineering,FY,2,B,Friday,09:00,10:00,Project Lab,Prof. Faculty 014,CO-301
134,Diploma,Computer Engineering,FY,2,B,Friday,10:00,11:00,Cloud Computing,Prof. Faculty 101,CO-260
135,Diploma,Computer Engineering,FY,2,B,Friday,11:15,12:15,Thermodynamics,Prof. Faculty 060,CO-293
136,Diploma,Computer Engineering,FY,2,B,Friday,12:15,01:15,Cyber Security,Prof. Faculty 131,CO-156
137,Diploma,Computer Engineering,FY,2,B,Friday,02:00,03:00,Cloud Computing,Prof. Faculty 097,CO-291
138,Diploma,Computer Engineering,FY,2,B,Friday,03:00,04:00,Software Engineering,Prof. Faculty 147,CO-220
139,Diploma,Computer Engineering,FY,2,B,Saturday,09:00,10:00,Mathematics,Prof. Faculty 182,CO-282
140,Diploma,Computer Engineering,FY,2,B,Saturday,10:00,11:00,Python Programming,Prof. Faculty 120,CO-255
141,Diploma,Computer Engineering,FY,2,B,Saturday,11:15,12:15,Cyber Security,Prof. Faculty 012,CO-247
142,Diploma,Computer Engineering,FY,2,B,Saturday,12:15,01:15,Machine Learning,Prof. Faculty 009,CO-237
143,Diploma,Computer Engineering,FY,2,B,Saturday,02:00,03:00,Thermodynamics,Prof. Faculty 030,CO-135
144,Diploma,Computer Engineering,FY,2,B,Saturday,03:00,04:00,Project Lab,Prof. Faculty 146,CO-276
145,Diploma,Computer Engineering,SY,3,A,Monday,09:00,10:00,Java Programming,Prof. Faculty 204,CO-243
146,Diploma,Computer Engineering,SY,3,A,Monday,10:00,11:00,Operating Systems,Prof. Faculty 232,CO-155
147,Diploma,Computer Engineering,SY,3,A,Monday,11:15,12:15,Surveying,Prof. Faculty 198,CO-175
148,Diploma,Computer Engineering,SY,3,A,Monday,12:15,01:15,Web Development,Prof. Faculty 005,CO-265
149,Diploma,Computer Engineering,SY,3,A,Monday,02:00,03:00,Software Engineering,Prof. Faculty 023,CO-131
150,Diploma,Computer Engineering,SY,3,A,Monday,03:00,04:00,Cloud Computing,Prof. Faculty 139,CO-202
151,Diploma,Computer Engineering,SY,3,A,Tuesday,09:00,10:00,Python Programming,Prof. Faculty 064,CO-235
152,Diploma,Computer Engineering,SY,3,A,Tuesday,10:00,11:00,Cloud Computing,Prof. Faculty 038,CO-222
153,Diploma,Computer Engineering,SY,3,A,Tuesday,11:15,12:15,Electrical Machines,Prof. Faculty 071,CO-213
154,Diploma,Computer Engineering,SY,3,A,Tuesday,12:15,01:15,Python Programming,Prof. Faculty 128,CO-276
155,Diploma,Computer Engineering,SY,3,A,Tuesday,02:00,03:00,AI Fundamentals,Prof. Faculty 145,CO-171
156,Diploma,Computer Engineering,SY,3,A,Tuesday,03:00,04:00,Cyber Security,Prof. Faculty 047,CO-126
157,Diploma,Computer Engineering,SY,3,A,Wednesday,09:00,10:00,Java Programming,Prof. Faculty 140,CO-178
158,Diploma,Computer Engineering,SY,3,A,Wednesday,10:00,11:00,Cloud Computing,Prof. Faculty 118,CO-276
159,Diploma,Computer Engineering,SY,3,A,Wednesday,11:15,12:15,AI Fundamentals,Prof. Faculty 165,CO-138
160,Diploma,Computer Engineering,SY,3,A,Wednesday,12:15,01:15,Web Development,Prof. Faculty 223,CO-130
161,Diploma,Computer Engineering,SY,3,A,Wednesday,02:00,03:00,Surveying,Prof. Faculty 248,CO-257
162,Diploma,Computer Engineering,SY,3,A,Wednesday,03:00,04:00,Project Lab,Prof. Faculty 204,CO-283
163,Diploma,Computer Engineering,SY,3,A,Thursday,09:00,10:00,DBMS,Prof. Faculty 093,CO-189
164,Diploma,Computer Engineering,SY,3,A,Thursday,10:00,11:00,Physics,Prof. Faculty 115,CO-165
165,Diploma,Computer Engineering,SY,3,A,Thursday,11:15,12:15,Physics,Prof. Faculty 159,CO-251
166,Diploma,Computer Engineering,SY,3,A,Thursday,12:15,01:15,Mathematics,Prof. Faculty 127,CO-105
167,Diploma,Computer Engineering,SY,3,A,Thursday,02:00,03:00,Operating Systems,Prof. Faculty 069,CO-189
168,Diploma,Computer Engineering,SY,3,A,Thursday,03:00,04:00,Data Structures,Prof. Faculty 031,CO-211
169,Diploma,Computer Engineering,SY,3,A,Friday,09:00,10:00,Cloud Computing,Prof. Faculty 206,CO-275
170,Diploma,Computer Engineering,SY,3,A,Friday,10:00,11:00,Digital Electronics,Prof. Faculty 192,CO-173
171,Diploma,Computer Engineering,SY,3,A,Friday,11:15,12:15,Python Programming,Prof. Faculty 175,CO-174
172,Diploma,Computer Engineering,SY,3,A,Friday,12:15,01:15,Surveying,Prof. Faculty 008,CO-259
173,Diploma,Computer Engineering,SY,3,A,Friday,02:00,03:00,Cyber Security,Prof. Faculty 220,CO-222
174,Diploma,Computer Engineering,SY,3,A,Friday,03:00,04:00,Digital Electronics,Prof. Faculty 172,CO-229
175,Diploma,Computer Engineering,SY,3,A,Saturday,09:00,10:00,Cyber Security,Prof. Faculty 133,CO-244
176,Diploma,Computer Engineering,SY,3,A,Saturday,10:00,11:00,Cyber Security,Prof. Faculty 016,CO-214
177,Diploma,Computer Engineering,SY,3,A,Saturday,11:15,12:15,Thermodynamics,Prof. Faculty 105,CO-235
178,Diploma,Computer Engineering,SY,3,A,Saturday,12:15,01:15,CAD/CAM,Prof. Faculty 100,CO-269
179,Diploma,Computer Engineering,SY,3,A,Saturday,02:00,03:00,Project Lab,Prof. Faculty 170,CO-213
180,Diploma,Computer Engineering,SY,3,A,Saturday,03:00,04:00,Digital Electronics,Prof. Faculty 044,CO-239
181,Diploma,Computer Engineering,SY,3,B,Monday,09:00,10:00,Project Lab,Prof. Faculty 222,CO-105
182,Diploma,Computer Engineering,SY,3,B,Monday,10:00,11:00,Physics,Prof. Faculty 137,CO-178
183,Diploma,Computer Engineering,SY,3,B,Monday,11:15,12:15,Mathematics,Prof. Faculty 092,CO-127
184,Diploma,Computer Engineering,SY,3,B,Monday,12:15,01:15,CAD/CAM,Prof. Faculty 054,CO-227
185,Diploma,Computer Engineering,SY,3,B,Monday,02:00,03:00,Machine Learning,Prof. Faculty 113,CO-194
186,Diploma,Computer Engineering,SY,3,B,Monday,03:00,04:00,Digital Electronics,Prof. Faculty 008,CO-182
187,Diploma,Computer Engineering,SY,3,B,Tuesday,09:00,10:00,Project Lab,Prof. Faculty 231,CO-257
188,Diploma,Computer Engineering,SY,3,B,Tuesday,10:00,11:00,AI Fundamentals,Prof. Faculty 134,CO-173
189,Diploma,Computer Engineering,SY,3,B,Tuesday,11:15,12:15,Physics,Prof. Faculty 068,CO-298
190,Diploma,Computer Engineering,SY,3,B,Tuesday,12:15,01:15,Project Lab,Prof. Faculty 209,CO-242
191,Diploma,Computer Engineering,SY,3,B,Tuesday,02:00,03:00,Thermodynamics,Prof. Faculty 135,CO-213
192,Diploma,Computer Engineering,SY,3,B,Tuesday,03:00,04:00,Surveying,Prof. Faculty 003,CO-294
193,Diploma,Computer Engineering,SY,3,B,Wednesday,09:00,10:00,Software Engineering,Prof. Faculty 157,CO-183
194,Diploma,Computer Engineering,SY,3,B,Wednesday,10:00,11:00,Software Engineering,Prof. Faculty 011,CO-282
195,Diploma,Computer Engineering,SY,3,B,Wednesday,11:15,12:15,Thermodynamics,Prof. Faculty 227,CO-272
196,Diploma,Computer Engineering,SY,3,B,Wednesday,12:15,01:15,CAD/CAM,Prof. Faculty 235,CO-294
197,Diploma,Computer Engineering,SY,3,B,Wednesday,02:00,03:00,Digital Electronics,Prof. Faculty 161,CO-226
198,Diploma,Computer Engineering,SY,3,B,Wednesday,03:00,04:00,DBMS,Prof. Faculty 094,CO-308
199,Diploma,Computer Engineering,SY,3,B,Thursday,09:00,10:00,Electrical Machines,Prof. Faculty 235,CO-201
200,Diploma,Computer Engineering,SY,3,B,Thursday,10:00,11:00,Computer Networks,Prof. Faculty 060,CO-117
201,Diploma,Computer Engineering,SY,3,B,Thursday,11:15,12:15,Cloud Computing,Prof. Faculty 111,CO-246
202,Diploma,Computer Engineering,SY,3,B,Thursday,12:15,01:15,Digital Electronics,Prof. Faculty 127,CO-111
203,Diploma,Computer Engineering,SY,3,B,Thursday,02:00,03:00,Mathematics,Prof. Faculty 139,CO-240
204,Diploma,Computer Engineering,SY,3,B,Thursday,03:00,04:00,Surveying,Prof. Faculty 035,CO-278
205,Diploma,Computer Engineering,SY,3,B,Friday,09:00,10:00,Data Structures,Prof. Faculty 240,CO-103
206,Diploma,Computer Engineering,SY,3,B,Friday,10:00,11:00,Java Programming,Prof. Faculty 247,CO-184
207,Diploma,Computer Engineering,SY,3,B,Friday,11:15,12:15,Surveying,Prof. Faculty 051,CO-195
208,Diploma,Computer Engineering,SY,3,B,Friday,12:15,01:15,CAD/CAM,Prof. Faculty 162,CO-159
209,Diploma,Computer Engineering,SY,3,B,Friday,02:00,03:00,Web Development,Prof. Faculty 196,CO-287
210,Diploma,Computer Engineering,SY,3,B,Friday,03:00,04:00,Data Structures,Prof. Faculty 209,CO-177
211,Diploma,Computer Engineering,SY,3,B,Saturday,09:00,10:00,Thermodynamics,Prof. Faculty 128,CO-285
212,Diploma,Computer Engineering,SY,3,B,Saturday,10:00,11:00,Project Lab,Prof. Faculty 137,CO-239
213,Diploma,Computer Engineering,SY,3,B,Saturday,11:15,12:15,Data Structures,Prof. Faculty 027,CO-192
214,Diploma,Computer Engineering,SY,3,B,Saturday,12:15,01:15,Physics,Prof. Faculty 243,CO-105
215,Diploma,Computer Engineering,SY,3,B,Saturday,02:00,03:00,Cloud Computing,Prof. Faculty 120,CO-312
216,Diploma,Computer Engineering,SY,3,B,Saturday,03:00,04:00,Software Engineering,Prof. Faculty 021,CO-189
217,Diploma,Computer Engineering,SY,4,A,Monday,09:00,10:00,Python Programming,Prof. Faculty 223,CO-280
218,Diploma,Computer Engineering,SY,4,A,Monday,10:00,11:00,Cyber Security,Prof. Faculty 153,CO-110
219,Diploma,Computer Engineering,SY,4,A,Monday,11:15,12:15,Digital Electronics,Prof. Faculty 192,CO-319
220,Diploma,Computer Engineering,SY,4,A,Monday,12:15,01:15,Mathematics,Prof. Faculty 018,CO-223
221,Diploma,Computer Engineering,SY,4,A,Monday,02:00,03:00,Web Development,Prof. Faculty 212,CO-170
222,Diploma,Computer Engineering,SY,4,A,Monday,03:00,04:00,Computer Networks,Prof. Faculty 028,CO-241
223,Diploma,Computer Engineering,SY,4,A,Tuesday,09:00,10:00,Electrical Machines,Prof. Faculty 053,CO-111
224,Diploma,Computer Engineering,SY,4,A,Tuesday,10:00,11:00,Surveying,Prof. Faculty 049,CO-308
225,Diploma,Computer Engineering,SY,4,A,Tuesday,11:15,12:15,CAD/CAM,Prof. Faculty 183,CO-188
226,Diploma,Computer Engineering,SY,4,A,Tuesday,12:15,01:15,Cyber Security,Prof. Faculty 191,CO-111
227,Diploma,Computer Engineering,SY,4,A,Tuesday,02:00,03:00,Python Programming,Prof. Faculty 002,CO-243
228,Diploma,Computer Engineering,SY,4,A,Tuesday,03:00,04:00,Operating Systems,Prof. Faculty 237,CO-320
229,Diploma,Computer Engineering,SY,4,A,Wednesday,09:00,10:00,AI Fundamentals,Prof. Faculty 139,CO-295
230,Diploma,Computer Engineering,SY,4,A,Wednesday,10:00,11:00,Web Development,Prof. Faculty 208,CO-243
231,Diploma,Computer Engineering,SY,4,A,Wednesday,11:15,12:15,Cloud Computing,Prof. Faculty 227,CO-319
232,Diploma,Computer Engineering,SY,4,A,Wednesday,12:15,01:15,Mathematics,Prof. Faculty 169,CO-299
233,Diploma,Computer Engineering,SY,4,A,Wednesday,02:00,03:00,Digital Electronics,Prof. Faculty 121,CO-238
234,Diploma,Computer Engineering,SY,4,A,Wednesday,03:00,04:00,Operating Systems,Prof. Faculty 199,CO-130
235,Diploma,Computer Engineering,SY,4,A,Thursday,09:00,10:00,AI Fundamentals,Prof. Faculty 054,CO-279
236,Diploma,Computer Engineering,SY,4,A,Thursday,10:00,11:00,Cloud Computing,Prof. Faculty 175,CO-141
237,Diploma,Computer Engineering,SY,4,A,Thursday,11:15,12:15,Software Engineering,Prof. Faculty 086,CO-270
238,Diploma,Computer Engineering,SY,4,A,Thursday,12:15,01:15,Operating Systems,Prof. Faculty 126,CO-210
239,Diploma,Computer Engineering,SY,4,A,Thursday,02:00,03:00,Computer Networks,Prof. Faculty 157,CO-248
240,Diploma,Computer Engineering,SY,4,A,Thursday,03:00,04:00,DBMS,Prof. Faculty 015,CO-296
241,Diploma,Computer Engineering,SY,4,A,Friday,09:00,10:00,Computer Networks,Prof. Faculty 074,CO-108
242,Diploma,Computer Engineering,SY,4,A,Friday,10:00,11:00,Mathematics,Prof. Faculty 176,CO-266
243,Diploma,Computer Engineering,SY,4,A,Friday,11:15,12:15,Digital Electronics,Prof. Faculty 070,CO-126
244,Diploma,Computer Engineering,SY,4,A,Friday,12:15,01:15,Electrical Machines,Prof. Faculty 245,CO-208
245,Diploma,Computer Engineering,SY,4,A,Friday,02:00,03:00,Python Programming,Prof. Faculty 007,CO-116
246,Diploma,Computer Engineering,SY,4,A,Friday,03:00,04:00,Machine Learning,Prof. Faculty 136,CO-304
247,Diploma,Computer Engineering,SY,4,A,Saturday,09:00,10:00,Surveying,Prof. Faculty 247,CO-306
248,Diploma,Computer Engineering,SY,4,A,Saturday,10:00,11:00,Digital Electronics,Prof. Faculty 058,CO-225
249,Diploma,Computer Engineering,SY,4,A,Saturday,11:15,12:15,Surveying,Prof. Faculty 024,CO-201
250,Diploma,Computer Engineering,SY,4,A,Saturday,12:15,01:15,Java Programming,Prof. Faculty 236,CO-256
251,Diploma,Computer Engineering,SY,4,A,Saturday,02:00,03:00,Cyber Security,Prof. Faculty 060,CO-117
252,Diploma,Computer Engineering,SY,4,A,Saturday,03:00,04:00,Physics,Prof. Faculty 216,CO-289
253,Diploma,Computer Engineering,SY,4,B,Monday,09:00,10:00,Cloud Computing,Prof. Faculty 213,CO-311
254,Diploma,Computer Engineering,SY,4,B,Monday,10:00,11:00,Software Engineering,Prof. Faculty 224,CO-243
255,Diploma,Computer Engineering,SY,4,B,Monday,11:15,12:15,Electrical Machines,Prof. Faculty 041,CO-240
256,Diploma,Computer Engineering,SY,4,B,Monday,12:15,01:15,Software Engineering,Prof. Faculty 066,CO-141
257,Diploma,Computer Engineering,SY,4,B,Monday,02:00,03:00,AI Fundamentals,Prof. Faculty 076,CO-281
258,Diploma,Computer Engineering,SY,4,B,Monday,03:00,04:00,Mathematics,Prof. Faculty 097,CO-200
259,Diploma,Computer Engineering,SY,4,B,Tuesday,09:00,10:00,Machine Learning,Prof. Faculty 010,CO-196
260,Diploma,Computer Engineering,SY,4,B,Tuesday,10:00,11:00,Digital Electronics,Prof. Faculty 165,CO-111
261,Diploma,Computer Engineering,SY,4,B,Tuesday,11:15,12:15,CAD/CAM,Prof. Faculty 164,CO-209
262,Diploma,Computer Engineering,SY,4,B,Tuesday,12:15,01:15,Computer Networks,Prof. Faculty 127,CO-315
263,Diploma,Computer Engineering,SY,4,B,Tuesday,02:00,03:00,Software Engineering,Prof. Faculty 166,CO-223
264,Diploma,Computer Engineering,SY,4,B,Tuesday,03:00,04:00,CAD/CAM,Prof. Faculty 163,CO-253
265,Diploma,Computer Engineering,SY,4,B,Wednesday,09:00,10:00,Python Programming,Prof. Faculty 181,CO-172
266,Diploma,Computer Engineering,SY,4,B,Wednesday,10:00,11:00,Physics,Prof. Faculty 229,CO-254
267,Diploma,Computer Engineering,SY,4,B,Wednesday,11:15,12:15,Mathematics,Prof. Faculty 186,CO-223
268,Diploma,Computer Engineering,SY,4,B,Wednesday,12:15,01:15,Physics,Prof. Faculty 019,CO-130
269,Diploma,Computer Engineering,SY,4,B,Wednesday,02:00,03:00,DBMS,Prof. Faculty 152,CO-218
270,Diploma,Computer Engineering,SY,4,B,Wednesday,03:00,04:00,Machine Learning,Prof. Faculty 095,CO-148
271,Diploma,Computer Engineering,SY,4,B,Thursday,09:00,10:00,AI Fundamentals,Prof. Faculty 034,CO-214
272,Diploma,Computer Engineering,SY,4,B,Thursday,10:00,11:00,DBMS,Prof. Faculty 136,CO-301
273,Diploma,Computer Engineering,SY,4,B,Thursday,11:15,12:15,Operating Systems,Prof. Faculty 019,CO-166
274,Diploma,Computer Engineering,SY,4,B,Thursday,12:15,01:15,Surveying,Prof. Faculty 091,CO-126
275,Diploma,Computer Engineering,SY,4,B,Thursday,02:00,03:00,Thermodynamics,Prof. Faculty 090,CO-200
276,Diploma,Computer Engineering,SY,4,B,Thursday,03:00,04:00,Web Development,Prof. Faculty 057,CO-206
277,Diploma,Computer Engineering,SY,4,B,Friday,09:00,10:00,AI Fundamentals,Prof. Faculty 101,CO-288
278,Diploma,Computer Engineering,SY,4,B,Friday,10:00,11:00,AI Fundamentals,Prof. Faculty 102,CO-110
279,Diploma,Computer Engineering,SY,4,B,Friday,11:15,12:15,Cyber Security,Prof. Faculty 202,CO-167
280,Diploma,Computer Engineering,SY,4,B,Friday,12:15,01:15,Cyber Security,Prof. Faculty 121,CO-136
281,Diploma,Computer Engineering,SY,4,B,Friday,02:00,03:00,Operating Systems,Prof. Faculty 138,CO-148
282,Diploma,Computer Engineering,SY,4,B,Friday,03:00,04:00,Project Lab,Prof. Faculty 022,CO-154
283,Diploma,Computer Engineering,SY,4,B,Saturday,09:00,10:00,Operating Systems,Prof. Faculty 035,CO-286
284,Diploma,Computer Engineering,SY,4,B,Saturday,10:00,11:00,Data Structures,Prof. Faculty 141,CO-258
285,Diploma,Computer Engineering,SY,4,B,Saturday,11:15,12:15,AI Fundamentals,Prof. Faculty 219,CO-139
286,Diploma,Computer Engineering,SY,4,B,Saturday,12:15,01:15,Web Development,Prof. Faculty 012,CO-238
287,Diploma,Computer Engineering,SY,4,B,Saturday,02:00,03:00,Software Engineering,Prof. Faculty 052,CO-256
288,Diploma,Computer Engineering,SY,4,B,Saturday,03:00,04:00,Project Lab,Prof. Faculty 230,CO-289
289,Diploma,Computer Engineering,TY,5,A,Monday,09:00,10:00,Mathematics,Prof. Faculty 108,CO-315
290,Diploma,Computer Engineering,TY,5,A,Monday,10:00,11:00,Cyber Security,Prof. Faculty 114,CO-308
291,Diploma,Computer Engineering,TY,5,A,Monday,11:15,12:15,Python Programming,Prof. Faculty 010,CO-213
292,Diploma,Computer Engineering,TY,5,A,Monday,12:15,01:15,CAD/CAM,Prof. Faculty 077,CO-185
293,Diploma,Computer Engineering,TY,5,A,Monday,02:00,03:00,AI Fundamentals,Prof. Faculty 007,CO-305
294,Diploma,Computer Engineering,TY,5,A,Monday,03:00,04:00,Digital Electronics,Prof. Faculty 211,CO-216
295,Diploma,Computer Engineering,TY,5,A,Tuesday,09:00,10:00,CAD/CAM,Prof. Faculty 073,CO-292
296,Diploma,Computer Engineering,TY,5,A,Tuesday,10:00,11:00,Project Lab,Prof. Faculty 165,CO-229
297,Diploma,Computer Engineering,TY,5,A,Tuesday,11:15,12:15,Python Programming,Prof. Faculty 014,CO-181
298,Diploma,Computer Engineering,TY,5,A,Tuesday,12:15,01:15,Data Structures,Prof. Faculty 170,CO-158
299,Diploma,Computer Engineering,TY,5,A,Tuesday,02:00,03:00,Surveying,Prof. Faculty 109,CO-301
300,Diploma,Computer Engineering,TY,5,A,Tuesday,03:00,04:00,AI Fundamentals,Prof. Faculty 051,CO-151
301,Diploma,Computer Engineering,TY,5,A,Wednesday,09:00,10:00,Thermodynamics,Prof. Faculty 015,CO-119
302,Diploma,Computer Engineering,TY,5,A,Wednesday,10:00,11:00,Data Structures,Prof. Faculty 244,CO-146
303,Diploma,Computer Engineering,TY,5,A,Wednesday,11:15,12:15,Physics,Prof. Faculty 044,CO-215
304,Diploma,Computer Engineering,TY,5,A,Wednesday,12:15,01:15,Web Development,Prof. Faculty 239,CO-149
305,Diploma,Computer Engineering,TY,5,A,Wednesday,02:00,03:00,Surveying,Prof. Faculty 048,CO-175
306,Diploma,Computer Engineering,TY,5,A,Wednesday,03:00,04:00,Surveying,Prof. Faculty 227,CO-193
307,Diploma,Computer Engineering,TY,5,A,Thursday,09:00,10:00,Cloud Computing,Prof. Faculty 072,CO-314
308,Diploma,Computer Engineering,TY,5,A,Thursday,10:00,11:00,Thermodynamics,Prof. Faculty 154,CO-267
309,Diploma,Computer Engineering,TY,5,A,Thursday,11:15,12:15,CAD/CAM,Prof. Faculty 085,CO-110
310,Diploma,Computer Engineering,TY,5,A,Thursday,12:15,01:15,Java Programming,Prof. Faculty 097,CO-162
311,Diploma,Computer Engineering,TY,5,A,Thursday,02:00,03:00,Web Development,Prof. Faculty 050,CO-233
312,Diploma,Computer Engineering,TY,5,A,Thursday,03:00,04:00,Cloud Computing,Prof. Faculty 147,CO-196
313,Diploma,Computer Engineering,TY,5,A,Friday,09:00,10:00,Digital Electronics,Prof. Faculty 163,CO-189
314,Diploma,Computer Engineering,TY,5,A,Friday,10:00,11:00,Computer Networks,Prof. Faculty 127,CO-177
315,Diploma,Computer Engineering,TY,5,A,Friday,11:15,12:15,Cyber Security,Prof. Faculty 038,CO-135
316,Diploma,Computer Engineering,TY,5,A,Friday,12:15,01:15,Computer Networks,Prof. Faculty 192,CO-276
317,Diploma,Computer Engineering,TY,5,A,Friday,02:00,03:00,Operating Systems,Prof. Faculty 243,CO-161
318,Diploma,Computer Engineering,TY,5,A,Friday,03:00,04:00,Machine Learning,Prof. Faculty 175,CO-183
319,Diploma,Computer Engineering,TY,5,A,Saturday,09:00,10:00,Project Lab,Prof. Faculty 014,CO-214
320,Diploma,Computer Engineering,TY,5,A,Saturday,10:00,11:00,Physics,Prof. Faculty 198,CO-285
321,Diploma,Computer Engineering,TY,5,A,Saturday,11:15,12:15,Software Engineering,Prof. Faculty 221,CO-146
322,Diploma,Computer Engineering,TY,5,A,Saturday,12:15,01:15,Surveying,Prof. Faculty 099,CO-145
323,Diploma,Computer Engineering,TY,5,A,Saturday,02:00,03:00,Physics,Prof. Faculty 136,CO-228
324,Diploma,Computer Engineering,TY,5,A,Saturday,03:00,04:00,Data Structures,Prof. Faculty 066,CO-315
325,Diploma,Computer Engineering,TY,5,B,Monday,09:00,10:00,Operating Systems,Prof. Faculty 137,CO-197
326,Diploma,Computer Engineering,TY,5,B,Monday,10:00,11:00,Cloud Computing,Prof. Faculty 203,CO-238
327,Diploma,Computer Engineering,TY,5,B,Monday,11:15,12:15,CAD/CAM,Prof. Faculty 248,CO-219
328,Diploma,Computer Engineering,TY,5,B,Monday,12:15,01:15,Mathematics,Prof. Faculty 098,CO-164
329,Diploma,Computer Engineering,TY,5,B,Monday,02:00,03:00,Physics,Prof. Faculty 116,CO-161
330,Diploma,Computer Engineering,TY,5,B,Monday,03:00,04:00,Java Programming,Prof. Faculty 091,CO-191
331,Diploma,Computer Engineering,TY,5,B,Tuesday,09:00,10:00,Cyber Security,Prof. Faculty 205,CO-265
332,Diploma,Computer Engineering,TY,5,B,Tuesday,10:00,11:00,Thermodynamics,Prof. Faculty 099,CO-185
333,Diploma,Computer Engineering,TY,5,B,Tuesday,11:15,12:15,Computer Networks,Prof. Faculty 193,CO-313
334,Diploma,Computer Engineering,TY,5,B,Tuesday,12:15,01:15,Web Development,Prof. Faculty 187,CO-157
335,Diploma,Computer Engineering,TY,5,B,Tuesday,02:00,03:00,Computer Networks,Prof. Faculty 007,CO-116
336,Diploma,Computer Engineering,TY,5,B,Tuesday,03:00,04:00,Digital Electronics,Prof. Faculty 176,CO-154
337,Diploma,Computer Engineering,TY,5,B,Wednesday,09:00,10:00,Surveying,Prof. Faculty 172,CO-225
338,Diploma,Computer Engineering,TY,5,B,Wednesday,10:00,11:00,Mathematics,Prof. Faculty 233,CO-227
339,Diploma,Computer Engineering,TY,5,B,Wednesday,11:15,12:15,Software Engineering,Prof. Faculty 033,CO-158
340,Diploma,Computer Engineering,TY,5,B,Wednesday,12:15,01:15,Mathematics,Prof. Faculty 227,CO-292
341,Diploma,Computer Engineering,TY,5,B,Wednesday,02:00,03:00,Digital Electronics,Prof. Faculty 077,CO-193
342,Diploma,Computer Engineering,TY,5,B,Wednesday,03:00,04:00,Thermodynamics,Prof. Faculty 244,CO-164
343,Diploma,Computer Engineering,TY,5,B,Thursday,09:00,10:00,Thermodynamics,Prof. Faculty 174,CO-307
344,Diploma,Computer Engineering,TY,5,B,Thursday,10:00,11:00,Data Structures,Prof. Faculty 151,CO-256
345,Diploma,Computer Engineering,TY,5,B,Thursday,11:15,12:15,CAD/CAM,Prof. Faculty 059,CO-109
346,Diploma,Computer Engineering,TY,5,B,Thursday,12:15,01:15,Web Development,Prof. Faculty 034,CO-262
347,Diploma,Computer Engineering,TY,5,B,Thursday,02:00,03:00,Physics,Prof. Faculty 079,CO-106
348,Diploma,Computer Engineering,TY,5,B,Thursday,03:00,04:00,Cloud Computing,Prof. Faculty 231,CO-278
349,Diploma,Computer Engineering,TY,5,B,Friday,09:00,10:00,Electrical Machines,Prof. Faculty 185,CO-150
350,Diploma,Computer Engineering,TY,5,B,Friday,10:00,11:00,Digital Electronics,Prof. Faculty 154,CO-253
351,Diploma,Computer Engineering,TY,5,B,Friday,11:15,12:15,Machine Learning,Prof. Faculty 078,CO-104
352,Diploma,Computer Engineering,TY,5,B,Friday,12:15,01:15,Data Structures,Prof. Faculty 152,CO-159
353,Diploma,Computer Engineering,TY,5,B,Friday,02:00,03:00,Project Lab,Prof. Faculty 008,CO-117
354,Diploma,Computer Engineering,TY,5,B,Friday,03:00,04:00,Surveying,Prof. Faculty 168,CO-104
355,Diploma,Computer Engineering,TY,5,B,Saturday,09:00,10:00,Physics,Prof. Faculty 047,CO-188
356,Diploma,Computer Engineering,TY,5,B,Saturday,10:00,11:00,Physics,Prof. Faculty 250,CO-112
357,Diploma,Computer Engineering,TY,5,B,Saturday,11:15,12:15,Mathematics,Prof. Faculty 211,CO-200
358,Diploma,Computer Engineering,TY,5,B,Saturday,12:15,01:15,Python Programming,Prof. Faculty 114,CO-238
359,Diploma,Computer Engineering,TY,5,B,Saturday,02:00,03:00,Project Lab,Prof. Faculty 119,CO-218
360,Diploma,Computer Engineering,TY,5,B,Saturday,03:00,04:00,Electrical Machines,Prof. Faculty 139,CO-300
361,Diploma,Computer Engineering,TY,6,A,Monday,09:00,10:00,Software Engineering,Prof. Faculty 150,CO-188
362,Diploma,Computer Engineering,TY,6,A,Monday,10:00,11:00,Thermodynamics,Prof. Faculty 067,CO-143
363,Diploma,Computer Engineering,TY,6,A,Monday,11:15,12:15,Operating Systems,Prof. Faculty 067,CO-309
364,Diploma,Computer Engineering,TY,6,A,Monday,12:15,01:15,Web Development,Prof. Faculty 010,CO-285
365,Diploma,Computer Engineering,TY,6,A,Monday,02:00,03:00,Digital Electronics,Prof. Faculty 156,CO-297
366,Diploma,Computer Engineering,TY,6,A,Monday,03:00,04:00,Software Engineering,Prof. Faculty 231,CO-216
367,Diploma,Computer Engineering,TY,6,A,Tuesday,09:00,10:00,Machine Learning,Prof. Faculty 166,CO-270
368,Diploma,Computer Engineering,TY,6,A,Tuesday,10:00,11:00,Java Programming,Prof. Faculty 242,CO-114
369,Diploma,Computer Engineering,TY,6,A,Tuesday,11:15,12:15,Python Programming,Prof. Faculty 084,CO-184
370,Diploma,Computer Engineering,TY,6,A,Tuesday,12:15,01:15,Cyber Security,Prof. Faculty 065,CO-278
371,Diploma,Computer Engineering,TY,6,A,Tuesday,02:00,03:00,Data Structures,Prof. Faculty 062,CO-108
372,Diploma,Computer Engineering,TY,6,A,Tuesday,03:00,04:00,DBMS,Prof. Faculty 183,CO-210
373,Diploma,Computer Engineering,TY,6,A,Wednesday,09:00,10:00,Web Development,Prof. Faculty 061,CO-158
374,Diploma,Computer Engineering,TY,6,A,Wednesday,10:00,11:00,Mathematics,Prof. Faculty 033,CO-214
375,Diploma,Computer Engineering,TY,6,A,Wednesday,11:15,12:15,CAD/CAM,Prof. Faculty 175,CO-256
376,Diploma,Computer Engineering,TY,6,A,Wednesday,12:15,01:15,Electrical Machines,Prof. Faculty 172,CO-289
377,Diploma,Computer Engineering,TY,6,A,Wednesday,02:00,03:00,Surveying,Prof. Faculty 142,CO-163
378,Diploma,Computer Engineering,TY,6,A,Wednesday,03:00,04:00,Mathematics,Prof. Faculty 040,CO-125
379,Diploma,Computer Engineering,TY,6,A,Thursday,09:00,10:00,Software Engineering,Prof. Faculty 037,CO-125
380,Diploma,Computer Engineering,TY,6,A,Thursday,10:00,11:00,AI Fundamentals,Prof. Faculty 103,CO-188
381,Diploma,Computer Engineering,TY,6,A,Thursday,11:15,12:15,Operating Systems,Prof. Faculty 198,CO-287
382,Diploma,Computer Engineering,TY,6,A,Thursday,12:15,01:15,Mathematics,Prof. Faculty 101,CO-143
383,Diploma,Computer Engineering,TY,6,A,Thursday,02:00,03:00,DBMS,Prof. Faculty 205,CO-148
384,Diploma,Computer Engineering,TY,6,A,Thursday,03:00,04:00,Computer Networks,Prof. Faculty 059,CO-285
385,Diploma,Computer Engineering,TY,6,A,Friday,09:00,10:00,Python Programming,Prof. Faculty 239,CO-296
386,Diploma,Computer Engineering,TY,6,A,Friday,10:00,11:00,Project Lab,Prof. Faculty 222,CO-303
387,Diploma,Computer Engineering,TY,6,A,Friday,11:15,12:15,Machine Learning,Prof. Faculty 181,CO-267
388,Diploma,Computer Engineering,TY,6,A,Friday,12:15,01:15,Cloud Computing,Prof. Faculty 243,CO-221
389,Diploma,Computer Engineering,TY,6,A,Friday,02:00,03:00,Electrical Machines,Prof. Faculty 237,CO-278
390,Diploma,Computer Engineering,TY,6,A,Friday,03:00,04:00,Machine Learning,Prof. Faculty 005,CO-170
391,Diploma,Computer Engineering,TY,6,A,Saturday,09:00,10:00,AI Fundamentals,Prof. Faculty 081,CO-311
392,Diploma,Computer Engineering,TY,6,A,Saturday,10:00,11:00,Data Structures,Prof. Faculty 165,CO-220
393,Diploma,Computer Engineering,TY,6,A,Saturday,11:15,12:15,Software Engineering,Prof. Faculty 061,CO-273
394,Diploma,Computer Engineering,TY,6,A,Saturday,12:15,01:15,Operating Systems,Prof. Faculty 047,CO-248
395,Diploma,Computer Engineering,TY,6,A,Saturday,02:00,03:00,Java Programming,Prof. Faculty 174,CO-172
396,Diploma,Computer Engineering,TY,6,A,Saturday,03:00,04:00,Cloud Computing,Prof. Faculty 152,CO-241
397,Diploma,Computer Engineering,TY,6,B,Monday,09:00,10:00,Software Engineering,Prof. Faculty 152,CO-146
398,Diploma,Computer Engineering,TY,6,B,Monday,10:00,11:00,Software Engineering,Prof. Faculty 190,CO-104
399,Diploma,Computer Engineering,TY,6,B,Monday,11:15,12:15,CAD/CAM,Prof. Faculty 015,CO-285
400,Diploma,Computer Engineering,TY,6,B,Monday,12:15,01:15,Thermodynamics,Prof. Faculty 125,CO-315
401,Diploma,Computer Engineering,TY,6,B,Monday,02:00,03:00,Data Structures,Prof. Faculty 059,CO-192
402,Diploma,Computer Engineering,TY,6,B,Monday,03:00,04:00,Data Structures,Prof. Faculty 073,CO-272
403,Diploma,Computer Engineering,TY,6,B,Tuesday,09:00,10:00,Surveying,Prof. Faculty 137,CO-179
404,Diploma,Computer Engineering,TY,6,B,Tuesday,10:00,11:00,Surveying,Prof. Faculty 111,CO-124
405,Diploma,Computer Engineering,TY,6,B,Tuesday,11:15,12:15,Mathematics,Prof. Faculty 029,CO-293
406,Diploma,Computer Engineering,TY,6,B,Tuesday,12:15,01:15,Project Lab,Prof. Faculty 150,CO-178
407,Diploma,Computer Engineering,TY,6,B,Tuesday,02:00,03:00,Cloud Computing,Prof. Faculty 122,CO-166
408,Diploma,Computer Engineering,TY,6,B,Tuesday,03:00,04:00,Physics,Prof. Faculty 041,CO-186
409,Diploma,Computer Engineering,TY,6,B,Wednesday,09:00,10:00,Python Programming,Prof. Faculty 002,CO-254
410,Diploma,Computer Engineering,TY,6,B,Wednesday,10:00,11:00,Web Development,Prof. Faculty 201,CO-138
411,Diploma,Computer Engineering,TY,6,B,Wednesday,11:15,12:15,Digital Electronics,Prof. Faculty 151,CO-230
412,Diploma,Computer Engineering,TY,6,B,Wednesday,12:15,01:15,Computer Networks,Prof. Faculty 160,CO-255
413,Diploma,Computer Engineering,TY,6,B,Wednesday,02:00,03:00,Digital Electronics,Prof. Faculty 099,CO-212
414,Diploma,Computer Engineering,TY,6,B,Wednesday,03:00,04:00,CAD/CAM,Prof. Faculty 112,CO-185
415,Diploma,Computer Engineering,TY,6,B,Thursday,09:00,10:00,AI Fundamentals,Prof. Faculty 141,CO-153
416,Diploma,Computer Engineering,TY,6,B,Thursday,10:00,11:00,Computer Networks,Prof. Faculty 136,CO-140
417,Diploma,Computer Engineering,TY,6,B,Thursday,11:15,12:15,DBMS,Prof. Faculty 139,CO-112
418,Diploma,Computer Engineering,TY,6,B,Thursday,12:15,01:15,Surveying,Prof. Faculty 159,CO-156
419,Diploma,Computer Engineering,TY,6,B,Thursday,02:00,03:00,Project Lab,Prof. Faculty 194,CO-228
420,Diploma,Computer Engineering,TY,6,B,Thursday,03:00,04:00,CAD/CAM,Prof. Faculty 059,CO-118
421,Diploma,Computer Engineering,TY,6,B,Friday,09:00,10:00,Data Structures,Prof. Faculty 044,CO-171
422,Diploma,Computer Engineering,TY,6,B,Friday,10:00,11:00,Cloud Computing,Prof. Faculty 215,CO-139
423,Diploma,Computer Engineering,TY,6,B,Friday,11:15,12:15,Operating Systems,Prof. Faculty 116,CO-236
424,Diploma,Computer Engineering,TY,6,B,Friday,12:15,01:15,Thermodynamics,Prof. Faculty 174,CO-219
425,Diploma,Computer Engineering,TY,6,B,Friday,02:00,03:00,Electrical Machines,Prof. Faculty 216,CO-113
426,Diploma,Computer Engineering,TY,6,B,Friday,03:00,04:00,Java Programming,Prof. Faculty 011,CO-251
427,Diploma,Computer Engineering,TY,6,B,Saturday,09:00,10:00,Operating Systems,Prof. Faculty 144,CO-268
428,Diploma,Computer Engineering,TY,6,B,Saturday,10:00,11:00,Computer Networks,Prof. Faculty 071,CO-250
429,Diploma,Computer Engineering,TY,6,B,Saturday,11:15,12:15,Physics,Prof. Faculty 137,CO-237
430,Diploma,Computer Engineering,TY,6,B,Saturday,12:15,01:15,Digital Electronics,Prof. Faculty 160,CO-218
431,Diploma,Computer Engineering,TY,6,B,Saturday,02:00,03:00,Cloud Computing,Prof. Faculty 065,CO-207
432,Diploma,Computer Engineering,TY,6,B,Saturday,03:00,04:00,Python Programming,Prof. Faculty 060,CO-120
433,Diploma,Civil Engineering,FY,1,A,Monday,09:00,10:00,Machine Learning,Prof. Faculty 092,CI-117
434,Diploma,Civil Engineering,FY,1,A,Monday,10:00,11:00,Mathematics,Prof. Faculty 059,CI-172
435,Diploma,Civil Engineering,FY,1,A,Monday,11:15,12:15,Physics,Prof. Faculty 077,CI-202
436,Diploma,Civil Engineering,FY,1,A,Monday,12:15,01:15,Surveying,Prof. Faculty 234,CI-163
437,Diploma,Civil Engineering,FY,1,A,Monday,02:00,03:00,Project Lab,Prof. Faculty 197,CI-159
438,Diploma,Civil Engineering,FY,1,A,Monday,03:00,04:00,Software Engineering,Prof. Faculty 212,CI-156
439,Diploma,Civil Engineering,FY,1,A,Tuesday,09:00,10:00,Electrical Machines,Prof. Faculty 230,CI-119
440,Diploma,Civil Engineering,FY,1,A,Tuesday,10:00,11:00,Web Development,Prof. Faculty 166,CI-292
441,Diploma,Civil Engineering,FY,1,A,Tuesday,11:15,12:15,Cloud Computing,Prof. Faculty 157,CI-288
442,Diploma,Civil Engineering,FY,1,A,Tuesday,12:15,01:15,DBMS,Prof. Faculty 069,CI-124
443,Diploma,Civil Engineering,FY,1,A,Tuesday,02:00,03:00,Physics,Prof. Faculty 011,CI-132
444,Diploma,Civil Engineering,FY,1,A,Tuesday,03:00,04:00,Java Programming,Prof. Faculty 115,CI-157
445,Diploma,Civil Engineering,FY,1,A,Wednesday,09:00,10:00,DBMS,Prof. Faculty 219,CI-226
446,Diploma,Civil Engineering,FY,1,A,Wednesday,10:00,11:00,Cloud Computing,Prof. Faculty 218,CI-172
447,Diploma,Civil Engineering,FY,1,A,Wednesday,11:15,12:15,DBMS,Prof. Faculty 003,CI-200
448,Diploma,Civil Engineering,FY,1,A,Wednesday,12:15,01:15,Python Programming,Prof. Faculty 036,CI-186
449,Diploma,Civil Engineering,FY,1,A,Wednesday,02:00,03:00,Computer Networks,Prof. Faculty 182,CI-192
450,Diploma,Civil Engineering,FY,1,A,Wednesday,03:00,04:00,Project Lab,Prof. Faculty 121,CI-290
451,Diploma,Civil Engineering,FY,1,A,Thursday,09:00,10:00,Cyber Security,Prof. Faculty 185,CI-232
452,Diploma,Civil Engineering,FY,1,A,Thursday,10:00,11:00,Cloud Computing,Prof. Faculty 119,CI-139
453,Diploma,Civil Engineering,FY,1,A,Thursday,11:15,12:15,Cyber Security,Prof. Faculty 076,CI-208
454,Diploma,Civil Engineering,FY,1,A,Thursday,12:15,01:15,Python Programming,Prof. Faculty 186,CI-286
455,Diploma,Civil Engineering,FY,1,A,Thursday,02:00,03:00,Surveying,Prof. Faculty 021,CI-263
456,Diploma,Civil Engineering,FY,1,A,Thursday,03:00,04:00,Computer Networks,Prof. Faculty 063,CI-304
457,Diploma,Civil Engineering,FY,1,A,Friday,09:00,10:00,AI Fundamentals,Prof. Faculty 151,CI-108
458,Diploma,Civil Engineering,FY,1,A,Friday,10:00,11:00,Surveying,Prof. Faculty 138,CI-284
459,Diploma,Civil Engineering,FY,1,A,Friday,11:15,12:15,Computer Networks,Prof. Faculty 226,CI-278
460,Diploma,Civil Engineering,FY,1,A,Friday,12:15,01:15,Electrical Machines,Prof. Faculty 153,CI-215
461,Diploma,Civil Engineering,FY,1,A,Friday,02:00,03:00,Surveying,Prof. Faculty 175,CI-217
462,Diploma,Civil Engineering,FY,1,A,Friday,03:00,04:00,Java Programming,Prof. Faculty 205,CI-271
463,Diploma,Civil Engineering,FY,1,A,Saturday,09:00,10:00,Physics,Prof. Faculty 022,CI-163
464,Diploma,Civil Engineering,FY,1,A,Saturday,10:00,11:00,AI Fundamentals,Prof. Faculty 157,CI-148
465,Diploma,Civil Engineering,FY,1,A,Saturday,11:15,12:15,Physics,Prof. Faculty 231,CI-158
466,Diploma,Civil Engineering,FY,1,A,Saturday,12:15,01:15,CAD/CAM,Prof. Faculty 197,CI-169
467,Diploma,Civil Engineering,FY,1,A,Saturday,02:00,03:00,Digital Electronics,Prof. Faculty 049,CI-112
468,Diploma,Civil Engineering,FY,1,A,Saturday,03:00,04:00,Digital Electronics,Prof. Faculty 226,CI-103
469,Diploma,Civil Engineering,FY,1,B,Monday,09:00,10:00,Physics,Prof. Faculty 177,CI-174
470,Diploma,Civil Engineering,FY,1,B,Monday,10:00,11:00,Mathematics,Prof. Faculty 174,CI-319
471,Diploma,Civil Engineering,FY,1,B,Monday,11:15,12:15,Cyber Security,Prof. Faculty 128,CI-279
472,Diploma,Civil Engineering,FY,1,B,Monday,12:15,01:15,Physics,Prof. Faculty 221,CI-304
473,Diploma,Civil Engineering,FY,1,B,Monday,02:00,03:00,Electrical Machines,Prof. Faculty 037,CI-296
474,Diploma,Civil Engineering,FY,1,B,Monday,03:00,04:00,Java Programming,Prof. Faculty 143,CI-228
475,Diploma,Civil Engineering,FY,1,B,Tuesday,09:00,10:00,Physics,Prof. Faculty 209,CI-275
476,Diploma,Civil Engineering,FY,1,B,Tuesday,10:00,11:00,Computer Networks,Prof. Faculty 153,CI-241
477,Diploma,Civil Engineering,FY,1,B,Tuesday,11:15,12:15,Computer Networks,Prof. Faculty 037,CI-312
478,Diploma,Civil Engineering,FY,1,B,Tuesday,12:15,01:15,Thermodynamics,Prof. Faculty 044,CI-109
479,Diploma,Civil Engineering,FY,1,B,Tuesday,02:00,03:00,Digital Electronics,Prof. Faculty 156,CI-115
480,Diploma,Civil Engineering,FY,1,B,Tuesday,03:00,04:00,Surveying,Prof. Faculty 130,CI-148
481,Diploma,Civil Engineering,FY,1,B,Wednesday,09:00,10:00,AI Fundamentals,Prof. Faculty 068,CI-274
482,Diploma,Civil Engineering,FY,1,B,Wednesday,10:00,11:00,Computer Networks,Prof. Faculty 115,CI-226
483,Diploma,Civil Engineering,FY,1,B,Wednesday,11:15,12:15,Computer Networks,Prof. Faculty 122,CI-294
484,Diploma,Civil Engineering,FY,1,B,Wednesday,12:15,01:15,Mathematics,Prof. Faculty 096,CI-172
485,Diploma,Civil Engineering,FY,1,B,Wednesday,02:00,03:00,Project Lab,Prof. Faculty 063,CI-248
486,Diploma,Civil Engineering,FY,1,B,Wednesday,03:00,04:00,Web Development,Prof. Faculty 022,CI-181
487,Diploma,Civil Engineering,FY,1,B,Thursday,09:00,10:00,Digital Electronics,Prof. Faculty 231,CI-314
488,Diploma,Civil Engineering,FY,1,B,Thursday,10:00,11:00,Computer Networks,Prof. Faculty 213,CI-266
489,Diploma,Civil Engineering,FY,1,B,Thursday,11:15,12:15,Electrical Machines,Prof. Faculty 218,CI-162
490,Diploma,Civil Engineering,FY,1,B,Thursday,12:15,01:15,Thermodynamics,Prof. Faculty 220,CI-216
491,Diploma,Civil Engineering,FY,1,B,Thursday,02:00,03:00,Operating Systems,Prof. Faculty 247,CI-159
492,Diploma,Civil Engineering,FY,1,B,Thursday,03:00,04:00,Java Programming,Prof. Faculty 125,CI-269
493,Diploma,Civil Engineering,FY,1,B,Friday,09:00,10:00,Python Programming,Prof. Faculty 164,CI-118
494,Diploma,Civil Engineering,FY,1,B,Friday,10:00,11:00,Software Engineering,Prof. Faculty 172,CI-227
495,Diploma,Civil Engineering,FY,1,B,Friday,11:15,12:15,AI Fundamentals,Prof. Faculty 167,CI-293
496,Diploma,Civil Engineering,FY,1,B,Friday,12:15,01:15,Computer Networks,Prof. Faculty 069,CI-177
497,Diploma,Civil Engineering,FY,1,B,Friday,02:00,03:00,Thermodynamics,Prof. Faculty 155,CI-285
498,Diploma,Civil Engineering,FY,1,B,Friday,03:00,04:00,Python Programming,Prof. Faculty 031,CI-147
499,Diploma,Civil Engineering,FY,1,B,Saturday,09:00,10:00,Python Programming,Prof. Faculty 198,CI-265
500,Diploma,Civil Engineering,FY,1,B,Saturday,10:00,11:00,DBMS,Prof. Faculty 021,CI-222
501,Diploma,Civil Engineering,FY,1,B,Saturday,11:15,12:15,Computer Networks,Prof. Faculty 005,CI-232
502,Diploma,Civil Engineering,FY,1,B,Saturday,12:15,01:15,Project Lab,Prof. Faculty 206,CI-182
503,Diploma,Civil Engineering,FY,1,B,Saturday,02:00,03:00,Electrical Machines,Prof. Faculty 017,CI-184
504,Diploma,Civil Engineering,FY,1,B,Saturday,03:00,04:00,CAD/CAM,Prof. Faculty 035,CI-126
505,Diploma,Civil Engineering,FY,2,A,Monday,09:00,10:00,Cyber Security,Prof. Faculty 197,CI-258
506,Diploma,Civil Engineering,FY,2,A,Monday,10:00,11:00,Mathematics,Prof. Faculty 198,CI-228
507,Diploma,Civil Engineering,FY,2,A,Monday,11:15,12:15,DBMS,Prof. Faculty 088,CI-252
508,Diploma,Civil Engineering,FY,2,A,Monday,12:15,01:15,Digital Electronics,Prof. Faculty 011,CI-269
509,Diploma,Civil Engineering,FY,2,A,Monday,02:00,03:00,Software Engineering,Prof. Faculty 152,CI-275
510,Diploma,Civil Engineering,FY,2,A,Monday,03:00,04:00,Electrical Machines,Prof. Faculty 153,CI-255
511,Diploma,Civil Engineering,FY,2,A,Tuesday,09:00,10:00,Cyber Security,Prof. Faculty 032,CI-157
512,Diploma,Civil Engineering,FY,2,A,Tuesday,10:00,11:00,Web Development,Prof. Faculty 038,CI-160
513,Diploma,Civil Engineering,FY,2,A,Tuesday,11:15,12:15,Computer Networks,Prof. Faculty 044,CI-170
514,Diploma,Civil Engineering,FY,2,A,Tuesday,12:15,01:15,CAD/CAM,Prof. Faculty 231,CI-304
515,Diploma,Civil Engineering,FY,2,A,Tuesday,02:00,03:00,Thermodynamics,Prof. Faculty 109,CI-152
516,Diploma,Civil Engineering,FY,2,A,Tuesday,03:00,04:00,Surveying,Prof. Faculty 123,CI-274
517,Diploma,Civil Engineering,FY,2,A,Wednesday,09:00,10:00,Digital Electronics,Prof. Faculty 169,CI-163
518,Diploma,Civil Engineering,FY,2,A,Wednesday,10:00,11:00,Cloud Computing,Prof. Faculty 113,CI-205
519,Diploma,Civil Engineering,FY,2,A,Wednesday,11:15,12:15,Java Programming,Prof. Faculty 009,CI-242
520,Diploma,Civil Engineering,FY,2,A,Wednesday,12:15,01:15,Surveying,Prof. Faculty 230,CI-182
521,Diploma,Civil Engineering,FY,2,A,Wednesday,02:00,03:00,Digital Electronics,Prof. Faculty 038,CI-162
522,Diploma,Civil Engineering,FY,2,A,Wednesday,03:00,04:00,Java Programming,Prof. Faculty 109,CI-286
523,Diploma,Civil Engineering,FY,2,A,Thursday,09:00,10:00,DBMS,Prof. Faculty 006,CI-114
524,Diploma,Civil Engineering,FY,2,A,Thursday,10:00,11:00,Mathematics,Prof. Faculty 162,CI-221
525,Diploma,Civil Engineering,FY,2,A,Thursday,11:15,12:15,AI Fundamentals,Prof. Faculty 174,CI-134
526,Diploma,Civil Engineering,FY,2,A,Thursday,12:15,01:15,Java Programming,Prof. Faculty 209,CI-105
527,Diploma,Civil Engineering,FY,2,A,Thursday,02:00,03:00,Thermodynamics,Prof. Faculty 154,CI-207
528,Diploma,Civil Engineering,FY,2,A,Thursday,03:00,04:00,Computer Networks,Prof. Faculty 218,CI-127
529,Diploma,Civil Engineering,FY,2,A,Friday,09:00,10:00,Digital Electronics,Prof. Faculty 245,CI-112
530,Diploma,Civil Engineering,FY,2,A,Friday,10:00,11:00,Electrical Machines,Prof. Faculty 194,CI-149
531,Diploma,Civil Engineering,FY,2,A,Friday,11:15,12:15,Digital Electronics,Prof. Faculty 221,CI-298
532,Diploma,Civil Engineering,FY,2,A,Friday,12:15,01:15,Data Structures,Prof. Faculty 065,CI-230
533,Diploma,Civil Engineering,FY,2,A,Friday,02:00,03:00,Cyber Security,Prof. Faculty 020,CI-113
534,Diploma,Civil Engineering,FY,2,A,Friday,03:00,04:00,Data Structures,Prof. Faculty 193,CI-158
535,Diploma,Civil Engineering,FY,2,A,Saturday,09:00,10:00,CAD/CAM,Prof. Faculty 167,CI-164
536,Diploma,Civil Engineering,FY,2,A,Saturday,10:00,11:00,CAD/CAM,Prof. Faculty 116,CI-144
537,Diploma,Civil Engineering,FY,2,A,Saturday,11:15,12:15,DBMS,Prof. Faculty 052,CI-257
538,Diploma,Civil Engineering,FY,2,A,Saturday,12:15,01:15,Computer Networks,Prof. Faculty 013,CI-243
539,Diploma,Civil Engineering,FY,2,A,Saturday,02:00,03:00,Data Structures,Prof. Faculty 017,CI-171
540,Diploma,Civil Engineering,FY,2,A,Saturday,03:00,04:00,Web Development,Prof. Faculty 049,CI-251
541,Diploma,Civil Engineering,FY,2,B,Monday,09:00,10:00,Electrical Machines,Prof. Faculty 019,CI-243
542,Diploma,Civil Engineering,FY,2,B,Monday,10:00,11:00,Operating Systems,Prof. Faculty 204,CI-143
543,Diploma,Civil Engineering,FY,2,B,Monday,11:15,12:15,Web Development,Prof. Faculty 106,CI-266
544,Diploma,Civil Engineering,FY,2,B,Monday,12:15,01:15,Operating Systems,Prof. Faculty 026,CI-275
545,Diploma,Civil Engineering,FY,2,B,Monday,02:00,03:00,CAD/CAM,Prof. Faculty 126,CI-242
546,Diploma,Civil Engineering,FY,2,B,Monday,03:00,04:00,Computer Networks,Prof. Faculty 022,CI-316
547,Diploma,Civil Engineering,FY,2,B,Tuesday,09:00,10:00,Digital Electronics,Prof. Faculty 002,CI-111
548,Diploma,Civil Engineering,FY,2,B,Tuesday,10:00,11:00,DBMS,Prof. Faculty 227,CI-314
549,Diploma,Civil Engineering,FY,2,B,Tuesday,11:15,12:15,DBMS,Prof. Faculty 157,CI-280
550,Diploma,Civil Engineering,FY,2,B,Tuesday,12:15,01:15,Electrical Machines,Prof. Faculty 108,CI-128
551,Diploma,Civil Engineering,FY,2,B,Tuesday,02:00,03:00,Thermodynamics,Prof. Faculty 193,CI-308
552,Diploma,Civil Engineering,FY,2,B,Tuesday,03:00,04:00,Project Lab,Prof. Faculty 145,CI-140
553,Diploma,Civil Engineering,FY,2,B,Wednesday,09:00,10:00,Project Lab,Prof. Faculty 003,CI-190
554,Diploma,Civil Engineering,FY,2,B,Wednesday,10:00,11:00,AI Fundamentals,Prof. Faculty 087,CI-105
555,Diploma,Civil Engineering,FY,2,B,Wednesday,11:15,12:15,CAD/CAM,Prof. Faculty 101,CI-209
556,Diploma,Civil Engineering,FY,2,B,Wednesday,12:15,01:15,Python Programming,Prof. Faculty 119,CI-245
557,Diploma,Civil Engineering,FY,2,B,Wednesday,02:00,03:00,Operating Systems,Prof. Faculty 118,CI-231
558,Diploma,Civil Engineering,FY,2,B,Wednesday,03:00,04:00,Data Structures,Prof. Faculty 138,CI-108
559,Diploma,Civil Engineering,FY,2,B,Thursday,09:00,10:00,DBMS,Prof. Faculty 225,CI-240
560,Diploma,Civil Engineering,FY,2,B,Thursday,10:00,11:00,Machine Learning,Prof. Faculty 246,CI-130
561,Diploma,Civil Engineering,FY,2,B,Thursday,11:15,12:15,Software Engineering,Prof. Faculty 061,CI-149
562,Diploma,Civil Engineering,FY,2,B,Thursday,12:15,01:15,Mathematics,Prof. Faculty 099,CI-110
563,Diploma,Civil Engineering,FY,2,B,Thursday,02:00,03:00,Mathematics,Prof. Faculty 081,CI-301
564,Diploma,Civil Engineering,FY,2,B,Thursday,03:00,04:00,Web Development,Prof. Faculty 006,CI-117
565,Diploma,Civil Engineering,FY,2,B,Friday,09:00,10:00,Software Engineering,Prof. Faculty 127,CI-133
566,Diploma,Civil Engineering,FY,2,B,Friday,10:00,11:00,DBMS,Prof. Faculty 178,CI-232
567,Diploma,Civil Engineering,FY,2,B,Friday,11:15,12:15,AI Fundamentals,Prof. Faculty 108,CI-198
568,Diploma,Civil Engineering,FY,2,B,Friday,12:15,01:15,DBMS,Prof. Faculty 052,CI-294
569,Diploma,Civil Engineering,FY,2,B,Friday,02:00,03:00,Machine Learning,Prof. Faculty 199,CI-240
570,Diploma,Civil Engineering,FY,2,B,Friday,03:00,04:00,Machine Learning,Prof. Faculty 061,CI-309
571,Diploma,Civil Engineering,FY,2,B,Saturday,09:00,10:00,Python Programming,Prof. Faculty 055,CI-132
572,Diploma,Civil Engineering,FY,2,B,Saturday,10:00,11:00,Java Programming,Prof. Faculty 159,CI-294
573,Diploma,Civil Engineering,FY,2,B,Saturday,11:15,12:15,Computer Networks,Prof. Faculty 180,CI-298
574,Diploma,Civil Engineering,FY,2,B,Saturday,12:15,01:15,Electrical Machines,Prof. Faculty 219,CI-145
575,Diploma,Civil Engineering,FY,2,B,Saturday,02:00,03:00,Java Programming,Prof. Faculty 125,CI-168
576,Diploma,Civil Engineering,FY,2,B,Saturday,03:00,04:00,AI Fundamentals,Prof. Faculty 249,CI-170
577,Diploma,Civil Engineering,SY,3,A,Monday,09:00,10:00,Machine Learning,Prof. Faculty 057,CI-296
578,Diploma,Civil Engineering,SY,3,A,Monday,10:00,11:00,Physics,Prof. Faculty 175,CI-249
579,Diploma,Civil Engineering,SY,3,A,Monday,11:15,12:15,Python Programming,Prof. Faculty 126,CI-292
580,Diploma,Civil Engineering,SY,3,A,Monday,12:15,01:15,DBMS,Prof. Faculty 152,CI-188
581,Diploma,Civil Engineering,SY,3,A,Monday,02:00,03:00,Digital Electronics,Prof. Faculty 249,CI-159
582,Diploma,Civil Engineering,SY,3,A,Monday,03:00,04:00,Computer Networks,Prof. Faculty 123,CI-138
583,Diploma,Civil Engineering,SY,3,A,Tuesday,09:00,10:00,Operating Systems,Prof. Faculty 106,CI-127
584,Diploma,Civil Engineering,SY,3,A,Tuesday,10:00,11:00,DBMS,Prof. Faculty 057,CI-277
585,Diploma,Civil Engineering,SY,3,A,Tuesday,11:15,12:15,Computer Networks,Prof. Faculty 054,CI-301
586,Diploma,Civil Engineering,SY,3,A,Tuesday,12:15,01:15,Data Structures,Prof. Faculty 019,CI-290
587,Diploma,Civil Engineering,SY,3,A,Tuesday,02:00,03:00,Cyber Security,Prof. Faculty 065,CI-135
588,Diploma,Civil Engineering,SY,3,A,Tuesday,03:00,04:00,CAD/CAM,Prof. Faculty 242,CI-252
589,Diploma,Civil Engineering,SY,3,A,Wednesday,09:00,10:00,Java Programming,Prof. Faculty 056,CI-134
590,Diploma,Civil Engineering,SY,3,A,Wednesday,10:00,11:00,Software Engineering,Prof. Faculty 048,CI-234
591,Diploma,Civil Engineering,SY,3,A,Wednesday,11:15,12:15,DBMS,Prof. Faculty 117,CI-307
592,Diploma,Civil Engineering,SY,3,A,Wednesday,12:15,01:15,Cyber Security,Prof. Faculty 237,CI-188
593,Diploma,Civil Engineering,SY,3,A,Wednesday,02:00,03:00,Machine Learning,Prof. Faculty 010,CI-237
594,Diploma,Civil Engineering,SY,3,A,Wednesday,03:00,04:00,Digital Electronics,Prof. Faculty 141,CI-110
595,Diploma,Civil Engineering,SY,3,A,Thursday,09:00,10:00,AI Fundamentals,Prof. Faculty 151,CI-140
596,Diploma,Civil Engineering,SY,3,A,Thursday,10:00,11:00,AI Fundamentals,Prof. Faculty 164,CI-125
597,Diploma,Civil Engineering,SY,3,A,Thursday,11:15,12:15,Cloud Computing,Prof. Faculty 203,CI-285
598,Diploma,Civil Engineering,SY,3,A,Thursday,12:15,01:15,Electrical Machines,Prof. Faculty 001,CI-110
599,Diploma,Civil Engineering,SY,3,A,Thursday,02:00,03:00,Operating Systems,Prof. Faculty 246,CI-216
600,Diploma,Civil Engineering,SY,3,A,Thursday,03:00,04:00,Data Structures,Prof. Faculty 044,CI-115
601,Diploma,Civil Engineering,SY,3,A,Friday,09:00,10:00,Machine Learning,Prof. Faculty 146,CI-170
602,Diploma,Civil Engineering,SY,3,A,Friday,10:00,11:00,Project Lab,Prof. Faculty 082,CI-112
603,Diploma,Civil Engineering,SY,3,A,Friday,11:15,12:15,Electrical Machines,Prof. Faculty 156,CI-202
604,Diploma,Civil Engineering,SY,3,A,Friday,12:15,01:15,CAD/CAM,Prof. Faculty 085,CI-264
605,Diploma,Civil Engineering,SY,3,A,Friday,02:00,03:00,Digital Electronics,Prof. Faculty 040,CI-298
606,Diploma,Civil Engineering,SY,3,A,Friday,03:00,04:00,CAD/CAM,Prof. Faculty 101,CI-204
607,Diploma,Civil Engineering,SY,3,A,Saturday,09:00,10:00,AI Fundamentals,Prof. Faculty 216,CI-141
608,Diploma,Civil Engineering,SY,3,A,Saturday,10:00,11:00,Physics,Prof. Faculty 016,CI-166
609,Diploma,Civil Engineering,SY,3,A,Saturday,11:15,12:15,Operating Systems,Prof. Faculty 070,CI-262
610,Diploma,Civil Engineering,SY,3,A,Saturday,12:15,01:15,Operating Systems,Prof. Faculty 192,CI-150
611,Diploma,Civil Engineering,SY,3,A,Saturday,02:00,03:00,Web Development,Prof. Faculty 160,CI-181
612,Diploma,Civil Engineering,SY,3,A,Saturday,03:00,04:00,Machine Learning,Prof. Faculty 122,CI-223
613,Diploma,Civil Engineering,SY,3,B,Monday,09:00,10:00,Cyber Security,Prof. Faculty 092,CI-318
614,Diploma,Civil Engineering,SY,3,B,Monday,10:00,11:00,Java Programming,Prof. Faculty 194,CI-151
615,Diploma,Civil Engineering,SY,3,B,Monday,11:15,12:15,Data Structures,Prof. Faculty 062,CI-304
616,Diploma,Civil Engineering,SY,3,B,Monday,12:15,01:15,Mathematics,Prof. Faculty 026,CI-304
617,Diploma,Civil Engineering,SY,3,B,Monday,02:00,03:00,Project Lab,Prof. Faculty 128,CI-253
618,Diploma,Civil Engineering,SY,3,B,Monday,03:00,04:00,Surveying,Prof. Faculty 066,CI-205
619,Diploma,Civil Engineering,SY,3,B,Tuesday,09:00,10:00,Cyber Security,Prof. Faculty 158,CI-230
620,Diploma,Civil Engineering,SY,3,B,Tuesday,10:00,11:00,Data Structures,Prof. Faculty 214,CI-212
621,Diploma,Civil Engineering,SY,3,B,Tuesday,11:15,12:15,Cyber Security,Prof. Faculty 016,CI-250
622,Diploma,Civil Engineering,SY,3,B,Tuesday,12:15,01:15,Data Structures,Prof. Faculty 151,CI-304
623,Diploma,Civil Engineering,SY,3,B,Tuesday,02:00,03:00,Thermodynamics,Prof. Faculty 183,CI-151
624,Diploma,Civil Engineering,SY,3,B,Tuesday,03:00,04:00,Physics,Prof. Faculty 048,CI-284
625,Diploma,Civil Engineering,SY,3,B,Wednesday,09:00,10:00,Electrical Machines,Prof. Faculty 182,CI-292
626,Diploma,Civil Engineering,SY,3,B,Wednesday,10:00,11:00,AI Fundamentals,Prof. Faculty 240,CI-214
627,Diploma,Civil Engineering,SY,3,B,Wednesday,11:15,12:15,Cloud Computing,Prof. Faculty 186,CI-257
628,Diploma,Civil Engineering,SY,3,B,Wednesday,12:15,01:15,Cyber Security,Prof. Faculty 151,CI-281
629,Diploma,Civil Engineering,SY,3,B,Wednesday,02:00,03:00,CAD/CAM,Prof. Faculty 091,CI-187
630,Diploma,Civil Engineering,SY,3,B,Wednesday,03:00,04:00,Java Programming,Prof. Faculty 032,CI-181
631,Diploma,Civil Engineering,SY,3,B,Thursday,09:00,10:00,Java Programming,Prof. Faculty 158,CI-141
632,Diploma,Civil Engineering,SY,3,B,Thursday,10:00,11:00,Operating Systems,Prof. Faculty 134,CI-190
633,Diploma,Civil Engineering,SY,3,B,Thursday,11:15,12:15,Surveying,Prof. Faculty 152,CI-159
634,Diploma,Civil Engineering,SY,3,B,Thursday,12:15,01:15,Web Development,Prof. Faculty 185,CI-293
635,Diploma,Civil Engineering,SY,3,B,Thursday,02:00,03:00,CAD/CAM,Prof. Faculty 037,CI-130
636,Diploma,Civil Engineering,SY,3,B,Thursday,03:00,04:00,Project Lab,Prof. Faculty 138,CI-296
637,Diploma,Civil Engineering,SY,3,B,Friday,09:00,10:00,Cloud Computing,Prof. Faculty 240,CI-187
638,Diploma,Civil Engineering,SY,3,B,Friday,10:00,11:00,Physics,Prof. Faculty 094,CI-232
639,Diploma,Civil Engineering,SY,3,B,Friday,11:15,12:15,Thermodynamics,Prof. Faculty 133,CI-213
640,Diploma,Civil Engineering,SY,3,B,Friday,12:15,01:15,Mathematics,Prof. Faculty 221,CI-182
641,Diploma,Civil Engineering,SY,3,B,Friday,02:00,03:00,Web Development,Prof. Faculty 149,CI-121
642,Diploma,Civil Engineering,SY,3,B,Friday,03:00,04:00,Computer Networks,Prof. Faculty 005,CI-206
643,Diploma,Civil Engineering,SY,3,B,Saturday,09:00,10:00,Cloud Computing,Prof. Faculty 070,CI-282
644,Diploma,Civil Engineering,SY,3,B,Saturday,10:00,11:00,Cyber Security,Prof. Faculty 047,CI-203
645,Diploma,Civil Engineering,SY,3,B,Saturday,11:15,12:15,Web Development,Prof. Faculty 105,CI-131
646,Diploma,Civil Engineering,SY,3,B,Saturday,12:15,01:15,Mathematics,Prof. Faculty 033,CI-293
647,Diploma,Civil Engineering,SY,3,B,Saturday,02:00,03:00,Physics,Prof. Faculty 205,CI-264
648,Diploma,Civil Engineering,SY,3,B,Saturday,03:00,04:00,Web Development,Prof. Faculty 070,CI-134
649,Diploma,Civil Engineering,SY,4,A,Monday,09:00,10:00,Operating Systems,Prof. Faculty 170,CI-222
650,Diploma,Civil Engineering,SY,4,A,Monday,10:00,11:00,Surveying,Prof. Faculty 180,CI-294
651,Diploma,Civil Engineering,SY,4,A,Monday,11:15,12:15,Physics,Prof. Faculty 195,CI-193
652,Diploma,Civil Engineering,SY,4,A,Monday,12:15,01:15,DBMS,Prof. Faculty 099,CI-205
653,Diploma,Civil Engineering,SY,4,A,Monday,02:00,03:00,Operating Systems,Prof. Faculty 132,CI-236
654,Diploma,Civil Engineering,SY,4,A,Monday,03:00,04:00,Cloud Computing,Prof. Faculty 115,CI-316
655,Diploma,Civil Engineering,SY,4,A,Tuesday,09:00,10:00,Digital Electronics,Prof. Faculty 209,CI-304
656,Diploma,Civil Engineering,SY,4,A,Tuesday,10:00,11:00,Software Engineering,Prof. Faculty 024,CI-115
657,Diploma,Civil Engineering,SY,4,A,Tuesday,11:15,12:15,Physics,Prof. Faculty 127,CI-142
658,Diploma,Civil Engineering,SY,4,A,Tuesday,12:15,01:15,Cyber Security,Prof. Faculty 072,CI-277
659,Diploma,Civil Engineering,SY,4,A,Tuesday,02:00,03:00,AI Fundamentals,Prof. Faculty 241,CI-161
660,Diploma,Civil Engineering,SY,4,A,Tuesday,03:00,04:00,Cyber Security,Prof. Faculty 246,CI-113
661,Diploma,Civil Engineering,SY,4,A,Wednesday,09:00,10:00,Python Programming,Prof. Faculty 027,CI-231
662,Diploma,Civil Engineering,SY,4,A,Wednesday,10:00,11:00,Physics,Prof. Faculty 028,CI-294
663,Diploma,Civil Engineering,SY,4,A,Wednesday,11:15,12:15,Python Programming,Prof. Faculty 096,CI-306
664,Diploma,Civil Engineering,SY,4,A,Wednesday,12:15,01:15,Project Lab,Prof. Faculty 073,CI-294
665,Diploma,Civil Engineering,SY,4,A,Wednesday,02:00,03:00,Data Structures,Prof. Faculty 098,CI-315
666,Diploma,Civil Engineering,SY,4,A,Wednesday,03:00,04:00,Java Programming,Prof. Faculty 030,CI-136
667,Diploma,Civil Engineering,SY,4,A,Thursday,09:00,10:00,Thermodynamics,Prof. Faculty 195,CI-182
668,Diploma,Civil Engineering,SY,4,A,Thursday,10:00,11:00,Cyber Security,Prof. Faculty 120,CI-303
669,Diploma,Civil Engineering,SY,4,A,Thursday,11:15,12:15,Web Development,Prof. Faculty 214,CI-253
670,Diploma,Civil Engineering,SY,4,A,Thursday,12:15,01:15,Physics,Prof. Faculty 191,CI-168
671,Diploma,Civil Engineering,SY,4,A,Thursday,02:00,03:00,Surveying,Prof. Faculty 151,CI-233
672,Diploma,Civil Engineering,SY,4,A,Thursday,03:00,04:00,Computer Networks,Prof. Faculty 141,CI-308
673,Diploma,Civil Engineering,SY,4,A,Friday,09:00,10:00,Cyber Security,Prof. Faculty 111,CI-114
674,Diploma,Civil Engineering,SY,4,A,Friday,10:00,11:00,Surveying,Prof. Faculty 036,CI-273
675,Diploma,Civil Engineering,SY,4,A,Friday,11:15,12:15,Surveying,Prof. Faculty 163,CI-221
676,Diploma,Civil Engineering,SY,4,A,Friday,12:15,01:15,Cloud Computing,Prof. Faculty 196,CI-232
677,Diploma,Civil Engineering,SY,4,A,Friday,02:00,03:00,Python Programming,Prof. Faculty 126,CI-113
678,Diploma,Civil Engineering,SY,4,A,Friday,03:00,04:00,Web Development,Prof. Faculty 170,CI-157
679,Diploma,Civil Engineering,SY,4,A,Saturday,09:00,10:00,Thermodynamics,Prof. Faculty 190,CI-135
680,Diploma,Civil Engineering,SY,4,A,Saturday,10:00,11:00,Thermodynamics,Prof. Faculty 109,CI-161
681,Diploma,Civil Engineering,SY,4,A,Saturday,11:15,12:15,Cloud Computing,Prof. Faculty 191,CI-247
682,Diploma,Civil Engineering,SY,4,A,Saturday,12:15,01:15,DBMS,Prof. Faculty 041,CI-320
683,Diploma,Civil Engineering,SY,4,A,Saturday,02:00,03:00,Data Structures,Prof. Faculty 249,CI-248
684,Diploma,Civil Engineering,SY,4,A,Saturday,03:00,04:00,Surveying,Prof. Faculty 052,CI-161
685,Diploma,Civil Engineering,SY,4,B,Monday,09:00,10:00,Electrical Machines,Prof. Faculty 050,CI-124
686,Diploma,Civil Engineering,SY,4,B,Monday,10:00,11:00,Digital Electronics,Prof. Faculty 065,CI-111
687,Diploma,Civil Engineering,SY,4,B,Monday,11:15,12:15,Python Programming,Prof. Faculty 018,CI-106
688,Diploma,Civil Engineering,SY,4,B,Monday,12:15,01:15,Operating Systems,Prof. Faculty 061,CI-306
689,Diploma,Civil Engineering,SY,4,B,Monday,02:00,03:00,Operating Systems,Prof. Faculty 009,CI-149
690,Diploma,Civil Engineering,SY,4,B,Monday,03:00,04:00,DBMS,Prof. Faculty 124,CI-181
691,Diploma,Civil Engineering,SY,4,B,Tuesday,09:00,10:00,AI Fundamentals,Prof. Faculty 233,CI-108
692,Diploma,Civil Engineering,SY,4,B,Tuesday,10:00,11:00,CAD/CAM,Prof. Faculty 108,CI-138
693,Diploma,Civil Engineering,SY,4,B,Tuesday,11:15,12:15,Computer Networks,Prof. Faculty 015,CI-209
694,Diploma,Civil Engineering,SY,4,B,Tuesday,12:15,01:15,Digital Electronics,Prof. Faculty 040,CI-197
695,Diploma,Civil Engineering,SY,4,B,Tuesday,02:00,03:00,Operating Systems,Prof. Faculty 075,CI-276
696,Diploma,Civil Engineering,SY,4,B,Tuesday,03:00,04:00,Cloud Computing,Prof. Faculty 192,CI-178
697,Diploma,Civil Engineering,SY,4,B,Wednesday,09:00,10:00,Python Programming,Prof. Faculty 079,CI-193
698,Diploma,Civil Engineering,SY,4,B,Wednesday,10:00,11:00,Cloud Computing,Prof. Faculty 102,CI-320
699,Diploma,Civil Engineering,SY,4,B,Wednesday,11:15,12:15,Digital Electronics,Prof. Faculty 150,CI-245
700,Diploma,Civil Engineering,SY,4,B,Wednesday,12:15,01:15,Thermodynamics,Prof. Faculty 144,CI-147
701,Diploma,Civil Engineering,SY,4,B,Wednesday,02:00,03:00,Operating Systems,Prof. Faculty 065,CI-182
702,Diploma,Civil Engineering,SY,4,B,Wednesday,03:00,04:00,Operating Systems,Prof. Faculty 088,CI-215
703,Diploma,Civil Engineering,SY,4,B,Thursday,09:00,10:00,Digital Electronics,Prof. Faculty 183,CI-208
704,Diploma,Civil Engineering,SY,4,B,Thursday,10:00,11:00,Cyber Security,Prof. Faculty 143,CI-160
705,Diploma,Civil Engineering,SY,4,B,Thursday,11:15,12:15,Thermodynamics,Prof. Faculty 021,CI-172
706,Diploma,Civil Engineering,SY,4,B,Thursday,12:15,01:15,Java Programming,Prof. Faculty 040,CI-104
707,Diploma,Civil Engineering,SY,4,B,Thursday,02:00,03:00,Digital Electronics,Prof. Faculty 076,CI-174
708,Diploma,Civil Engineering,SY,4,B,Thursday,03:00,04:00,CAD/CAM,Prof. Faculty 209,CI-161
709,Diploma,Civil Engineering,SY,4,B,Friday,09:00,10:00,Cloud Computing,Prof. Faculty 242,CI-120
710,Diploma,Civil Engineering,SY,4,B,Friday,10:00,11:00,AI Fundamentals,Prof. Faculty 058,CI-255
711,Diploma,Civil Engineering,SY,4,B,Friday,11:15,12:15,Digital Electronics,Prof. Faculty 123,CI-306
712,Diploma,Civil Engineering,SY,4,B,Friday,12:15,01:15,Python Programming,Prof. Faculty 077,CI-263
713,Diploma,Civil Engineering,SY,4,B,Friday,02:00,03:00,Project Lab,Prof. Faculty 041,CI-255
714,Diploma,Civil Engineering,SY,4,B,Friday,03:00,04:00,Operating Systems,Prof. Faculty 221,CI-268
715,Diploma,Civil Engineering,SY,4,B,Saturday,09:00,10:00,Cyber Security,Prof. Faculty 216,CI-181
716,Diploma,Civil Engineering,SY,4,B,Saturday,10:00,11:00,Digital Electronics,Prof. Faculty 049,CI-135
717,Diploma,Civil Engineering,SY,4,B,Saturday,11:15,12:15,Cloud Computing,Prof. Faculty 230,CI-245
718,Diploma,Civil Engineering,SY,4,B,Saturday,12:15,01:15,Digital Electronics,Prof. Faculty 094,CI-258
719,Diploma,Civil Engineering,SY,4,B,Saturday,02:00,03:00,Data Structures,Prof. Faculty 055,CI-215
720,Diploma,Civil Engineering,SY,4,B,Saturday,03:00,04:00,Cloud Computing,Prof. Faculty 202,CI-289
721,Diploma,Civil Engineering,TY,5,A,Monday,09:00,10:00,Digital Electronics,Prof. Faculty 021,CI-297
722,Diploma,Civil Engineering,TY,5,A,Monday,10:00,11:00,Cyber Security,Prof. Faculty 172,CI-282
723,Diploma,Civil Engineering,TY,5,A,Monday,11:15,12:15,AI Fundamentals,Prof. Faculty 049,CI-208
724,Diploma,Civil Engineering,TY,5,A,Monday,12:15,01:15,Cloud Computing,Prof. Faculty 211,CI-221
725,Diploma,Civil Engineering,TY,5,A,Monday,02:00,03:00,Cyber Security,Prof. Faculty 180,CI-200
726,Diploma,Civil Engineering,TY,5,A,Monday,03:00,04:00,Mathematics,Prof. Faculty 206,CI-163
727,Diploma,Civil Engineering,TY,5,A,Tuesday,09:00,10:00,Thermodynamics,Prof. Faculty 007,CI-277
728,Diploma,Civil Engineering,TY,5,A,Tuesday,10:00,11:00,DBMS,Prof. Faculty 161,CI-241
729,Diploma,Civil Engineering,TY,5,A,Tuesday,11:15,12:15,AI Fundamentals,Prof. Faculty 207,CI-305
730,Diploma,Civil Engineering,TY,5,A,Tuesday,12:15,01:15,Machine Learning,Prof. Faculty 120,CI-205
731,Diploma,Civil Engineering,TY,5,A,Tuesday,02:00,03:00,AI Fundamentals,Prof. Faculty 215,CI-148
732,Diploma,Civil Engineering,TY,5,A,Tuesday,03:00,04:00,Operating Systems,Prof. Faculty 248,CI-279
733,Diploma,Civil Engineering,TY,5,A,Wednesday,09:00,10:00,AI Fundamentals,Prof. Faculty 053,CI-304
734,Diploma,Civil Engineering,TY,5,A,Wednesday,10:00,11:00,Cyber Security,Prof. Faculty 037,CI-175
735,Diploma,Civil Engineering,TY,5,A,Wednesday,11:15,12:15,Software Engineering,Prof. Faculty 032,CI-169
736,Diploma,Civil Engineering,TY,5,A,Wednesday,12:15,01:15,Data Structures,Prof. Faculty 013,CI-318
737,Diploma,Civil Engineering,TY,5,A,Wednesday,02:00,03:00,Project Lab,Prof. Faculty 178,CI-279
738,Diploma,Civil Engineering,TY,5,A,Wednesday,03:00,04:00,Thermodynamics,Prof. Faculty 250,CI-310
739,Diploma,Civil Engineering,TY,5,A,Thursday,09:00,10:00,Electrical Machines,Prof. Faculty 092,CI-263
740,Diploma,Civil Engineering,TY,5,A,Thursday,10:00,11:00,Digital Electronics,Prof. Faculty 236,CI-145
741,Diploma,Civil Engineering,TY,5,A,Thursday,11:15,12:15,Mathematics,Prof. Faculty 193,CI-188
742,Diploma,Civil Engineering,TY,5,A,Thursday,12:15,01:15,Electrical Machines,Prof. Faculty 142,CI-103
743,Diploma,Civil Engineering,TY,5,A,Thursday,02:00,03:00,Digital Electronics,Prof. Faculty 025,CI-189
744,Diploma,Civil Engineering,TY,5,A,Thursday,03:00,04:00,Project Lab,Prof. Faculty 161,CI-119
745,Diploma,Civil Engineering,TY,5,A,Friday,09:00,10:00,Electrical Machines,Prof. Faculty 141,CI-283
746,Diploma,Civil Engineering,TY,5,A,Friday,10:00,11:00,Digital Electronics,Prof. Faculty 001,CI-247
747,Diploma,Civil Engineering,TY,5,A,Friday,11:15,12:15,Physics,Prof. Faculty 108,CI-295
748,Diploma,Civil Engineering,TY,5,A,Friday,12:15,01:15,Java Programming,Prof. Faculty 175,CI-274
749,Diploma,Civil Engineering,TY,5,A,Friday,02:00,03:00,Digital Electronics,Prof. Faculty 016,CI-290
750,Diploma,Civil Engineering,TY,5,A,Friday,03:00,04:00,Java Programming,Prof. Faculty 160,CI-199
751,Diploma,Civil Engineering,TY,5,A,Saturday,09:00,10:00,Operating Systems,Prof. Faculty 040,CI-308
752,Diploma,Civil Engineering,TY,5,A,Saturday,10:00,11:00,Computer Networks,Prof. Faculty 131,CI-150
753,Diploma,Civil Engineering,TY,5,A,Saturday,11:15,12:15,Mathematics,Prof. Faculty 026,CI-286
754,Diploma,Civil Engineering,TY,5,A,Saturday,12:15,01:15,AI Fundamentals,Prof. Faculty 033,CI-265
755,Diploma,Civil Engineering,TY,5,A,Saturday,02:00,03:00,Physics,Prof. Faculty 179,CI-226
756,Diploma,Civil Engineering,TY,5,A,Saturday,03:00,04:00,Thermodynamics,Prof. Faculty 247,CI-212
757,Diploma,Civil Engineering,TY,5,B,Monday,09:00,10:00,Data Structures,Prof. Faculty 150,CI-219
758,Diploma,Civil Engineering,TY,5,B,Monday,10:00,11:00,Electrical Machines,Prof. Faculty 122,CI-137
759,Diploma,Civil Engineering,TY,5,B,Monday,11:15,12:15,Thermodynamics,Prof. Faculty 091,CI-132
760,Diploma,Civil Engineering,TY,5,B,Monday,12:15,01:15,Operating Systems,Prof. Faculty 134,CI-296
761,Diploma,Civil Engineering,TY,5,B,Monday,02:00,03:00,Project Lab,Prof. Faculty 074,CI-137
762,Diploma,Civil Engineering,TY,5,B,Monday,03:00,04:00,Java Programming,Prof. Faculty 066,CI-301
763,Diploma,Civil Engineering,TY,5,B,Tuesday,09:00,10:00,Surveying,Prof. Faculty 089,CI-149
764,Diploma,Civil Engineering,TY,5,B,Tuesday,10:00,11:00,Operating Systems,Prof. Faculty 078,CI-138
765,Diploma,Civil Engineering,TY,5,B,Tuesday,11:15,12:15,Computer Networks,Prof. Faculty 033,CI-111
766,Diploma,Civil Engineering,TY,5,B,Tuesday,12:15,01:15,Cloud Computing,Prof. Faculty 213,CI-263
767,Diploma,Civil Engineering,TY,5,B,Tuesday,02:00,03:00,Java Programming,Prof. Faculty 011,CI-123
768,Diploma,Civil Engineering,TY,5,B,Tuesday,03:00,04:00,Electrical Machines,Prof. Faculty 084,CI-196
769,Diploma,Civil Engineering,TY,5,B,Wednesday,09:00,10:00,Thermodynamics,Prof. Faculty 161,CI-134
770,Diploma,Civil Engineering,TY,5,B,Wednesday,10:00,11:00,Software Engineering,Prof. Faculty 236,CI-165
771,Diploma,Civil Engineering,TY,5,B,Wednesday,11:15,12:15,Electrical Machines,Prof. Faculty 141,CI-117
772,Diploma,Civil Engineering,TY,5,B,Wednesday,12:15,01:15,DBMS,Prof. Faculty 159,CI-180
773,Diploma,Civil Engineering,TY,5,B,Wednesday,02:00,03:00,Cloud Computing,Prof. Faculty 162,CI-178
774,Diploma,Civil Engineering,TY,5,B,Wednesday,03:00,04:00,Computer Networks,Prof. Faculty 228,CI-228
775,Diploma,Civil Engineering,TY,5,B,Thursday,09:00,10:00,Physics,Prof. Faculty 206,CI-250
776,Diploma,Civil Engineering,TY,5,B,Thursday,10:00,11:00,Mathematics,Prof. Faculty 115,CI-143
777,Diploma,Civil Engineering,TY,5,B,Thursday,11:15,12:15,Thermodynamics,Prof. Faculty 243,CI-141
778,Diploma,Civil Engineering,TY,5,B,Thursday,12:15,01:15,Electrical Machines,Prof. Faculty 072,CI-169
779,Diploma,Civil Engineering,TY,5,B,Thursday,02:00,03:00,Software Engineering,Prof. Faculty 243,CI-145
780,Diploma,Civil Engineering,TY,5,B,Thursday,03:00,04:00,Surveying,Prof. Faculty 046,CI-260
781,Diploma,Civil Engineering,TY,5,B,Friday,09:00,10:00,Digital Electronics,Prof. Faculty 182,CI-227
782,Diploma,Civil Engineering,TY,5,B,Friday,10:00,11:00,Physics,Prof. Faculty 018,CI-172
783,Diploma,Civil Engineering,TY,5,B,Friday,11:15,12:15,AI Fundamentals,Prof. Faculty 034,CI-142
784,Diploma,Civil Engineering,TY,5,B,Friday,12:15,01:15,Digital Electronics,Prof. Faculty 180,CI-139
785,Diploma,Civil Engineering,TY,5,B,Friday,02:00,03:00,Surveying,Prof. Faculty 096,CI-213
786,Diploma,Civil Engineering,TY,5,B,Friday,03:00,04:00,Mathematics,Prof. Faculty 033,CI-249
787,Diploma,Civil Engineering,TY,5,B,Saturday,09:00,10:00,Cyber Security,Prof. Faculty 106,CI-275
788,Diploma,Civil Engineering,TY,5,B,Saturday,10:00,11:00,Computer Networks,Prof. Faculty 015,CI-276
789,Diploma,Civil Engineering,TY,5,B,Saturday,11:15,12:15,DBMS,Prof. Faculty 207,CI-271
790,Diploma,Civil Engineering,TY,5,B,Saturday,12:15,01:15,Electrical Machines,Prof. Faculty 155,CI-251
791,Diploma,Civil Engineering,TY,5,B,Saturday,02:00,03:00,DBMS,Prof. Faculty 063,CI-179
792,Diploma,Civil Engineering,TY,5,B,Saturday,03:00,04:00,Surveying,Prof. Faculty 140,CI-124
793,Diploma,Civil Engineering,TY,6,A,Monday,09:00,10:00,Cloud Computing,Prof. Faculty 188,CI-294
794,Diploma,Civil Engineering,TY,6,A,Monday,10:00,11:00,Java Programming,Prof. Faculty 009,CI-224
795,Diploma,Civil Engineering,TY,6,A,Monday,11:15,12:15,Mathematics,Prof. Faculty 082,CI-267
796,Diploma,Civil Engineering,TY,6,A,Monday,12:15,01:15,Computer Networks,Prof. Faculty 073,CI-298
797,Diploma,Civil Engineering,TY,6,A,Monday,02:00,03:00,CAD/CAM,Prof. Faculty 158,CI-304
798,Diploma,Civil Engineering,TY,6,A,Monday,03:00,04:00,Computer Networks,Prof. Faculty 216,CI-149
799,Diploma,Civil Engineering,TY,6,A,Tuesday,09:00,10:00,Cyber Security,Prof. Faculty 088,CI-206
800,Diploma,Civil Engineering,TY,6,A,Tuesday,10:00,11:00,Software Engineering,Prof. Faculty 020,CI-281
801,Diploma,Civil Engineering,TY,6,A,Tuesday,11:15,12:15,Python Programming,Prof. Faculty 215,CI-208
802,Diploma,Civil Engineering,TY,6,A,Tuesday,12:15,01:15,Cloud Computing,Prof. Faculty 238,CI-286
803,Diploma,Civil Engineering,TY,6,A,Tuesday,02:00,03:00,Software Engineering,Prof. Faculty 043,CI-252
804,Diploma,Civil Engineering,TY,6,A,Tuesday,03:00,04:00,Software Engineering,Prof. Faculty 226,CI-307
805,Diploma,Civil Engineering,TY,6,A,Wednesday,09:00,10:00,Operating Systems,Prof. Faculty 232,CI-311
806,Diploma,Civil Engineering,TY,6,A,Wednesday,10:00,11:00,Cloud Computing,Prof. Faculty 059,CI-295
807,Diploma,Civil Engineering,TY,6,A,Wednesday,11:15,12:15,Java Programming,Prof. Faculty 113,CI-181
808,Diploma,Civil Engineering,TY,6,A,Wednesday,12:15,01:15,AI Fundamentals,Prof. Faculty 246,CI-302
809,Diploma,Civil Engineering,TY,6,A,Wednesday,02:00,03:00,Mathematics,Prof. Faculty 206,CI-239
810,Diploma,Civil Engineering,TY,6,A,Wednesday,03:00,04:00,Surveying,Prof. Faculty 043,CI-112
811,Diploma,Civil Engineering,TY,6,A,Thursday,09:00,10:00,Project Lab,Prof. Faculty 093,CI-184
812,Diploma,Civil Engineering,TY,6,A,Thursday,10:00,11:00,CAD/CAM,Prof. Faculty 142,CI-163
813,Diploma,Civil Engineering,TY,6,A,Thursday,11:15,12:15,Software Engineering,Prof. Faculty 093,CI-210
814,Diploma,Civil Engineering,TY,6,A,Thursday,12:15,01:15,AI Fundamentals,Prof. Faculty 186,CI-146
815,Diploma,Civil Engineering,TY,6,A,Thursday,02:00,03:00,Software Engineering,Prof. Faculty 059,CI-288
816,Diploma,Civil Engineering,TY,6,A,Thursday,03:00,04:00,Digital Electronics,Prof. Faculty 142,CI-295
817,Diploma,Civil Engineering,TY,6,A,Friday,09:00,10:00,Cyber Security,Prof. Faculty 029,CI-180
818,Diploma,Civil Engineering,TY,6,A,Friday,10:00,11:00,Cloud Computing,Prof. Faculty 198,CI-232
819,Diploma,Civil Engineering,TY,6,A,Friday,11:15,12:15,Mathematics,Prof. Faculty 075,CI-160
820,Diploma,Civil Engineering,TY,6,A,Friday,12:15,01:15,Digital Electronics,Prof. Faculty 245,CI-200
821,Diploma,Civil Engineering,TY,6,A,Friday,02:00,03:00,Surveying,Prof. Faculty 101,CI-148
822,Diploma,Civil Engineering,TY,6,A,Friday,03:00,04:00,Software Engineering,Prof. Faculty 196,CI-276
823,Diploma,Civil Engineering,TY,6,A,Saturday,09:00,10:00,Project Lab,Prof. Faculty 138,CI-195
824,Diploma,Civil Engineering,TY,6,A,Saturday,10:00,11:00,Physics,Prof. Faculty 029,CI-301
825,Diploma,Civil Engineering,TY,6,A,Saturday,11:15,12:15,DBMS,Prof. Faculty 187,CI-253
826,Diploma,Civil Engineering,TY,6,A,Saturday,12:15,01:15,Surveying,Prof. Faculty 194,CI-283
827,Diploma,Civil Engineering,TY,6,A,Saturday,02:00,03:00,Python Programming,Prof. Faculty 106,CI-156
828,Diploma,Civil Engineering,TY,6,A,Saturday,03:00,04:00,Digital Electronics,Prof. Faculty 155,CI-128
829,Diploma,Civil Engineering,TY,6,B,Monday,09:00,10:00,Python Programming,Prof. Faculty 119,CI-123
830,Diploma,Civil Engineering,TY,6,B,Monday,10:00,11:00,Cyber Security,Prof. Faculty 027,CI-217
831,Diploma,Civil Engineering,TY,6,B,Monday,11:15,12:15,Digital Electronics,Prof. Faculty 068,CI-317
832,Diploma,Civil Engineering,TY,6,B,Monday,12:15,01:15,Project Lab,Prof. Faculty 100,CI-113
833,Diploma,Civil Engineering,TY,6,B,Monday,02:00,03:00,Cloud Computing,Prof. Faculty 040,CI-184
834,Diploma,Civil Engineering,TY,6,B,Monday,03:00,04:00,DBMS,Prof. Faculty 033,CI-136
835,Diploma,Civil Engineering,TY,6,B,Tuesday,09:00,10:00,Computer Networks,Prof. Faculty 205,CI-180
836,Diploma,Civil Engineering,TY,6,B,Tuesday,10:00,11:00,Physics,Prof. Faculty 094,CI-165
837,Diploma,Civil Engineering,TY,6,B,Tuesday,11:15,12:15,DBMS,Prof. Faculty 157,CI-264
838,Diploma,Civil Engineering,TY,6,B,Tuesday,12:15,01:15,Java Programming,Prof. Faculty 203,CI-186
839,Diploma,Civil Engineering,TY,6,B,Tuesday,02:00,03:00,Java Programming,Prof. Faculty 081,CI-316
840,Diploma,Civil Engineering,TY,6,B,Tuesday,03:00,04:00,DBMS,Prof. Faculty 238,CI-179
841,Diploma,Civil Engineering,TY,6,B,Wednesday,09:00,10:00,Digital Electronics,Prof. Faculty 159,CI-274
842,Diploma,Civil Engineering,TY,6,B,Wednesday,10:00,11:00,Cyber Security,Prof. Faculty 150,CI-257
843,Diploma,Civil Engineering,TY,6,B,Wednesday,11:15,12:15,Java Programming,Prof. Faculty 226,CI-223
844,Diploma,Civil Engineering,TY,6,B,Wednesday,12:15,01:15,Computer Networks,Prof. Faculty 088,CI-302
845,Diploma,Civil Engineering,TY,6,B,Wednesday,02:00,03:00,Electrical Machines,Prof. Faculty 070,CI-136
846,Diploma,Civil Engineering,TY,6,B,Wednesday,03:00,04:00,CAD/CAM,Prof. Faculty 045,CI-280
847,Diploma,Civil Engineering,TY,6,B,Thursday,09:00,10:00,Mathematics,Prof. Faculty 190,CI-126
848,Diploma,Civil Engineering,TY,6,B,Thursday,10:00,11:00,Physics,Prof. Faculty 153,CI-233
849,Diploma,Civil Engineering,TY,6,B,Thursday,11:15,12:15,Data Structures,Prof. Faculty 050,CI-190
850,Diploma,Civil Engineering,TY,6,B,Thursday,12:15,01:15,Surveying,Prof. Faculty 097,CI-176
851,Diploma,Civil Engineering,TY,6,B,Thursday,02:00,03:00,Digital Electronics,Prof. Faculty 019,CI-271
852,Diploma,Civil Engineering,TY,6,B,Thursday,03:00,04:00,Surveying,Prof. Faculty 195,CI-264
853,Diploma,Civil Engineering,TY,6,B,Friday,09:00,10:00,Computer Networks,Prof. Faculty 125,CI-226
854,Diploma,Civil Engineering,TY,6,B,Friday,10:00,11:00,Surveying,Prof. Faculty 092,CI-269
855,Diploma,Civil Engineering,TY,6,B,Friday,11:15,12:15,Java Programming,Prof. Faculty 128,CI-127
856,Diploma,Civil Engineering,TY,6,B,Friday,12:15,01:15,Data Structures,Prof. Faculty 025,CI-260
857,Diploma,Civil Engineering,TY,6,B,Friday,02:00,03:00,Java Programming,Prof. Faculty 212,CI-176
858,Diploma,Civil Engineering,TY,6,B,Friday,03:00,04:00,Web Development,Prof. Faculty 020,CI-256
859,Diploma,Civil Engineering,TY,6,B,Saturday,09:00,10:00,Cyber Security,Prof. Faculty 001,CI-109
860,Diploma,Civil Engineering,TY,6,B,Saturday,10:00,11:00,Java Programming,Prof. Faculty 184,CI-126
861,Diploma,Civil Engineering,TY,6,B,Saturday,11:15,12:15,Software Engineering,Prof. Faculty 174,CI-156
862,Diploma,Civil Engineering,TY,6,B,Saturday,12:15,01:15,Digital Electronics,Prof. Faculty 166,CI-236
863,Diploma,Civil Engineering,TY,6,B,Saturday,02:00,03:00,Electrical Machines,Prof. Faculty 007,CI-235
864,Diploma,Civil Engineering,TY,6,B,Saturday,03:00,04:00,DBMS,Prof. Faculty 241,CI-239
865,Diploma,Mechanical Engineering,FY,1,A,Monday,09:00,10:00,CAD/CAM,Prof. Faculty 042,ME-226
866,Diploma,Mechanical Engineering,FY,1,A,Monday,10:00,11:00,Electrical Machines,Prof. Faculty 003,ME-289
867,Diploma,Mechanical Engineering,FY,1,A,Monday,11:15,12:15,Computer Networks,Prof. Faculty 030,ME-271
868,Diploma,Mechanical Engineering,FY,1,A,Monday,12:15,01:15,Digital Electronics,Prof. Faculty 178,ME-269
869,Diploma,Mechanical Engineering,FY,1,A,Monday,02:00,03:00,AI Fundamentals,Prof. Faculty 129,ME-285
870,Diploma,Mechanical Engineering,FY,1,A,Monday,03:00,04:00,AI Fundamentals,Prof. Faculty 249,ME-169
871,Diploma,Mechanical Engineering,FY,1,A,Tuesday,09:00,10:00,Physics,Prof. Faculty 089,ME-254
872,Diploma,Mechanical Engineering,FY,1,A,Tuesday,10:00,11:00,Machine Learning,Prof. Faculty 109,ME-302
873,Diploma,Mechanical Engineering,FY,1,A,Tuesday,11:15,12:15,Cyber Security,Prof. Faculty 243,ME-294
874,Diploma,Mechanical Engineering,FY,1,A,Tuesday,12:15,01:15,Thermodynamics,Prof. Faculty 236,ME-120
875,Diploma,Mechanical Engineering,FY,1,A,Tuesday,02:00,03:00,DBMS,Prof. Faculty 182,ME-245
876,Diploma,Mechanical Engineering,FY,1,A,Tuesday,03:00,04:00,Physics,Prof. Faculty 170,ME-260
877,Diploma,Mechanical Engineering,FY,1,A,Wednesday,09:00,10:00,Thermodynamics,Prof. Faculty 204,ME-214
878,Diploma,Mechanical Engineering,FY,1,A,Wednesday,10:00,11:00,Mathematics,Prof. Faculty 191,ME-171
879,Diploma,Mechanical Engineering,FY,1,A,Wednesday,11:15,12:15,Operating Systems,Prof. Faculty 114,ME-213
880,Diploma,Mechanical Engineering,FY,1,A,Wednesday,12:15,01:15,Software Engineering,Prof. Faculty 161,ME-127
881,Diploma,Mechanical Engineering,FY,1,A,Wednesday,02:00,03:00,Surveying,Prof. Faculty 122,ME-237
882,Diploma,Mechanical Engineering,FY,1,A,Wednesday,03:00,04:00,Mathematics,Prof. Faculty 032,ME-117
883,Diploma,Mechanical Engineering,FY,1,A,Thursday,09:00,10:00,Physics,Prof. Faculty 101,ME-191
884,Diploma,Mechanical Engineering,FY,1,A,Thursday,10:00,11:00,Project Lab,Prof. Faculty 022,ME-196
885,Diploma,Mechanical Engineering,FY,1,A,Thursday,11:15,12:15,Thermodynamics,Prof. Faculty 064,ME-298
886,Diploma,Mechanical Engineering,FY,1,A,Thursday,12:15,01:15,DBMS,Prof. Faculty 185,ME-253
887,Diploma,Mechanical Engineering,FY,1,A,Thursday,02:00,03:00,Cloud Computing,Prof. Faculty 210,ME-196
888,Diploma,Mechanical Engineering,FY,1,A,Thursday,03:00,04:00,Project Lab,Prof. Faculty 175,ME-198
889,Diploma,Mechanical Engineering,FY,1,A,Friday,09:00,10:00,Python Programming,Prof. Faculty 042,ME-265
890,Diploma,Mechanical Engineering,FY,1,A,Friday,10:00,11:00,Computer Networks,Prof. Faculty 103,ME-192
891,Diploma,Mechanical Engineering,FY,1,A,Friday,11:15,12:15,Cyber Security,Prof. Faculty 246,ME-213
892,Diploma,Mechanical Engineering,FY,1,A,Friday,12:15,01:15,Java Programming,Prof. Faculty 214,ME-105
893,Diploma,Mechanical Engineering,FY,1,A,Friday,02:00,03:00,Software Engineering,Prof. Faculty 202,ME-289
894,Diploma,Mechanical Engineering,FY,1,A,Friday,03:00,04:00,Project Lab,Prof. Faculty 216,ME-273
895,Diploma,Mechanical Engineering,FY,1,A,Saturday,09:00,10:00,Machine Learning,Prof. Faculty 226,ME-256
896,Diploma,Mechanical Engineering,FY,1,A,Saturday,10:00,11:00,Digital Electronics,Prof. Faculty 163,ME-312
897,Diploma,Mechanical Engineering,FY,1,A,Saturday,11:15,12:15,Web Development,Prof. Faculty 227,ME-269
898,Diploma,Mechanical Engineering,FY,1,A,Saturday,12:15,01:15,Web Development,Prof. Faculty 106,ME-160
899,Diploma,Mechanical Engineering,FY,1,A,Saturday,02:00,03:00,Mathematics,Prof. Faculty 201,ME-302
900,Diploma,Mechanical Engineering,FY,1,A,Saturday,03:00,04:00,Mathematics,Prof. Faculty 199,ME-174
901,Diploma,Mechanical Engineering,FY,1,B,Monday,09:00,10:00,Computer Networks,Prof. Faculty 194,ME-193
902,Diploma,Mechanical Engineering,FY,1,B,Monday,10:00,11:00,Thermodynamics,Prof. Faculty 076,ME-129
903,Diploma,Mechanical Engineering,FY,1,B,Monday,11:15,12:15,Python Programming,Prof. Faculty 193,ME-177
904,Diploma,Mechanical Engineering,FY,1,B,Monday,12:15,01:15,Digital Electronics,Prof. Faculty 232,ME-169
905,Diploma,Mechanical Engineering,FY,1,B,Monday,02:00,03:00,Cloud Computing,Prof. Faculty 149,ME-182
906,Diploma,Mechanical Engineering,FY,1,B,Monday,03:00,04:00,Cloud Computing,Prof. Faculty 014,ME-245
907,Diploma,Mechanical Engineering,FY,1,B,Tuesday,09:00,10:00,Thermodynamics,Prof. Faculty 111,ME-106
908,Diploma,Mechanical Engineering,FY,1,B,Tuesday,10:00,11:00,Python Programming,Prof. Faculty 236,ME-178
909,Diploma,Mechanical Engineering,FY,1,B,Tuesday,11:15,12:15,Java Programming,Prof. Faculty 174,ME-209
910,Diploma,Mechanical Engineering,FY,1,B,Tuesday,12:15,01:15,Thermodynamics,Prof. Faculty 120,ME-154
911,Diploma,Mechanical Engineering,FY,1,B,Tuesday,02:00,03:00,Project Lab,Prof. Faculty 190,ME-165
912,Diploma,Mechanical Engineering,FY,1,B,Tuesday,03:00,04:00,CAD/CAM,Prof. Faculty 130,ME-210
913,Diploma,Mechanical Engineering,FY,1,B,Wednesday,09:00,10:00,DBMS,Prof. Faculty 080,ME-220
914,Diploma,Mechanical Engineering,FY,1,B,Wednesday,10:00,11:00,Operating Systems,Prof. Faculty 100,ME-319
915,Diploma,Mechanical Engineering,FY,1,B,Wednesday,11:15,12:15,Python Programming,Prof. Faculty 231,ME-200
916,Diploma,Mechanical Engineering,FY,1,B,Wednesday,12:15,01:15,Data Structures,Prof. Faculty 044,ME-294
917,Diploma,Mechanical Engineering,FY,1,B,Wednesday,02:00,03:00,Java Programming,Prof. Faculty 008,ME-314
918,Diploma,Mechanical Engineering,FY,1,B,Wednesday,03:00,04:00,Operating Systems,Prof. Faculty 195,ME-301
919,Diploma,Mechanical Engineering,FY,1,B,Thursday,09:00,10:00,Mathematics,Prof. Faculty 239,ME-177
920,Diploma,Mechanical Engineering,FY,1,B,Thursday,10:00,11:00,Data Structures,Prof. Faculty 012,ME-111
921,Diploma,Mechanical Engineering,FY,1,B,Thursday,11:15,12:15,CAD/CAM,Prof. Faculty 079,ME-320
922,Diploma,Mechanical Engineering,FY,1,B,Thursday,12:15,01:15,Web Development,Prof. Faculty 202,ME-119
923,Diploma,Mechanical Engineering,FY,1,B,Thursday,02:00,03:00,Machine Learning,Prof. Faculty 030,ME-286
924,Diploma,Mechanical Engineering,FY,1,B,Thursday,03:00,04:00,Electrical Machines,Prof. Faculty 116,ME-320
925,Diploma,Mechanical Engineering,FY,1,B,Friday,09:00,10:00,Mathematics,Prof. Faculty 203,ME-271
926,Diploma,Mechanical Engineering,FY,1,B,Friday,10:00,11:00,Digital Electronics,Prof. Faculty 040,ME-271
927,Diploma,Mechanical Engineering,FY,1,B,Friday,11:15,12:15,Digital Electronics,Prof. Faculty 091,ME-277
928,Diploma,Mechanical Engineering,FY,1,B,Friday,12:15,01:15,AI Fundamentals,Prof. Faculty 093,ME-251
929,Diploma,Mechanical Engineering,FY,1,B,Friday,02:00,03:00,Web Development,Prof. Faculty 199,ME-285
930,Diploma,Mechanical Engineering,FY,1,B,Friday,03:00,04:00,Mathematics,Prof. Faculty 084,ME-103
931,Diploma,Mechanical Engineering,FY,1,B,Saturday,09:00,10:00,Operating Systems,Prof. Faculty 094,ME-271
932,Diploma,Mechanical Engineering,FY,1,B,Saturday,10:00,11:00,Physics,Prof. Faculty 003,ME-281
933,Diploma,Mechanical Engineering,FY,1,B,Saturday,11:15,12:15,Operating Systems,Prof. Faculty 133,ME-273
934,Diploma,Mechanical Engineering,FY,1,B,Saturday,12:15,01:15,Machine Learning,Prof. Faculty 058,ME-302
935,Diploma,Mechanical Engineering,FY,1,B,Saturday,02:00,03:00,Cloud Computing,Prof. Faculty 250,ME-204
936,Diploma,Mechanical Engineering,FY,1,B,Saturday,03:00,04:00,Physics,Prof. Faculty 091,ME-225
937,Diploma,Mechanical Engineering,FY,2,A,Monday,09:00,10:00,Mathematics,Prof. Faculty 198,ME-226
938,Diploma,Mechanical Engineering,FY,2,A,Monday,10:00,11:00,Surveying,Prof. Faculty 183,ME-292
939,Diploma,Mechanical Engineering,FY,2,A,Monday,11:15,12:15,Project Lab,Prof. Faculty 181,ME-297
940,Diploma,Mechanical Engineering,FY,2,A,Monday,12:15,01:15,Digital Electronics,Prof. Faculty 148,ME-165
941,Diploma,Mechanical Engineering,FY,2,A,Monday,02:00,03:00,Data Structures,Prof. Faculty 180,ME-110
942,Diploma,Mechanical Engineering,FY,2,A,Monday,03:00,04:00,DBMS,Prof. Faculty 049,ME-141
943,Diploma,Mechanical Engineering,FY,2,A,Tuesday,09:00,10:00,CAD/CAM,Prof. Faculty 123,ME-319
944,Diploma,Mechanical Engineering,FY,2,A,Tuesday,10:00,11:00,Python Programming,Prof. Faculty 177,ME-262
945,Diploma,Mechanical Engineering,FY,2,A,Tuesday,11:15,12:15,Machine Learning,Prof. Faculty 142,ME-310
946,Diploma,Mechanical Engineering,FY,2,A,Tuesday,12:15,01:15,Project Lab,Prof. Faculty 183,ME-265
947,Diploma,Mechanical Engineering,FY,2,A,Tuesday,02:00,03:00,Machine Learning,Prof. Faculty 096,ME-170
948,Diploma,Mechanical Engineering,FY,2,A,Tuesday,03:00,04:00,AI Fundamentals,Prof. Faculty 218,ME-150
949,Diploma,Mechanical Engineering,FY,2,A,Wednesday,09:00,10:00,Operating Systems,Prof. Faculty 214,ME-190
950,Diploma,Mechanical Engineering,FY,2,A,Wednesday,10:00,11:00,Digital Electronics,Prof. Faculty 191,ME-214
951,Diploma,Mechanical Engineering,FY,2,A,Wednesday,11:15,12:15,Cyber Security,Prof. Faculty 240,ME-230
952,Diploma,Mechanical Engineering,FY,2,A,Wednesday,12:15,01:15,Project Lab,Prof. Faculty 145,ME-237
953,Diploma,Mechanical Engineering,FY,2,A,Wednesday,02:00,03:00,Project Lab,Prof. Faculty 119,ME-191
954,Diploma,Mechanical Engineering,FY,2,A,Wednesday,03:00,04:00,DBMS,Prof. Faculty 120,ME-291
955,Diploma,Mechanical Engineering,FY,2,A,Thursday,09:00,10:00,Java Programming,Prof. Faculty 230,ME-257
956,Diploma,Mechanical Engineering,FY,2,A,Thursday,10:00,11:00,Physics,Prof. Faculty 081,ME-228
957,Diploma,Mechanical Engineering,FY,2,A,Thursday,11:15,12:15,Electrical Machines,Prof. Faculty 109,ME-203
958,Diploma,Mechanical Engineering,FY,2,A,Thursday,12:15,01:15,Java Programming,Prof. Faculty 200,ME-261
959,Diploma,Mechanical Engineering,FY,2,A,Thursday,02:00,03:00,AI Fundamentals,Prof. Faculty 138,ME-212
960,Diploma,Mechanical Engineering,FY,2,A,Thursday,03:00,04:00,Cyber Security,Prof. Faculty 197,ME-316
961,Diploma,Mechanical Engineering,FY,2,A,Friday,09:00,10:00,Web Development,Prof. Faculty 191,ME-133
962,Diploma,Mechanical Engineering,FY,2,A,Friday,10:00,11:00,Operating Systems,Prof. Faculty 135,ME-145
963,Diploma,Mechanical Engineering,FY,2,A,Friday,11:15,12:15,Electrical Machines,Prof. Faculty 205,ME-286
964,Diploma,Mechanical Engineering,FY,2,A,Friday,12:15,01:15,Thermodynamics,Prof. Faculty 064,ME-318
965,Diploma,Mechanical Engineering,FY,2,A,Friday,02:00,03:00,Java Programming,Prof. Faculty 237,ME-182
966,Diploma,Mechanical Engineering,FY,2,A,Friday,03:00,04:00,Cloud Computing,Prof. Faculty 101,ME-147
967,Diploma,Mechanical Engineering,FY,2,A,Saturday,09:00,10:00,Machine Learning,Prof. Faculty 126,ME-176
968,Diploma,Mechanical Engineering,FY,2,A,Saturday,10:00,11:00,Software Engineering,Prof. Faculty 024,ME-202
969,Diploma,Mechanical Engineering,FY,2,A,Saturday,11:15,12:15,DBMS,Prof. Faculty 246,ME-304
970,Diploma,Mechanical Engineering,FY,2,A,Saturday,12:15,01:15,DBMS,Prof. Faculty 172,ME-273
971,Diploma,Mechanical Engineering,FY,2,A,Saturday,02:00,03:00,Python Programming,Prof. Faculty 104,ME-299
972,Diploma,Mechanical Engineering,FY,2,A,Saturday,03:00,04:00,Python Programming,Prof. Faculty 131,ME-113
973,Diploma,Mechanical Engineering,FY,2,B,Monday,09:00,10:00,Web Development,Prof. Faculty 002,ME-287
974,Diploma,Mechanical Engineering,FY,2,B,Monday,10:00,11:00,Digital Electronics,Prof. Faculty 002,ME-249
975,Diploma,Mechanical Engineering,FY,2,B,Monday,11:15,12:15,Physics,Prof. Faculty 245,ME-212
976,Diploma,Mechanical Engineering,FY,2,B,Monday,12:15,01:15,CAD/CAM,Prof. Faculty 107,ME-113
977,Diploma,Mechanical Engineering,FY,2,B,Monday,02:00,03:00,Project Lab,Prof. Faculty 168,ME-204
978,Diploma,Mechanical Engineering,FY,2,B,Monday,03:00,04:00,Electrical Machines,Prof. Faculty 217,ME-121
979,Diploma,Mechanical Engineering,FY,2,B,Tuesday,09:00,10:00,Machine Learning,Prof. Faculty 201,ME-119
980,Diploma,Mechanical Engineering,FY,2,B,Tuesday,10:00,11:00,AI Fundamentals,Prof. Faculty 077,ME-196
981,Diploma,Mechanical Engineering,FY,2,B,Tuesday,11:15,12:15,AI Fundamentals,Prof. Faculty 096,ME-320
982,Diploma,Mechanical Engineering,FY,2,B,Tuesday,12:15,01:15,Computer Networks,Prof. Faculty 172,ME-190
983,Diploma,Mechanical Engineering,FY,2,B,Tuesday,02:00,03:00,Machine Learning,Prof. Faculty 116,ME-229
984,Diploma,Mechanical Engineering,FY,2,B,Tuesday,03:00,04:00,AI Fundamentals,Prof. Faculty 096,ME-244
985,Diploma,Mechanical Engineering,FY,2,B,Wednesday,09:00,10:00,Java Programming,Prof. Faculty 069,ME-103
986,Diploma,Mechanical Engineering,FY,2,B,Wednesday,10:00,11:00,Physics,Prof. Faculty 115,ME-220
987,Diploma,Mechanical Engineering,FY,2,B,Wednesday,11:15,12:15,Thermodynamics,Prof. Faculty 249,ME-312
988,Diploma,Mechanical Engineering,FY,2,B,Wednesday,12:15,01:15,Software Engineering,Prof. Faculty 019,ME-262
989,Diploma,Mechanical Engineering,FY,2,B,Wednesday,02:00,03:00,Data Structures,Prof. Faculty 089,ME-114
990,Diploma,Mechanical Engineering,FY,2,B,Wednesday,03:00,04:00,Operating Systems,Prof. Faculty 017,ME-317
991,Diploma,Mechanical Engineering,FY,2,B,Thursday,09:00,10:00,Web Development,Prof. Faculty 084,ME-274
992,Diploma,Mechanical Engineering,FY,2,B,Thursday,10:00,11:00,Mathematics,Prof. Faculty 109,ME-254
993,Diploma,Mechanical Engineering,FY,2,B,Thursday,11:15,12:15,Mathematics,Prof. Faculty 179,ME-218
994,Diploma,Mechanical Engineering,FY,2,B,Thursday,12:15,01:15,Java Programming,Prof. Faculty 119,ME-204
995,Diploma,Mechanical Engineering,FY,2,B,Thursday,02:00,03:00,AI Fundamentals,Prof. Faculty 047,ME-167
996,Diploma,Mechanical Engineering,FY,2,B,Thursday,03:00,04:00,Operating Systems,Prof. Faculty 023,ME-289
997,Diploma,Mechanical Engineering,FY,2,B,Friday,09:00,10:00,Physics,Prof. Faculty 071,ME-211
998,Diploma,Mechanical Engineering,FY,2,B,Friday,10:00,11:00,Operating Systems,Prof. Faculty 143,ME-213
999,Diploma,Mechanical Engineering,FY,2,B,Friday,11:15,12:15,CAD/CAM,Prof. Faculty 201,ME-165
1000,Diploma,Mechanical Engineering,FY,2,B,Friday,12:15,01:15,Electrical Machines,Prof. Faculty 248,ME-279
1001,Diploma,Mechanical Engineering,FY,2,B,Friday,02:00,03:00,Python Programming,Prof. Faculty 056,ME-203
1002,Diploma,Mechanical Engineering,FY,2,B,Friday,03:00,04:00,Cyber Security,Prof. Faculty 035,ME-198
1003,Diploma,Mechanical Engineering,FY,2,B,Saturday,09:00,10:00,Web Development,Prof. Faculty 022,ME-140
1004,Diploma,Mechanical Engineering,FY,2,B,Saturday,10:00,11:00,Computer Networks,Prof. Faculty 191,ME-174
1005,Diploma,Mechanical Engineering,FY,2,B,Saturday,11:15,12:15,Machine Learning,Prof. Faculty 108,ME-211
1006,Diploma,Mechanical Engineering,FY,2,B,Saturday,12:15,01:15,Web Development,Prof. Faculty 215,ME-258
1007,Diploma,Mechanical Engineering,FY,2,B,Saturday,02:00,03:00,Digital Electronics,Prof. Faculty 243,ME-302
1008,Diploma,Mechanical Engineering,FY,2,B,Saturday,03:00,04:00,Cloud Computing,Prof. Faculty 040,ME-308
1009,Diploma,Mechanical Engineering,SY,3,A,Monday,09:00,10:00,Computer Networks,Prof. Faculty 003,ME-139
1010,Diploma,Mechanical Engineering,SY,3,A,Monday,10:00,11:00,AI Fundamentals,Prof. Faculty 110,ME-312
1011,Diploma,Mechanical Engineering,SY,3,A,Monday,11:15,12:15,CAD/CAM,Prof. Faculty 093,ME-311
1012,Diploma,Mechanical Engineering,SY,3,A,Monday,12:15,01:15,Cloud Computing,Prof. Faculty 209,ME-195
1013,Diploma,Mechanical Engineering,SY,3,A,Monday,02:00,03:00,Digital Electronics,Prof. Faculty 146,ME-123
1014,Diploma,Mechanical Engineering,SY,3,A,Monday,03:00,04:00,Machine Learning,Prof. Faculty 202,ME-237
1015,Diploma,Mechanical Engineering,SY,3,A,Tuesday,09:00,10:00,Computer Networks,Prof. Faculty 191,ME-104
1016,Diploma,Mechanical Engineering,SY,3,A,Tuesday,10:00,11:00,Web Development,Prof. Faculty 074,ME-147
1017,Diploma,Mechanical Engineering,SY,3,A,Tuesday,11:15,12:15,AI Fundamentals,Prof. Faculty 173,ME-145
1018,Diploma,Mechanical Engineering,SY,3,A,Tuesday,12:15,01:15,Thermodynamics,Prof. Faculty 139,ME-129
1019,Diploma,Mechanical Engineering,SY,3,A,Tuesday,02:00,03:00,Computer Networks,Prof. Faculty 202,ME-156
1020,Diploma,Mechanical Engineering,SY,3,A,Tuesday,03:00,04:00,Project Lab,Prof. Faculty 109,ME-127
1021,Diploma,Mechanical Engineering,SY,3,A,Wednesday,09:00,10:00,DBMS,Prof. Faculty 129,ME-169
1022,Diploma,Mechanical Engineering,SY,3,A,Wednesday,10:00,11:00,Surveying,Prof. Faculty 150,ME-152
1023,Diploma,Mechanical Engineering,SY,3,A,Wednesday,11:15,12:15,Java Programming,Prof. Faculty 247,ME-161
1024,Diploma,Mechanical Engineering,SY,3,A,Wednesday,12:15,01:15,Computer Networks,Prof. Faculty 085,ME-123
1025,Diploma,Mechanical Engineering,SY,3,A,Wednesday,02:00,03:00,Computer Networks,Prof. Faculty 204,ME-294
1026,Diploma,Mechanical Engineering,SY,3,A,Wednesday,03:00,04:00,Web Development,Prof. Faculty 086,ME-156
1027,Diploma,Mechanical Engineering,SY,3,A,Thursday,09:00,10:00,Data Structures,Prof. Faculty 171,ME-152
1028,Diploma,Mechanical Engineering,SY,3,A,Thursday,10:00,11:00,Physics,Prof. Faculty 135,ME-248
1029,Diploma,Mechanical Engineering,SY,3,A,Thursday,11:15,12:15,Surveying,Prof. Faculty 210,ME-295
1030,Diploma,Mechanical Engineering,SY,3,A,Thursday,12:15,01:15,Project Lab,Prof. Faculty 064,ME-267
1031,Diploma,Mechanical Engineering,SY,3,A,Thursday,02:00,03:00,CAD/CAM,Prof. Faculty 122,ME-200
1032,Diploma,Mechanical Engineering,SY,3,A,Thursday,03:00,04:00,Electrical Machines,Prof. Faculty 232,ME-259
1033,Diploma,Mechanical Engineering,SY,3,A,Friday,09:00,10:00,CAD/CAM,Prof. Faculty 162,ME-144
1034,Diploma,Mechanical Engineering,SY,3,A,Friday,10:00,11:00,Cyber Security,Prof. Faculty 068,ME-179
1035,Diploma,Mechanical Engineering,SY,3,A,Friday,11:15,12:15,Electrical Machines,Prof. Faculty 089,ME-183
1036,Diploma,Mechanical Engineering,SY,3,A,Friday,12:15,01:15,Cloud Computing,Prof. Faculty 171,ME-152
1037,Diploma,Mechanical Engineering,SY,3,A,Friday,02:00,03:00,Thermodynamics,Prof. Faculty 161,ME-169
1038,Diploma,Mechanical Engineering,SY,3,A,Friday,03:00,04:00,Digital Electronics,Prof. Faculty 169,ME-112
1039,Diploma,Mechanical Engineering,SY,3,A,Saturday,09:00,10:00,Computer Networks,Prof. Faculty 044,ME-169
1040,Diploma,Mechanical Engineering,SY,3,A,Saturday,10:00,11:00,Machine Learning,Prof. Faculty 214,ME-287
1041,Diploma,Mechanical Engineering,SY,3,A,Saturday,11:15,12:15,DBMS,Prof. Faculty 246,ME-241
1042,Diploma,Mechanical Engineering,SY,3,A,Saturday,12:15,01:15,Physics,Prof. Faculty 047,ME-226
1043,Diploma,Mechanical Engineering,SY,3,A,Saturday,02:00,03:00,Electrical Machines,Prof. Faculty 109,ME-117
1044,Diploma,Mechanical Engineering,SY,3,A,Saturday,03:00,04:00,Python Programming,Prof. Faculty 074,ME-302
1045,Diploma,Mechanical Engineering,SY,3,B,Monday,09:00,10:00,Digital Electronics,Prof. Faculty 177,ME-177
1046,Diploma,Mechanical Engineering,SY,3,B,Monday,10:00,11:00,Project Lab,Prof. Faculty 058,ME-212
1047,Diploma,Mechanical Engineering,SY,3,B,Monday,11:15,12:15,Project Lab,Prof. Faculty 018,ME-154
1048,Diploma,Mechanical Engineering,SY,3,B,Monday,12:15,01:15,DBMS,Prof. Faculty 073,ME-271
1049,Diploma,Mechanical Engineering,SY,3,B,Monday,02:00,03:00,Web Development,Prof. Faculty 140,ME-317
1050,Diploma,Mechanical Engineering,SY,3,B,Monday,03:00,04:00,DBMS,Prof. Faculty 059,ME-289
1051,Diploma,Mechanical Engineering,SY,3,B,Tuesday,09:00,10:00,CAD/CAM,Prof. Faculty 094,ME-141
1052,Diploma,Mechanical Engineering,SY,3,B,Tuesday,10:00,11:00,Digital Electronics,Prof. Faculty 131,ME-166
1053,Diploma,Mechanical Engineering,SY,3,B,Tuesday,11:15,12:15,Surveying,Prof. Faculty 218,ME-180
1054,Diploma,Mechanical Engineering,SY,3,B,Tuesday,12:15,01:15,Data Structures,Prof. Faculty 102,ME-138
1055,Diploma,Mechanical Engineering,SY,3,B,Tuesday,02:00,03:00,Machine Learning,Prof. Faculty 014,ME-240
1056,Diploma,Mechanical Engineering,SY,3,B,Tuesday,03:00,04:00,Electrical Machines,Prof. Faculty 206,ME-102
1057,Diploma,Mechanical Engineering,SY,3,B,Wednesday,09:00,10:00,DBMS,Prof. Faculty 055,ME-172
1058,Diploma,Mechanical Engineering,SY,3,B,Wednesday,10:00,11:00,CAD/CAM,Prof. Faculty 226,ME-195
1059,Diploma,Mechanical Engineering,SY,3,B,Wednesday,11:15,12:15,Data Structures,Prof. Faculty 212,ME-162
1060,Diploma,Mechanical Engineering,SY,3,B,Wednesday,12:15,01:15,Surveying,Prof. Faculty 241,ME-272
1061,Diploma,Mechanical Engineering,SY,3,B,Wednesday,02:00,03:00,Project Lab,Prof. Faculty 159,ME-105
1062,Diploma,Mechanical Engineering,SY,3,B,Wednesday,03:00,04:00,Cyber Security,Prof. Faculty 211,ME-300
1063,Diploma,Mechanical Engineering,SY,3,B,Thursday,09:00,10:00,DBMS,Prof. Faculty 047,ME-285
1064,Diploma,Mechanical Engineering,SY,3,B,Thursday,10:00,11:00,Project Lab,Prof. Faculty 099,ME-193
1065,Diploma,Mechanical Engineering,SY,3,B,Thursday,11:15,12:15,Machine Learning,Prof. Faculty 158,ME-227
1066,Diploma,Mechanical Engineering,SY,3,B,Thursday,12:15,01:15,Computer Networks,Prof. Faculty 121,ME-250
1067,Diploma,Mechanical Engineering,SY,3,B,Thursday,02:00,03:00,Digital Electronics,Prof. Faculty 144,ME-224
1068,Diploma,Mechanical Engineering,SY,3,B,Thursday,03:00,04:00,Operating Systems,Prof. Faculty 143,ME-207
1069,Diploma,Mechanical Engineering,SY,3,B,Friday,09:00,10:00,AI Fundamentals,Prof. Faculty 085,ME-245
1070,Diploma,Mechanical Engineering,SY,3,B,Friday,10:00,11:00,Mathematics,Prof. Faculty 117,ME-115
1071,Diploma,Mechanical Engineering,SY,3,B,Friday,11:15,12:15,Python Programming,Prof. Faculty 012,ME-148
1072,Diploma,Mechanical Engineering,SY,3,B,Friday,12:15,01:15,Python Programming,Prof. Faculty 012,ME-129
1073,Diploma,Mechanical Engineering,SY,3,B,Friday,02:00,03:00,Digital Electronics,Prof. Faculty 099,ME-233
1074,Diploma,Mechanical Engineering,SY,3,B,Friday,03:00,04:00,Computer Networks,Prof. Faculty 099,ME-213
1075,Diploma,Mechanical Engineering,SY,3,B,Saturday,09:00,10:00,Project Lab,Prof. Faculty 084,ME-158
1076,Diploma,Mechanical Engineering,SY,3,B,Saturday,10:00,11:00,Web Development,Prof. Faculty 145,ME-186
1077,Diploma,Mechanical Engineering,SY,3,B,Saturday,11:15,12:15,Software Engineering,Prof. Faculty 193,ME-156
1078,Diploma,Mechanical Engineering,SY,3,B,Saturday,12:15,01:15,Thermodynamics,Prof. Faculty 198,ME-286
1079,Diploma,Mechanical Engineering,SY,3,B,Saturday,02:00,03:00,Machine Learning,Prof. Faculty 174,ME-283
1080,Diploma,Mechanical Engineering,SY,3,B,Saturday,03:00,04:00,Electrical Machines,Prof. Faculty 173,ME-192
1081,Diploma,Mechanical Engineering,SY,4,A,Monday,09:00,10:00,Machine Learning,Prof. Faculty 007,ME-282
1082,Diploma,Mechanical Engineering,SY,4,A,Monday,10:00,11:00,Digital Electronics,Prof. Faculty 060,ME-271
1083,Diploma,Mechanical Engineering,SY,4,A,Monday,11:15,12:15,Mathematics,Prof. Faculty 175,ME-263
1084,Diploma,Mechanical Engineering,SY,4,A,Monday,12:15,01:15,Digital Electronics,Prof. Faculty 172,ME-255
1085,Diploma,Mechanical Engineering,SY,4,A,Monday,02:00,03:00,DBMS,Prof. Faculty 053,ME-156
1086,Diploma,Mechanical Engineering,SY,4,A,Monday,03:00,04:00,Digital Electronics,Prof. Faculty 151,ME-186
1087,Diploma,Mechanical Engineering,SY,4,A,Tuesday,09:00,10:00,Physics,Prof. Faculty 133,ME-158
1088,Diploma,Mechanical Engineering,SY,4,A,Tuesday,10:00,11:00,Digital Electronics,Prof. Faculty 059,ME-212
1089,Diploma,Mechanical Engineering,SY,4,A,Tuesday,11:15,12:15,Web Development,Prof. Faculty 007,ME-186
1090,Diploma,Mechanical Engineering,SY,4,A,Tuesday,12:15,01:15,Electrical Machines,Prof. Faculty 198,ME-150
1091,Diploma,Mechanical Engineering,SY,4,A,Tuesday,02:00,03:00,Software Engineering,Prof. Faculty 089,ME-308
1092,Diploma,Mechanical Engineering,SY,4,A,Tuesday,03:00,04:00,Computer Networks,Prof. Faculty 223,ME-234
1093,Diploma,Mechanical Engineering,SY,4,A,Wednesday,09:00,10:00,Physics,Prof. Faculty 194,ME-243
1094,Diploma,Mechanical Engineering,SY,4,A,Wednesday,10:00,11:00,Electrical Machines,Prof. Faculty 097,ME-253
1095,Diploma,Mechanical Engineering,SY,4,A,Wednesday,11:15,12:15,CAD/CAM,Prof. Faculty 041,ME-114
1096,Diploma,Mechanical Engineering,SY,4,A,Wednesday,12:15,01:15,Electrical Machines,Prof. Faculty 078,ME-273
1097,Diploma,Mechanical Engineering,SY,4,A,Wednesday,02:00,03:00,Physics,Prof. Faculty 058,ME-120
1098,Diploma,Mechanical Engineering,SY,4,A,Wednesday,03:00,04:00,Cyber Security,Prof. Faculty 250,ME-189
1099,Diploma,Mechanical Engineering,SY,4,A,Thursday,09:00,10:00,Surveying,Prof. Faculty 241,ME-320
1100,Diploma,Mechanical Engineering,SY,4,A,Thursday,10:00,11:00,Machine Learning,Prof. Faculty 155,ME-145
1101,Diploma,Mechanical Engineering,SY,4,A,Thursday,11:15,12:15,AI Fundamentals,Prof. Faculty 092,ME-222
1102,Diploma,Mechanical Engineering,SY,4,A,Thursday,12:15,01:15,CAD/CAM,Prof. Faculty 051,ME-160
1103,Diploma,Mechanical Engineering,SY,4,A,Thursday,02:00,03:00,Electrical Machines,Prof. Faculty 092,ME-102
1104,Diploma,Mechanical Engineering,SY,4,A,Thursday,03:00,04:00,Electrical Machines,Prof. Faculty 106,ME-115
1105,Diploma,Mechanical Engineering,SY,4,A,Friday,09:00,10:00,Mathematics,Prof. Faculty 167,ME-144
1106,Diploma,Mechanical Engineering,SY,4,A,Friday,10:00,11:00,Thermodynamics,Prof. Faculty 056,ME-229
1107,Diploma,Mechanical Engineering,SY,4,A,Friday,11:15,12:15,Surveying,Prof. Faculty 192,ME-188
1108,Diploma,Mechanical Engineering,SY,4,A,Friday,12:15,01:15,Cloud Computing,Prof. Faculty 231,ME-283
1109,Diploma,Mechanical Engineering,SY,4,A,Friday,02:00,03:00,Physics,Prof. Faculty 142,ME-128
1110,Diploma,Mechanical Engineering,SY,4,A,Friday,03:00,04:00,Software Engineering,Prof. Faculty 092,ME-120
1111,Diploma,Mechanical Engineering,SY,4,A,Saturday,09:00,10:00,Project Lab,Prof. Faculty 031,ME-272
1112,Diploma,Mechanical Engineering,SY,4,A,Saturday,10:00,11:00,Machine Learning,Prof. Faculty 064,ME-282
1113,Diploma,Mechanical Engineering,SY,4,A,Saturday,11:15,12:15,Computer Networks,Prof. Faculty 088,ME-227
1114,Diploma,Mechanical Engineering,SY,4,A,Saturday,12:15,01:15,Physics,Prof. Faculty 152,ME-212
1115,Diploma,Mechanical Engineering,SY,4,A,Saturday,02:00,03:00,Surveying,Prof. Faculty 208,ME-175
1116,Diploma,Mechanical Engineering,SY,4,A,Saturday,03:00,04:00,Data Structures,Prof. Faculty 209,ME-266
1117,Diploma,Mechanical Engineering,SY,4,B,Monday,09:00,10:00,Computer Networks,Prof. Faculty 105,ME-173
1118,Diploma,Mechanical Engineering,SY,4,B,Monday,10:00,11:00,Cyber Security,Prof. Faculty 059,ME-313
1119,Diploma,Mechanical Engineering,SY,4,B,Monday,11:15,12:15,Cyber Security,Prof. Faculty 149,ME-199
1120,Diploma,Mechanical Engineering,SY,4,B,Monday,12:15,01:15,DBMS,Prof. Faculty 167,ME-266
1121,Diploma,Mechanical Engineering,SY,4,B,Monday,02:00,03:00,Project Lab,Prof. Faculty 173,ME-247
1122,Diploma,Mechanical Engineering,SY,4,B,Monday,03:00,04:00,Thermodynamics,Prof. Faculty 034,ME-123
1123,Diploma,Mechanical Engineering,SY,4,B,Tuesday,09:00,10:00,Electrical Machines,Prof. Faculty 039,ME-165
1124,Diploma,Mechanical Engineering,SY,4,B,Tuesday,10:00,11:00,Java Programming,Prof. Faculty 140,ME-181
1125,Diploma,Mechanical Engineering,SY,4,B,Tuesday,11:15,12:15,Data Structures,Prof. Faculty 158,ME-281
1126,Diploma,Mechanical Engineering,SY,4,B,Tuesday,12:15,01:15,Operating Systems,Prof. Faculty 226,ME-243
1127,Diploma,Mechanical Engineering,SY,4,B,Tuesday,02:00,03:00,Physics,Prof. Faculty 062,ME-285
1128,Diploma,Mechanical Engineering,SY,4,B,Tuesday,03:00,04:00,Electrical Machines,Prof. Faculty 140,ME-181
1129,Diploma,Mechanical Engineering,SY,4,B,Wednesday,09:00,10:00,Python Programming,Prof. Faculty 219,ME-258
1130,Diploma,Mechanical Engineering,SY,4,B,Wednesday,10:00,11:00,Cloud Computing,Prof. Faculty 036,ME-145
1131,Diploma,Mechanical Engineering,SY,4,B,Wednesday,11:15,12:15,Data Structures,Prof. Faculty 050,ME-259
1132,Diploma,Mechanical Engineering,SY,4,B,Wednesday,12:15,01:15,Cloud Computing,Prof. Faculty 108,ME-140
1133,Diploma,Mechanical Engineering,SY,4,B,Wednesday,02:00,03:00,Operating Systems,Prof. Faculty 126,ME-153
1134,Diploma,Mechanical Engineering,SY,4,B,Wednesday,03:00,04:00,AI Fundamentals,Prof. Faculty 060,ME-133
1135,Diploma,Mechanical Engineering,SY,4,B,Thursday,09:00,10:00,Python Programming,Prof. Faculty 211,ME-273
1136,Diploma,Mechanical Engineering,SY,4,B,Thursday,10:00,11:00,CAD/CAM,Prof. Faculty 027,ME-174
1137,Diploma,Mechanical Engineering,SY,4,B,Thursday,11:15,12:15,Data Structures,Prof. Faculty 233,ME-275
1138,Diploma,Mechanical Engineering,SY,4,B,Thursday,12:15,01:15,Mathematics,Prof. Faculty 128,ME-140
1139,Diploma,Mechanical Engineering,SY,4,B,Thursday,02:00,03:00,Thermodynamics,Prof. Faculty 063,ME-277
1140,Diploma,Mechanical Engineering,SY,4,B,Thursday,03:00,04:00,Thermodynamics,Prof. Faculty 115,ME-281
1141,Diploma,Mechanical Engineering,SY,4,B,Friday,09:00,10:00,Cloud Computing,Prof. Faculty 170,ME-250
1142,Diploma,Mechanical Engineering,SY,4,B,Friday,10:00,11:00,DBMS,Prof. Faculty 179,ME-141
1143,Diploma,Mechanical Engineering,SY,4,B,Friday,11:15,12:15,Cloud Computing,Prof. Faculty 103,ME-109
1144,Diploma,Mechanical Engineering,SY,4,B,Friday,12:15,01:15,Data Structures,Prof. Faculty 245,ME-313
1145,Diploma,Mechanical Engineering,SY,4,B,Friday,02:00,03:00,Project Lab,Prof. Faculty 177,ME-288
1146,Diploma,Mechanical Engineering,SY,4,B,Friday,03:00,04:00,CAD/CAM,Prof. Faculty 220,ME-171
1147,Diploma,Mechanical Engineering,SY,4,B,Saturday,09:00,10:00,Java Programming,Prof. Faculty 114,ME-268
1148,Diploma,Mechanical Engineering,SY,4,B,Saturday,10:00,11:00,DBMS,Prof. Faculty 248,ME-233
1149,Diploma,Mechanical Engineering,SY,4,B,Saturday,11:15,12:15,Computer Networks,Prof. Faculty 046,ME-161
1150,Diploma,Mechanical Engineering,SY,4,B,Saturday,12:15,01:15,AI Fundamentals,Prof. Faculty 156,ME-253
1151,Diploma,Mechanical Engineering,SY,4,B,Saturday,02:00,03:00,AI Fundamentals,Prof. Faculty 043,ME-196
1152,Diploma,Mechanical Engineering,SY,4,B,Saturday,03:00,04:00,Project Lab,Prof. Faculty 220,ME-216
1153,Diploma,Mechanical Engineering,TY,5,A,Monday,09:00,10:00,CAD/CAM,Prof. Faculty 229,ME-235
1154,Diploma,Mechanical Engineering,TY,5,A,Monday,10:00,11:00,Project Lab,Prof. Faculty 234,ME-307
1155,Diploma,Mechanical Engineering,TY,5,A,Monday,11:15,12:15,Cloud Computing,Prof. Faculty 005,ME-306
1156,Diploma,Mechanical Engineering,TY,5,A,Monday,12:15,01:15,Software Engineering,Prof. Faculty 230,ME-179
1157,Diploma,Mechanical Engineering,TY,5,A,Monday,02:00,03:00,Project Lab,Prof. Faculty 127,ME-318
1158,Diploma,Mechanical Engineering,TY,5,A,Monday,03:00,04:00,Project Lab,Prof. Faculty 160,ME-185
1159,Diploma,Mechanical Engineering,TY,5,A,Tuesday,09:00,10:00,Machine Learning,Prof. Faculty 170,ME-108
1160,Diploma,Mechanical Engineering,TY,5,A,Tuesday,10:00,11:00,CAD/CAM,Prof. Faculty 076,ME-131
1161,Diploma,Mechanical Engineering,TY,5,A,Tuesday,11:15,12:15,Thermodynamics,Prof. Faculty 014,ME-109
1162,Diploma,Mechanical Engineering,TY,5,A,Tuesday,12:15,01:15,Cyber Security,Prof. Faculty 167,ME-114
1163,Diploma,Mechanical Engineering,TY,5,A,Tuesday,02:00,03:00,Web Development,Prof. Faculty 244,ME-307
1164,Diploma,Mechanical Engineering,TY,5,A,Tuesday,03:00,04:00,Digital Electronics,Prof. Faculty 025,ME-288
1165,Diploma,Mechanical Engineering,TY,5,A,Wednesday,09:00,10:00,Computer Networks,Prof. Faculty 159,ME-183
1166,Diploma,Mechanical Engineering,TY,5,A,Wednesday,10:00,11:00,Operating Systems,Prof. Faculty 006,ME-207
1167,Diploma,Mechanical Engineering,TY,5,A,Wednesday,11:15,12:15,Digital Electronics,Prof. Faculty 050,ME-204
1168,Diploma,Mechanical Engineering,TY,5,A,Wednesday,12:15,01:15,Thermodynamics,Prof. Faculty 089,ME-244
1169,Diploma,Mechanical Engineering,TY,5,A,Wednesday,02:00,03:00,Electrical Machines,Prof. Faculty 213,ME-308
1170,Diploma,Mechanical Engineering,TY,5,A,Wednesday,03:00,04:00,Software Engineering,Prof. Faculty 240,ME-166
1171,Diploma,Mechanical Engineering,TY,5,A,Thursday,09:00,10:00,Computer Networks,Prof. Faculty 142,ME-162
1172,Diploma,Mechanical Engineering,TY,5,A,Thursday,10:00,11:00,Software Engineering,Prof. Faculty 190,ME-304
1173,Diploma,Mechanical Engineering,TY,5,A,Thursday,11:15,12:15,Cyber Security,Prof. Faculty 136,ME-159
1174,Diploma,Mechanical Engineering,TY,5,A,Thursday,12:15,01:15,Data Structures,Prof. Faculty 165,ME-186
1175,Diploma,Mechanical Engineering,TY,5,A,Thursday,02:00,03:00,CAD/CAM,Prof. Faculty 213,ME-304
1176,Diploma,Mechanical Engineering,TY,5,A,Thursday,03:00,04:00,Physics,Prof. Faculty 244,ME-104
1177,Diploma,Mechanical Engineering,TY,5,A,Friday,09:00,10:00,DBMS,Prof. Faculty 199,ME-156
1178,Diploma,Mechanical Engineering,TY,5,A,Friday,10:00,11:00,CAD/CAM,Prof. Faculty 197,ME-311
1179,Diploma,Mechanical Engineering,TY,5,A,Friday,11:15,12:15,Computer Networks,Prof. Faculty 070,ME-133
1180,Diploma,Mechanical Engineering,TY,5,A,Friday,12:15,01:15,Digital Electronics,Prof. Faculty 143,ME-153
1181,Diploma,Mechanical Engineering,TY,5,A,Friday,02:00,03:00,DBMS,Prof. Faculty 182,ME-277
1182,Diploma,Mechanical Engineering,TY,5,A,Friday,03:00,04:00,Data Structures,Prof. Faculty 068,ME-169
1183,Diploma,Mechanical Engineering,TY,5,A,Saturday,09:00,10:00,Cyber Security,Prof. Faculty 185,ME-309
1184,Diploma,Mechanical Engineering,TY,5,A,Saturday,10:00,11:00,Computer Networks,Prof. Faculty 078,ME-200
1185,Diploma,Mechanical Engineering,TY,5,A,Saturday,11:15,12:15,Computer Networks,Prof. Faculty 209,ME-279
1186,Diploma,Mechanical Engineering,TY,5,A,Saturday,12:15,01:15,Thermodynamics,Prof. Faculty 040,ME-313
1187,Diploma,Mechanical Engineering,TY,5,A,Saturday,02:00,03:00,Cyber Security,Prof. Faculty 045,ME-242
1188,Diploma,Mechanical Engineering,TY,5,A,Saturday,03:00,04:00,AI Fundamentals,Prof. Faculty 090,ME-103
1189,Diploma,Mechanical Engineering,TY,5,B,Monday,09:00,10:00,Software Engineering,Prof. Faculty 053,ME-142
1190,Diploma,Mechanical Engineering,TY,5,B,Monday,10:00,11:00,Thermodynamics,Prof. Faculty 030,ME-308
1191,Diploma,Mechanical Engineering,TY,5,B,Monday,11:15,12:15,Data Structures,Prof. Faculty 100,ME-260
1192,Diploma,Mechanical Engineering,TY,5,B,Monday,12:15,01:15,Computer Networks,Prof. Faculty 097,ME-271
1193,Diploma,Mechanical Engineering,TY,5,B,Monday,02:00,03:00,Cloud Computing,Prof. Faculty 021,ME-275
1194,Diploma,Mechanical Engineering,TY,5,B,Monday,03:00,04:00,Mathematics,Prof. Faculty 196,ME-241
1195,Diploma,Mechanical Engineering,TY,5,B,Tuesday,09:00,10:00,Data Structures,Prof. Faculty 141,ME-268
1196,Diploma,Mechanical Engineering,TY,5,B,Tuesday,10:00,11:00,Computer Networks,Prof. Faculty 135,ME-180
1197,Diploma,Mechanical Engineering,TY,5,B,Tuesday,11:15,12:15,DBMS,Prof. Faculty 221,ME-118
1198,Diploma,Mechanical Engineering,TY,5,B,Tuesday,12:15,01:15,Cloud Computing,Prof. Faculty 246,ME-242
1199,Diploma,Mechanical Engineering,TY,5,B,Tuesday,02:00,03:00,DBMS,Prof. Faculty 194,ME-143
1200,Diploma,Mechanical Engineering,TY,5,B,Tuesday,03:00,04:00,Mathematics,Prof. Faculty 202,ME-152
1201,Diploma,Mechanical Engineering,TY,5,B,Wednesday,09:00,10:00,Thermodynamics,Prof. Faculty 086,ME-307
1202,Diploma,Mechanical Engineering,TY,5,B,Wednesday,10:00,11:00,Cloud Computing,Prof. Faculty 075,ME-111
1203,Diploma,Mechanical Engineering,TY,5,B,Wednesday,11:15,12:15,Thermodynamics,Prof. Faculty 005,ME-111
1204,Diploma,Mechanical Engineering,TY,5,B,Wednesday,12:15,01:15,Python Programming,Prof. Faculty 071,ME-129
1205,Diploma,Mechanical Engineering,TY,5,B,Wednesday,02:00,03:00,Surveying,Prof. Faculty 147,ME-239
1206,Diploma,Mechanical Engineering,TY,5,B,Wednesday,03:00,04:00,Digital Electronics,Prof. Faculty 143,ME-128
1207,Diploma,Mechanical Engineering,TY,5,B,Thursday,09:00,10:00,Computer Networks,Prof. Faculty 028,ME-255
1208,Diploma,Mechanical Engineering,TY,5,B,Thursday,10:00,11:00,Cyber Security,Prof. Faculty 197,ME-204
1209,Diploma,Mechanical Engineering,TY,5,B,Thursday,11:15,12:15,Cloud Computing,Prof. Faculty 059,ME-103
1210,Diploma,Mechanical Engineering,TY,5,B,Thursday,12:15,01:15,AI Fundamentals,Prof. Faculty 169,ME-298
1211,Diploma,Mechanical Engineering,TY,5,B,Thursday,02:00,03:00,Project Lab,Prof. Faculty 155,ME-233
1212,Diploma,Mechanical Engineering,TY,5,B,Thursday,03:00,04:00,Computer Networks,Prof. Faculty 171,ME-200
1213,Diploma,Mechanical Engineering,TY,5,B,Friday,09:00,10:00,Web Development,Prof. Faculty 044,ME-247
1214,Diploma,Mechanical Engineering,TY,5,B,Friday,10:00,11:00,Software Engineering,Prof. Faculty 215,ME-213
1215,Diploma,Mechanical Engineering,TY,5,B,Friday,11:15,12:15,Electrical Machines,Prof. Faculty 135,ME-211
1216,Diploma,Mechanical Engineering,TY,5,B,Friday,12:15,01:15,Computer Networks,Prof. Faculty 161,ME-222
1217,Diploma,Mechanical Engineering,TY,5,B,Friday,02:00,03:00,Digital Electronics,Prof. Faculty 080,ME-299
1218,Diploma,Mechanical Engineering,TY,5,B,Friday,03:00,04:00,DBMS,Prof. Faculty 174,ME-245
1219,Diploma,Mechanical Engineering,TY,5,B,Saturday,09:00,10:00,Thermodynamics,Prof. Faculty 218,ME-158
1220,Diploma,Mechanical Engineering,TY,5,B,Saturday,10:00,11:00,Machine Learning,Prof. Faculty 041,ME-315
1221,Diploma,Mechanical Engineering,TY,5,B,Saturday,11:15,12:15,Software Engineering,Prof. Faculty 181,ME-293
1222,Diploma,Mechanical Engineering,TY,5,B,Saturday,12:15,01:15,Java Programming,Prof. Faculty 121,ME-267
1223,Diploma,Mechanical Engineering,TY,5,B,Saturday,02:00,03:00,Machine Learning,Prof. Faculty 103,ME-303
1224,Diploma,Mechanical Engineering,TY,5,B,Saturday,03:00,04:00,Cyber Security,Prof. Faculty 139,ME-194
1225,Diploma,Mechanical Engineering,TY,6,A,Monday,09:00,10:00,AI Fundamentals,Prof. Faculty 136,ME-298
1226,Diploma,Mechanical Engineering,TY,6,A,Monday,10:00,11:00,Surveying,Prof. Faculty 026,ME-216
1227,Diploma,Mechanical Engineering,TY,6,A,Monday,11:15,12:15,Mathematics,Prof. Faculty 164,ME-250
1228,Diploma,Mechanical Engineering,TY,6,A,Monday,12:15,01:15,Surveying,Prof. Faculty 101,ME-219
1229,Diploma,Mechanical Engineering,TY,6,A,Monday,02:00,03:00,CAD/CAM,Prof. Faculty 204,ME-213
1230,Diploma,Mechanical Engineering,TY,6,A,Monday,03:00,04:00,Machine Learning,Prof. Faculty 072,ME-295
1231,Diploma,Mechanical Engineering,TY,6,A,Tuesday,09:00,10:00,Thermodynamics,Prof. Faculty 197,ME-179
1232,Diploma,Mechanical Engineering,TY,6,A,Tuesday,10:00,11:00,Cloud Computing,Prof. Faculty 146,ME-268
1233,Diploma,Mechanical Engineering,TY,6,A,Tuesday,11:15,12:15,Cyber Security,Prof. Faculty 112,ME-189
1234,Diploma,Mechanical Engineering,TY,6,A,Tuesday,12:15,01:15,Project Lab,Prof. Faculty 202,ME-298
1235,Diploma,Mechanical Engineering,TY,6,A,Tuesday,02:00,03:00,Software Engineering,Prof. Faculty 036,ME-201
1236,Diploma,Mechanical Engineering,TY,6,A,Tuesday,03:00,04:00,Web Development,Prof. Faculty 014,ME-182
1237,Diploma,Mechanical Engineering,TY,6,A,Wednesday,09:00,10:00,Physics,Prof. Faculty 200,ME-201
1238,Diploma,Mechanical Engineering,TY,6,A,Wednesday,10:00,11:00,Python Programming,Prof. Faculty 238,ME-291
1239,Diploma,Mechanical Engineering,TY,6,A,Wednesday,11:15,12:15,DBMS,Prof. Faculty 088,ME-164
1240,Diploma,Mechanical Engineering,TY,6,A,Wednesday,12:15,01:15,Python Programming,Prof. Faculty 196,ME-173
1241,Diploma,Mechanical Engineering,TY,6,A,Wednesday,02:00,03:00,Machine Learning,Prof. Faculty 038,ME-122
1242,Diploma,Mechanical Engineering,TY,6,A,Wednesday,03:00,04:00,Computer Networks,Prof. Faculty 168,ME-274
1243,Diploma,Mechanical Engineering,TY,6,A,Thursday,09:00,10:00,Cloud Computing,Prof. Faculty 225,ME-278
1244,Diploma,Mechanical Engineering,TY,6,A,Thursday,10:00,11:00,Python Programming,Prof. Faculty 154,ME-258
1245,Diploma,Mechanical Engineering,TY,6,A,Thursday,11:15,12:15,Cloud Computing,Prof. Faculty 211,ME-115
1246,Diploma,Mechanical Engineering,TY,6,A,Thursday,12:15,01:15,Java Programming,Prof. Faculty 117,ME-204
1247,Diploma,Mechanical Engineering,TY,6,A,Thursday,02:00,03:00,CAD/CAM,Prof. Faculty 128,ME-279
1248,Diploma,Mechanical Engineering,TY,6,A,Thursday,03:00,04:00,DBMS,Prof. Faculty 132,ME-236
1249,Diploma,Mechanical Engineering,TY,6,A,Friday,09:00,10:00,Cloud Computing,Prof. Faculty 175,ME-257
1250,Diploma,Mechanical Engineering,TY,6,A,Friday,10:00,11:00,Cloud Computing,Prof. Faculty 066,ME-231
1251,Diploma,Mechanical Engineering,TY,6,A,Friday,11:15,12:15,Thermodynamics,Prof. Faculty 111,ME-237
1252,Diploma,Mechanical Engineering,TY,6,A,Friday,12:15,01:15,Thermodynamics,Prof. Faculty 089,ME-208
1253,Diploma,Mechanical Engineering,TY,6,A,Friday,02:00,03:00,Electrical Machines,Prof. Faculty 042,ME-107
1254,Diploma,Mechanical Engineering,TY,6,A,Friday,03:00,04:00,Web Development,Prof. Faculty 163,ME-108
1255,Diploma,Mechanical Engineering,TY,6,A,Saturday,09:00,10:00,Physics,Prof. Faculty 112,ME-191
1256,Diploma,Mechanical Engineering,TY,6,A,Saturday,10:00,11:00,Cyber Security,Prof. Faculty 072,ME-220
1257,Diploma,Mechanical Engineering,TY,6,A,Saturday,11:15,12:15,Project Lab,Prof. Faculty 028,ME-190
1258,Diploma,Mechanical Engineering,TY,6,A,Saturday,12:15,01:15,Data Structures,Prof. Faculty 138,ME-290
1259,Diploma,Mechanical Engineering,TY,6,A,Saturday,02:00,03:00,Surveying,Prof. Faculty 086,ME-209
1260,Diploma,Mechanical Engineering,TY,6,A,Saturday,03:00,04:00,Cloud Computing,Prof. Faculty 074,ME-211
1261,Diploma,Mechanical Engineering,TY,6,B,Monday,09:00,10:00,Software Engineering,Prof. Faculty 235,ME-279
1262,Diploma,Mechanical Engineering,TY,6,B,Monday,10:00,11:00,Digital Electronics,Prof. Faculty 200,ME-222
1263,Diploma,Mechanical Engineering,TY,6,B,Monday,11:15,12:15,Cyber Security,Prof. Faculty 061,ME-310
1264,Diploma,Mechanical Engineering,TY,6,B,Monday,12:15,01:15,Web Development,Prof. Faculty 083,ME-139
1265,Diploma,Mechanical Engineering,TY,6,B,Monday,02:00,03:00,AI Fundamentals,Prof. Faculty 050,ME-306
1266,Diploma,Mechanical Engineering,TY,6,B,Monday,03:00,04:00,Electrical Machines,Prof. Faculty 168,ME-158
1267,Diploma,Mechanical Engineering,TY,6,B,Tuesday,09:00,10:00,Web Development,Prof. Faculty 030,ME-150
1268,Diploma,Mechanical Engineering,TY,6,B,Tuesday,10:00,11:00,Digital Electronics,Prof. Faculty 004,ME-160
1269,Diploma,Mechanical Engineering,TY,6,B,Tuesday,11:15,12:15,Python Programming,Prof. Faculty 043,ME-277
1270,Diploma,Mechanical Engineering,TY,6,B,Tuesday,12:15,01:15,Physics,Prof. Faculty 218,ME-278
1271,Diploma,Mechanical Engineering,TY,6,B,Tuesday,02:00,03:00,Digital Electronics,Prof. Faculty 190,ME-151
1272,Diploma,Mechanical Engineering,TY,6,B,Tuesday,03:00,04:00,Mathematics,Prof. Faculty 045,ME-207
1273,Diploma,Mechanical Engineering,TY,6,B,Wednesday,09:00,10:00,Mathematics,Prof. Faculty 045,ME-149
1274,Diploma,Mechanical Engineering,TY,6,B,Wednesday,10:00,11:00,Digital Electronics,Prof. Faculty 048,ME-107
1275,Diploma,Mechanical Engineering,TY,6,B,Wednesday,11:15,12:15,Web Development,Prof. Faculty 167,ME-123
1276,Diploma,Mechanical Engineering,TY,6,B,Wednesday,12:15,01:15,Thermodynamics,Prof. Faculty 026,ME-142
1277,Diploma,Mechanical Engineering,TY,6,B,Wednesday,02:00,03:00,Operating Systems,Prof. Faculty 084,ME-242
1278,Diploma,Mechanical Engineering,TY,6,B,Wednesday,03:00,04:00,CAD/CAM,Prof. Faculty 226,ME-284
1279,Diploma,Mechanical Engineering,TY,6,B,Thursday,09:00,10:00,Operating Systems,Prof. Faculty 229,ME-307
1280,Diploma,Mechanical Engineering,TY,6,B,Thursday,10:00,11:00,Project Lab,Prof. Faculty 016,ME-224
1281,Diploma,Mechanical Engineering,TY,6,B,Thursday,11:15,12:15,Java Programming,Prof. Faculty 134,ME-199
1282,Diploma,Mechanical Engineering,TY,6,B,Thursday,12:15,01:15,Electrical Machines,Prof. Faculty 246,ME-285
1283,Diploma,Mechanical Engineering,TY,6,B,Thursday,02:00,03:00,Cloud Computing,Prof. Faculty 040,ME-211
1284,Diploma,Mechanical Engineering,TY,6,B,Thursday,03:00,04:00,Web Development,Prof. Faculty 029,ME-155
1285,Diploma,Mechanical Engineering,TY,6,B,Friday,09:00,10:00,Surveying,Prof. Faculty 014,ME-285
1286,Diploma,Mechanical Engineering,TY,6,B,Friday,10:00,11:00,CAD/CAM,Prof. Faculty 165,ME-293
1287,Diploma,Mechanical Engineering,TY,6,B,Friday,11:15,12:15,Python Programming,Prof. Faculty 087,ME-141
1288,Diploma,Mechanical Engineering,TY,6,B,Friday,12:15,01:15,Java Programming,Prof. Faculty 122,ME-224
1289,Diploma,Mechanical Engineering,TY,6,B,Friday,02:00,03:00,Software Engineering,Prof. Faculty 072,ME-189
1290,Diploma,Mechanical Engineering,TY,6,B,Friday,03:00,04:00,AI Fundamentals,Prof. Faculty 241,ME-272
1291,Diploma,Mechanical Engineering,TY,6,B,Saturday,09:00,10:00,Cloud Computing,Prof. Faculty 028,ME-171
1292,Diploma,Mechanical Engineering,TY,6,B,Saturday,10:00,11:00,Physics,Prof. Faculty 051,ME-183
1293,Diploma,Mechanical Engineering,TY,6,B,Saturday,11:15,12:15,Electrical Machines,Prof. Faculty 133,ME-179
1294,Diploma,Mechanical Engineering,TY,6,B,Saturday,12:15,01:15,Project Lab,Prof. Faculty 022,ME-192
1295,Diploma,Mechanical Engineering,TY,6,B,Saturday,02:00,03:00,Web Development,Prof. Faculty 046,ME-115
1296,Diploma,Mechanical Engineering,TY,6,B,Saturday,03:00,04:00,Operating Systems,Prof. Faculty 175,ME-303
1297,Diploma,Electrical Engineering,FY,1,A,Monday,09:00,10:00,Computer Networks,Prof. Faculty 018,EL-165
1298,Diploma,Electrical Engineering,FY,1,A,Monday,10:00,11:00,Physics,Prof. Faculty 250,EL-259
1299,Diploma,Electrical Engineering,FY,1,A,Monday,11:15,12:15,Digital Electronics,Prof. Faculty 115,EL-134
1300,Diploma,Electrical Engineering,FY,1,A,Monday,12:15,01:15,Physics,Prof. Faculty 104,EL-320
1301,Diploma,Electrical Engineering,FY,1,A,Monday,02:00,03:00,Data Structures,Prof. Faculty 199,EL-205
1302,Diploma,Electrical Engineering,FY,1,A,Monday,03:00,04:00,Cloud Computing,Prof. Faculty 123,EL-307
1303,Diploma,Electrical Engineering,FY,1,A,Tuesday,09:00,10:00,CAD/CAM,Prof. Faculty 244,EL-212
1304,Diploma,Electrical Engineering,FY,1,A,Tuesday,10:00,11:00,Physics,Prof. Faculty 033,EL-248
1305,Diploma,Electrical Engineering,FY,1,A,Tuesday,11:15,12:15,DBMS,Prof. Faculty 170,EL-137
1306,Diploma,Electrical Engineering,FY,1,A,Tuesday,12:15,01:15,Cloud Computing,Prof. Faculty 026,EL-153
1307,Diploma,Electrical Engineering,FY,1,A,Tuesday,02:00,03:00,Electrical Machines,Prof. Faculty 238,EL-103
1308,Diploma,Electrical Engineering,FY,1,A,Tuesday,03:00,04:00,Electrical Machines,Prof. Faculty 119,EL-258
1309,Diploma,Electrical Engineering,FY,1,A,Wednesday,09:00,10:00,Web Development,Prof. Faculty 081,EL-298
1310,Diploma,Electrical Engineering,FY,1,A,Wednesday,10:00,11:00,Cyber Security,Prof. Faculty 188,EL-212
1311,Diploma,Electrical Engineering,FY,1,A,Wednesday,11:15,12:15,Mathematics,Prof. Faculty 198,EL-223
1312,Diploma,Electrical Engineering,FY,1,A,Wednesday,12:15,01:15,Project Lab,Prof. Faculty 084,EL-223
1313,Diploma,Electrical Engineering,FY,1,A,Wednesday,02:00,03:00,Cyber Security,Prof. Faculty 083,EL-221
1314,Diploma,Electrical Engineering,FY,1,A,Wednesday,03:00,04:00,Project Lab,Prof. Faculty 011,EL-108
1315,Diploma,Electrical Engineering,FY,1,A,Thursday,09:00,10:00,CAD/CAM,Prof. Faculty 018,EL-311
1316,Diploma,Electrical Engineering,FY,1,A,Thursday,10:00,11:00,Surveying,Prof. Faculty 093,EL-197
1317,Diploma,Electrical Engineering,FY,1,A,Thursday,11:15,12:15,Computer Networks,Prof. Faculty 235,EL-242
1318,Diploma,Electrical Engineering,FY,1,A,Thursday,12:15,01:15,Operating Systems,Prof. Faculty 116,EL-184
1319,Diploma,Electrical Engineering,FY,1,A,Thursday,02:00,03:00,Cloud Computing,Prof. Faculty 163,EL-277
1320,Diploma,Electrical Engineering,FY,1,A,Thursday,03:00,04:00,Software Engineering,Prof. Faculty 170,EL-144
1321,Diploma,Electrical Engineering,FY,1,A,Friday,09:00,10:00,CAD/CAM,Prof. Faculty 041,EL-151
1322,Diploma,Electrical Engineering,FY,1,A,Friday,10:00,11:00,AI Fundamentals,Prof. Faculty 140,EL-206
1323,Diploma,Electrical Engineering,FY,1,A,Friday,11:15,12:15,Mathematics,Prof. Faculty 231,EL-183
1324,Diploma,Electrical Engineering,FY,1,A,Friday,12:15,01:15,Computer Networks,Prof. Faculty 035,EL-201
1325,Diploma,Electrical Engineering,FY,1,A,Friday,02:00,03:00,Data Structures,Prof. Faculty 091,EL-193
1326,Diploma,Electrical Engineering,FY,1,A,Friday,03:00,04:00,AI Fundamentals,Prof. Faculty 239,EL-131
1327,Diploma,Electrical Engineering,FY,1,A,Saturday,09:00,10:00,Python Programming,Prof. Faculty 166,EL-179
1328,Diploma,Electrical Engineering,FY,1,A,Saturday,10:00,11:00,Computer Networks,Prof. Faculty 139,EL-230
1329,Diploma,Electrical Engineering,FY,1,A,Saturday,11:15,12:15,Electrical Machines,Prof. Faculty 058,EL-297
1330,Diploma,Electrical Engineering,FY,1,A,Saturday,12:15,01:15,Surveying,Prof. Faculty 245,EL-154
1331,Diploma,Electrical Engineering,FY,1,A,Saturday,02:00,03:00,Cyber Security,Prof. Faculty 052,EL-130
1332,Diploma,Electrical Engineering,FY,1,A,Saturday,03:00,04:00,Data Structures,Prof. Faculty 167,EL-316
1333,Diploma,Electrical Engineering,FY,1,B,Monday,09:00,10:00,Cloud Computing,Prof. Faculty 110,EL-309
1334,Diploma,Electrical Engineering,FY,1,B,Monday,10:00,11:00,Cyber Security,Prof. Faculty 009,EL-167
1335,Diploma,Electrical Engineering,FY,1,B,Monday,11:15,12:15,Surveying,Prof. Faculty 068,EL-317
1336,Diploma,Electrical Engineering,FY,1,B,Monday,12:15,01:15,Thermodynamics,Prof. Faculty 077,EL-245
1337,Diploma,Electrical Engineering,FY,1,B,Monday,02:00,03:00,Python Programming,Prof. Faculty 067,EL-273
1338,Diploma,Electrical Engineering,FY,1,B,Monday,03:00,04:00,CAD/CAM,Prof. Faculty 136,EL-169
1339,Diploma,Electrical Engineering,FY,1,B,Tuesday,09:00,10:00,Operating Systems,Prof. Faculty 165,EL-272
1340,Diploma,Electrical Engineering,FY,1,B,Tuesday,10:00,11:00,AI Fundamentals,Prof. Faculty 037,EL-209
1341,Diploma,Electrical Engineering,FY,1,B,Tuesday,11:15,12:15,Digital Electronics,Prof. Faculty 230,EL-242
1342,Diploma,Electrical Engineering,FY,1,B,Tuesday,12:15,01:15,Java Programming,Prof. Faculty 075,EL-263
1343,Diploma,Electrical Engineering,FY,1,B,Tuesday,02:00,03:00,DBMS,Prof. Faculty 141,EL-251
1344,Diploma,Electrical Engineering,FY,1,B,Tuesday,03:00,04:00,Machine Learning,Prof. Faculty 010,EL-140
1345,Diploma,Electrical Engineering,FY,1,B,Wednesday,09:00,10:00,Operating Systems,Prof. Faculty 072,EL-198
1346,Diploma,Electrical Engineering,FY,1,B,Wednesday,10:00,11:00,Data Structures,Prof. Faculty 099,EL-224
1347,Diploma,Electrical Engineering,FY,1,B,Wednesday,11:15,12:15,Python Programming,Prof. Faculty 151,EL-176
1348,Diploma,Electrical Engineering,FY,1,B,Wednesday,12:15,01:15,Cloud Computing,Prof. Faculty 179,EL-112
1349,Diploma,Electrical Engineering,FY,1,B,Wednesday,02:00,03:00,Digital Electronics,Prof. Faculty 050,EL-305
1350,Diploma,Electrical Engineering,FY,1,B,Wednesday,03:00,04:00,Python Programming,Prof. Faculty 093,EL-136
1351,Diploma,Electrical Engineering,FY,1,B,Thursday,09:00,10:00,Software Engineering,Prof. Faculty 240,EL-232
1352,Diploma,Electrical Engineering,FY,1,B,Thursday,10:00,11:00,Java Programming,Prof. Faculty 138,EL-172
1353,Diploma,Electrical Engineering,FY,1,B,Thursday,11:15,12:15,Cyber Security,Prof. Faculty 100,EL-162
1354,Diploma,Electrical Engineering,FY,1,B,Thursday,12:15,01:15,Java Programming,Prof. Faculty 091,EL-277
1355,Diploma,Electrical Engineering,FY,1,B,Thursday,02:00,03:00,Cyber Security,Prof. Faculty 248,EL-228
1356,Diploma,Electrical Engineering,FY,1,B,Thursday,03:00,04:00,Java Programming,Prof. Faculty 221,EL-301
1357,Diploma,Electrical Engineering,FY,1,B,Friday,09:00,10:00,Data Structures,Prof. Faculty 019,EL-102
1358,Diploma,Electrical Engineering,FY,1,B,Friday,10:00,11:00,Surveying,Prof. Faculty 111,EL-121
1359,Diploma,Electrical Engineering,FY,1,B,Friday,11:15,12:15,Digital Electronics,Prof. Faculty 042,EL-292
1360,Diploma,Electrical Engineering,FY,1,B,Friday,12:15,01:15,Cloud Computing,Prof. Faculty 153,EL-153
1361,Diploma,Electrical Engineering,FY,1,B,Friday,02:00,03:00,Thermodynamics,Prof. Faculty 109,EL-296
1362,Diploma,Electrical Engineering,FY,1,B,Friday,03:00,04:00,Cloud Computing,Prof. Faculty 020,EL-290
1363,Diploma,Electrical Engineering,FY,1,B,Saturday,09:00,10:00,Mathematics,Prof. Faculty 188,EL-253
1364,Diploma,Electrical Engineering,FY,1,B,Saturday,10:00,11:00,Physics,Prof. Faculty 075,EL-120
1365,Diploma,Electrical Engineering,FY,1,B,Saturday,11:15,12:15,Computer Networks,Prof. Faculty 037,EL-163
1366,Diploma,Electrical Engineering,FY,1,B,Saturday,12:15,01:15,Electrical Machines,Prof. Faculty 114,EL-300
1367,Diploma,Electrical Engineering,FY,1,B,Saturday,02:00,03:00,Cyber Security,Prof. Faculty 247,EL-178
1368,Diploma,Electrical Engineering,FY,1,B,Saturday,03:00,04:00,Python Programming,Prof. Faculty 063,EL-254
1369,Diploma,Electrical Engineering,FY,2,A,Monday,09:00,10:00,Operating Systems,Prof. Faculty 169,EL-307
1370,Diploma,Electrical Engineering,FY,2,A,Monday,10:00,11:00,Surveying,Prof. Faculty 021,EL-294
1371,Diploma,Electrical Engineering,FY,2,A,Monday,11:15,12:15,Machine Learning,Prof. Faculty 045,EL-168
1372,Diploma,Electrical Engineering,FY,2,A,Monday,12:15,01:15,Data Structures,Prof. Faculty 225,EL-181
1373,Diploma,Electrical Engineering,FY,2,A,Monday,02:00,03:00,Physics,Prof. Faculty 202,EL-217
1374,Diploma,Electrical Engineering,FY,2,A,Monday,03:00,04:00,AI Fundamentals,Prof. Faculty 031,EL-267
1375,Diploma,Electrical Engineering,FY,2,A,Tuesday,09:00,10:00,Python Programming,Prof. Faculty 027,EL-275
1376,Diploma,Electrical Engineering,FY,2,A,Tuesday,10:00,11:00,CAD/CAM,Prof. Faculty 018,EL-143
1377,Diploma,Electrical Engineering,FY,2,A,Tuesday,11:15,12:15,CAD/CAM,Prof. Faculty 239,EL-219
1378,Diploma,Electrical Engineering,FY,2,A,Tuesday,12:15,01:15,Computer Networks,Prof. Faculty 009,EL-284
1379,Diploma,Electrical Engineering,FY,2,A,Tuesday,02:00,03:00,Digital Electronics,Prof. Faculty 102,EL-208
1380,Diploma,Electrical Engineering,FY,2,A,Tuesday,03:00,04:00,Web Development,Prof. Faculty 246,EL-216
1381,Diploma,Electrical Engineering,FY,2,A,Wednesday,09:00,10:00,Cloud Computing,Prof. Faculty 018,EL-270
1382,Diploma,Electrical Engineering,FY,2,A,Wednesday,10:00,11:00,Cyber Security,Prof. Faculty 201,EL-236
1383,Diploma,Electrical Engineering,FY,2,A,Wednesday,11:15,12:15,Digital Electronics,Prof. Faculty 134,EL-151
1384,Diploma,Electrical Engineering,FY,2,A,Wednesday,12:15,01:15,CAD/CAM,Prof. Faculty 162,EL-212
1385,Diploma,Electrical Engineering,FY,2,A,Wednesday,02:00,03:00,Java Programming,Prof. Faculty 232,EL-200
1386,Diploma,Electrical Engineering,FY,2,A,Wednesday,03:00,04:00,CAD/CAM,Prof. Faculty 044,EL-130
1387,Diploma,Electrical Engineering,FY,2,A,Thursday,09:00,10:00,Machine Learning,Prof. Faculty 036,EL-199
1388,Diploma,Electrical Engineering,FY,2,A,Thursday,10:00,11:00,Web Development,Prof. Faculty 188,EL-255
1389,Diploma,Electrical Engineering,FY,2,A,Thursday,11:15,12:15,Software Engineering,Prof. Faculty 233,EL-214
1390,Diploma,Electrical Engineering,FY,2,A,Thursday,12:15,01:15,CAD/CAM,Prof. Faculty 168,EL-207
1391,Diploma,Electrical Engineering,FY,2,A,Thursday,02:00,03:00,DBMS,Prof. Faculty 214,EL-164
1392,Diploma,Electrical Engineering,FY,2,A,Thursday,03:00,04:00,Thermodynamics,Prof. Faculty 144,EL-143
1393,Diploma,Electrical Engineering,FY,2,A,Friday,09:00,10:00,Web Development,Prof. Faculty 067,EL-235
1394,Diploma,Electrical Engineering,FY,2,A,Friday,10:00,11:00,DBMS,Prof. Faculty 207,EL-230
1395,Diploma,Electrical Engineering,FY,2,A,Friday,11:15,12:15,Java Programming,Prof. Faculty 169,EL-102
1396,Diploma,Electrical Engineering,FY,2,A,Friday,12:15,01:15,AI Fundamentals,Prof. Faculty 229,EL-158
1397,Diploma,Electrical Engineering,FY,2,A,Friday,02:00,03:00,Surveying,Prof. Faculty 092,EL-265
1398,Diploma,Electrical Engineering,FY,2,A,Friday,03:00,04:00,Machine Learning,Prof. Faculty 015,EL-175
1399,Diploma,Electrical Engineering,FY,2,A,Saturday,09:00,10:00,Computer Networks,Prof. Faculty 156,EL-126
1400,Diploma,Electrical Engineering,FY,2,A,Saturday,10:00,11:00,Java Programming,Prof. Faculty 163,EL-280
1401,Diploma,Electrical Engineering,FY,2,A,Saturday,11:15,12:15,AI Fundamentals,Prof. Faculty 164,EL-195
1402,Diploma,Electrical Engineering,FY,2,A,Saturday,12:15,01:15,Java Programming,Prof. Faculty 241,EL-233
1403,Diploma,Electrical Engineering,FY,2,A,Saturday,02:00,03:00,Web Development,Prof. Faculty 141,EL-317
1404,Diploma,Electrical Engineering,FY,2,A,Saturday,03:00,04:00,Computer Networks,Prof. Faculty 060,EL-149
1405,Diploma,Electrical Engineering,FY,2,B,Monday,09:00,10:00,Operating Systems,Prof. Faculty 151,EL-108
1406,Diploma,Electrical Engineering,FY,2,B,Monday,10:00,11:00,Web Development,Prof. Faculty 096,EL-154
1407,Diploma,Electrical Engineering,FY,2,B,Monday,11:15,12:15,Data Structures,Prof. Faculty 163,EL-260
1408,Diploma,Electrical Engineering,FY,2,B,Monday,12:15,01:15,Web Development,Prof. Faculty 155,EL-198
1409,Diploma,Electrical Engineering,FY,2,B,Monday,02:00,03:00,Computer Networks,Prof. Faculty 069,EL-265
1410,Diploma,Electrical Engineering,FY,2,B,Monday,03:00,04:00,Python Programming,Prof. Faculty 043,EL-180
1411,Diploma,Electrical Engineering,FY,2,B,Tuesday,09:00,10:00,Operating Systems,Prof. Faculty 186,EL-129
1412,Diploma,Electrical Engineering,FY,2,B,Tuesday,10:00,11:00,Mathematics,Prof. Faculty 204,EL-180
1413,Diploma,Electrical Engineering,FY,2,B,Tuesday,11:15,12:15,Physics,Prof. Faculty 217,EL-319
1414,Diploma,Electrical Engineering,FY,2,B,Tuesday,12:15,01:15,CAD/CAM,Prof. Faculty 199,EL-126
1415,Diploma,Electrical Engineering,FY,2,B,Tuesday,02:00,03:00,Web Development,Prof. Faculty 013,EL-168
1416,Diploma,Electrical Engineering,FY,2,B,Tuesday,03:00,04:00,Web Development,Prof. Faculty 112,EL-294
1417,Diploma,Electrical Engineering,FY,2,B,Wednesday,09:00,10:00,Electrical Machines,Prof. Faculty 127,EL-311
1418,Diploma,Electrical Engineering,FY,2,B,Wednesday,10:00,11:00,Cyber Security,Prof. Faculty 114,EL-156
1419,Diploma,Electrical Engineering,FY,2,B,Wednesday,11:15,12:15,Thermodynamics,Prof. Faculty 033,EL-158
1420,Diploma,Electrical Engineering,FY,2,B,Wednesday,12:15,01:15,Electrical Machines,Prof. Faculty 192,EL-286
1421,Diploma,Electrical Engineering,FY,2,B,Wednesday,02:00,03:00,Electrical Machines,Prof. Faculty 116,EL-296
1422,Diploma,Electrical Engineering,FY,2,B,Wednesday,03:00,04:00,Software Engineering,Prof. Faculty 219,EL-110
1423,Diploma,Electrical Engineering,FY,2,B,Thursday,09:00,10:00,Mathematics,Prof. Faculty 057,EL-228
1424,Diploma,Electrical Engineering,FY,2,B,Thursday,10:00,11:00,Digital Electronics,Prof. Faculty 170,EL-214
1425,Diploma,Electrical Engineering,FY,2,B,Thursday,11:15,12:15,Surveying,Prof. Faculty 107,EL-125
1426,Diploma,Electrical Engineering,FY,2,B,Thursday,12:15,01:15,DBMS,Prof. Faculty 231,EL-212
1427,Diploma,Electrical Engineering,FY,2,B,Thursday,02:00,03:00,Python Programming,Prof. Faculty 129,EL-121
1428,Diploma,Electrical Engineering,FY,2,B,Thursday,03:00,04:00,Project Lab,Prof. Faculty 045,EL-184
1429,Diploma,Electrical Engineering,FY,2,B,Friday,09:00,10:00,Project Lab,Prof. Faculty 195,EL-187
1430,Diploma,Electrical Engineering,FY,2,B,Friday,10:00,11:00,Project Lab,Prof. Faculty 116,EL-205
1431,Diploma,Electrical Engineering,FY,2,B,Friday,11:15,12:15,Cloud Computing,Prof. Faculty 235,EL-117
1432,Diploma,Electrical Engineering,FY,2,B,Friday,12:15,01:15,Mathematics,Prof. Faculty 165,EL-263
1433,Diploma,Electrical Engineering,FY,2,B,Friday,02:00,03:00,Electrical Machines,Prof. Faculty 086,EL-161
1434,Diploma,Electrical Engineering,FY,2,B,Friday,03:00,04:00,Computer Networks,Prof. Faculty 229,EL-245
1435,Diploma,Electrical Engineering,FY,2,B,Saturday,09:00,10:00,Project Lab,Prof. Faculty 063,EL-278
1436,Diploma,Electrical Engineering,FY,2,B,Saturday,10:00,11:00,Project Lab,Prof. Faculty 196,EL-208
1437,Diploma,Electrical Engineering,FY,2,B,Saturday,11:15,12:15,Web Development,Prof. Faculty 193,EL-304
1438,Diploma,Electrical Engineering,FY,2,B,Saturday,12:15,01:15,Operating Systems,Prof. Faculty 159,EL-254
1439,Diploma,Electrical Engineering,FY,2,B,Saturday,02:00,03:00,CAD/CAM,Prof. Faculty 217,EL-244
1440,Diploma,Electrical Engineering,FY,2,B,Saturday,03:00,04:00,Electrical Machines,Prof. Faculty 205,EL-294
1441,Diploma,Electrical Engineering,SY,3,A,Monday,09:00,10:00,Thermodynamics,Prof. Faculty 047,EL-113
1442,Diploma,Electrical Engineering,SY,3,A,Monday,10:00,11:00,Digital Electronics,Prof. Faculty 038,EL-295
1443,Diploma,Electrical Engineering,SY,3,A,Monday,11:15,12:15,Data Structures,Prof. Faculty 195,EL-166
1444,Diploma,Electrical Engineering,SY,3,A,Monday,12:15,01:15,Electrical Machines,Prof. Faculty 071,EL-115
1445,Diploma,Electrical Engineering,SY,3,A,Monday,02:00,03:00,AI Fundamentals,Prof. Faculty 164,EL-177
1446,Diploma,Electrical Engineering,SY,3,A,Monday,03:00,04:00,Cloud Computing,Prof. Faculty 012,EL-293
1447,Diploma,Electrical Engineering,SY,3,A,Tuesday,09:00,10:00,Java Programming,Prof. Faculty 190,EL-276
1448,Diploma,Electrical Engineering,SY,3,A,Tuesday,10:00,11:00,Cyber Security,Prof. Faculty 037,EL-318
1449,Diploma,Electrical Engineering,SY,3,A,Tuesday,11:15,12:15,Web Development,Prof. Faculty 061,EL-192
1450,Diploma,Electrical Engineering,SY,3,A,Tuesday,12:15,01:15,Thermodynamics,Prof. Faculty 114,EL-320
1451,Diploma,Electrical Engineering,SY,3,A,Tuesday,02:00,03:00,Software Engineering,Prof. Faculty 090,EL-111
1452,Diploma,Electrical Engineering,SY,3,A,Tuesday,03:00,04:00,Mathematics,Prof. Faculty 177,EL-186
1453,Diploma,Electrical Engineering,SY,3,A,Wednesday,09:00,10:00,Cyber Security,Prof. Faculty 059,EL-288
1454,Diploma,Electrical Engineering,SY,3,A,Wednesday,10:00,11:00,Mathematics,Prof. Faculty 108,EL-129
1455,Diploma,Electrical Engineering,SY,3,A,Wednesday,11:15,12:15,Java Programming,Prof. Faculty 059,EL-173
1456,Diploma,Electrical Engineering,SY,3,A,Wednesday,12:15,01:15,Data Structures,Prof. Faculty 154,EL-136
1457,Diploma,Electrical Engineering,SY,3,A,Wednesday,02:00,03:00,Machine Learning,Prof. Faculty 150,EL-213
1458,Diploma,Electrical Engineering,SY,3,A,Wednesday,03:00,04:00,Computer Networks,Prof. Faculty 025,EL-230
1459,Diploma,Electrical Engineering,SY,3,A,Thursday,09:00,10:00,Surveying,Prof. Faculty 209,EL-304
1460,Diploma,Electrical Engineering,SY,3,A,Thursday,10:00,11:00,Electrical Machines,Prof. Faculty 096,EL-191
1461,Diploma,Electrical Engineering,SY,3,A,Thursday,11:15,12:15,Cyber Security,Prof. Faculty 074,EL-269
1462,Diploma,Electrical Engineering,SY,3,A,Thursday,12:15,01:15,Mathematics,Prof. Faculty 128,EL-289
1463,Diploma,Electrical Engineering,SY,3,A,Thursday,02:00,03:00,Physics,Prof. Faculty 197,EL-155
1464,Diploma,Electrical Engineering,SY,3,A,Thursday,03:00,04:00,Electrical Machines,Prof. Faculty 238,EL-168
1465,Diploma,Electrical Engineering,SY,3,A,Friday,09:00,10:00,Mathematics,Prof. Faculty 122,EL-222
1466,Diploma,Electrical Engineering,SY,3,A,Friday,10:00,11:00,Data Structures,Prof. Faculty 024,EL-268
1467,Diploma,Electrical Engineering,SY,3,A,Friday,11:15,12:15,DBMS,Prof. Faculty 184,EL-310
1468,Diploma,Electrical Engineering,SY,3,A,Friday,12:15,01:15,DBMS,Prof. Faculty 139,EL-257
1469,Diploma,Electrical Engineering,SY,3,A,Friday,02:00,03:00,Python Programming,Prof. Faculty 011,EL-308
1470,Diploma,Electrical Engineering,SY,3,A,Friday,03:00,04:00,AI Fundamentals,Prof. Faculty 084,EL-224
1471,Diploma,Electrical Engineering,SY,3,A,Saturday,09:00,10:00,Surveying,Prof. Faculty 021,EL-281
1472,Diploma,Electrical Engineering,SY,3,A,Saturday,10:00,11:00,CAD/CAM,Prof. Faculty 112,EL-134
1473,Diploma,Electrical Engineering,SY,3,A,Saturday,11:15,12:15,AI Fundamentals,Prof. Faculty 171,EL-194
1474,Diploma,Electrical Engineering,SY,3,A,Saturday,12:15,01:15,Operating Systems,Prof. Faculty 236,EL-274
1475,Diploma,Electrical Engineering,SY,3,A,Saturday,02:00,03:00,Operating Systems,Prof. Faculty 060,EL-148
1476,Diploma,Electrical Engineering,SY,3,A,Saturday,03:00,04:00,Digital Electronics,Prof. Faculty 161,EL-308
1477,Diploma,Electrical Engineering,SY,3,B,Monday,09:00,10:00,Computer Networks,Prof. Faculty 196,EL-119
1478,Diploma,Electrical Engineering,SY,3,B,Monday,10:00,11:00,Web Development,Prof. Faculty 152,EL-259
1479,Diploma,Electrical Engineering,SY,3,B,Monday,11:15,12:15,Digital Electronics,Prof. Faculty 217,EL-177
1480,Diploma,Electrical Engineering,SY,3,B,Monday,12:15,01:15,Electrical Machines,Prof. Faculty 149,EL-135
1481,Diploma,Electrical Engineering,SY,3,B,Monday,02:00,03:00,Cyber Security,Prof. Faculty 098,EL-201
1482,Diploma,Electrical Engineering,SY,3,B,Monday,03:00,04:00,DBMS,Prof. Faculty 045,EL-107
1483,Diploma,Electrical Engineering,SY,3,B,Tuesday,09:00,10:00,Electrical Machines,Prof. Faculty 032,EL-169
1484,Diploma,Electrical Engineering,SY,3,B,Tuesday,10:00,11:00,Thermodynamics,Prof. Faculty 167,EL-107
1485,Diploma,Electrical Engineering,SY,3,B,Tuesday,11:15,12:15,Software Engineering,Prof. Faculty 176,EL-198
1486,Diploma,Electrical Engineering,SY,3,B,Tuesday,12:15,01:15,Physics,Prof. Faculty 203,EL-205
1487,Diploma,Electrical Engineering,SY,3,B,Tuesday,02:00,03:00,Machine Learning,Prof. Faculty 071,EL-129
1488,Diploma,Electrical Engineering,SY,3,B,Tuesday,03:00,04:00,Mathematics,Prof. Faculty 203,EL-125
1489,Diploma,Electrical Engineering,SY,3,B,Wednesday,09:00,10:00,DBMS,Prof. Faculty 174,EL-156
1490,Diploma,Electrical Engineering,SY,3,B,Wednesday,10:00,11:00,Python Programming,Prof. Faculty 180,EL-182
1491,Diploma,Electrical Engineering,SY,3,B,Wednesday,11:15,12:15,Java Programming,Prof. Faculty 053,EL-243
1492,Diploma,Electrical Engineering,SY,3,B,Wednesday,12:15,01:15,Thermodynamics,Prof. Faculty 032,EL-269
1493,Diploma,Electrical Engineering,SY,3,B,Wednesday,02:00,03:00,Web Development,Prof. Faculty 209,EL-135
1494,Diploma,Electrical Engineering,SY,3,B,Wednesday,03:00,04:00,Project Lab,Prof. Faculty 078,EL-303
1495,Diploma,Electrical Engineering,SY,3,B,Thursday,09:00,10:00,Machine Learning,Prof. Faculty 036,EL-164
1496,Diploma,Electrical Engineering,SY,3,B,Thursday,10:00,11:00,Electrical Machines,Prof. Faculty 094,EL-195
1497,Diploma,Electrical Engineering,SY,3,B,Thursday,11:15,12:15,Machine Learning,Prof. Faculty 215,EL-184
1498,Diploma,Electrical Engineering,SY,3,B,Thursday,12:15,01:15,Mathematics,Prof. Faculty 051,EL-282
1499,Diploma,Electrical Engineering,SY,3,B,Thursday,02:00,03:00,Cyber Security,Prof. Faculty 034,EL-256
1500,Diploma,Electrical Engineering,SY,3,B,Thursday,03:00,04:00,Python Programming,Prof. Faculty 218,EL-177
1501,Diploma,Electrical Engineering,SY,3,B,Friday,09:00,10:00,AI Fundamentals,Prof. Faculty 050,EL-175
1502,Diploma,Electrical Engineering,SY,3,B,Friday,10:00,11:00,Computer Networks,Prof. Faculty 070,EL-318
1503,Diploma,Electrical Engineering,SY,3,B,Friday,11:15,12:15,Physics,Prof. Faculty 155,EL-194
1504,Diploma,Electrical Engineering,SY,3,B,Friday,12:15,01:15,Electrical Machines,Prof. Faculty 036,EL-308
1505,Diploma,Electrical Engineering,SY,3,B,Friday,02:00,03:00,Python Programming,Prof. Faculty 146,EL-160
1506,Diploma,Electrical Engineering,SY,3,B,Friday,03:00,04:00,Mathematics,Prof. Faculty 052,EL-240
1507,Diploma,Electrical Engineering,SY,3,B,Saturday,09:00,10:00,CAD/CAM,Prof. Faculty 190,EL-283
1508,Diploma,Electrical Engineering,SY,3,B,Saturday,10:00,11:00,Surveying,Prof. Faculty 064,EL-142
1509,Diploma,Electrical Engineering,SY,3,B,Saturday,11:15,12:15,Web Development,Prof. Faculty 050,EL-122
1510,Diploma,Electrical Engineering,SY,3,B,Saturday,12:15,01:15,Cloud Computing,Prof. Faculty 138,EL-155
1511,Diploma,Electrical Engineering,SY,3,B,Saturday,02:00,03:00,Physics,Prof. Faculty 118,EL-155
1512,Diploma,Electrical Engineering,SY,3,B,Saturday,03:00,04:00,Mathematics,Prof. Faculty 053,EL-122
1513,Diploma,Electrical Engineering,SY,4,A,Monday,09:00,10:00,Data Structures,Prof. Faculty 237,EL-167
1514,Diploma,Electrical Engineering,SY,4,A,Monday,10:00,11:00,Machine Learning,Prof. Faculty 038,EL-222
1515,Diploma,Electrical Engineering,SY,4,A,Monday,11:15,12:15,Computer Networks,Prof. Faculty 100,EL-249
1516,Diploma,Electrical Engineering,SY,4,A,Monday,12:15,01:15,Software Engineering,Prof. Faculty 186,EL-101
1517,Diploma,Electrical Engineering,SY,4,A,Monday,02:00,03:00,Cyber Security,Prof. Faculty 025,EL-251
1518,Diploma,Electrical Engineering,SY,4,A,Monday,03:00,04:00,Project Lab,Prof. Faculty 162,EL-142
1519,Diploma,Electrical Engineering,SY,4,A,Tuesday,09:00,10:00,Cyber Security,Prof. Faculty 180,EL-130
1520,Diploma,Electrical Engineering,SY,4,A,Tuesday,10:00,11:00,Web Development,Prof. Faculty 200,EL-126
1521,Diploma,Electrical Engineering,SY,4,A,Tuesday,11:15,12:15,CAD/CAM,Prof. Faculty 022,EL-279
1522,Diploma,Electrical Engineering,SY,4,A,Tuesday,12:15,01:15,Thermodynamics,Prof. Faculty 095,EL-117
1523,Diploma,Electrical Engineering,SY,4,A,Tuesday,02:00,03:00,Thermodynamics,Prof. Faculty 165,EL-301
1524,Diploma,Electrical Engineering,SY,4,A,Tuesday,03:00,04:00,Software Engineering,Prof. Faculty 241,EL-134
1525,Diploma,Electrical Engineering,SY,4,A,Wednesday,09:00,10:00,DBMS,Prof. Faculty 002,EL-169
1526,Diploma,Electrical Engineering,SY,4,A,Wednesday,10:00,11:00,Python Programming,Prof. Faculty 239,EL-174
1527,Diploma,Electrical Engineering,SY,4,A,Wednesday,11:15,12:15,Cloud Computing,Prof. Faculty 125,EL-195
1528,Diploma,Electrical Engineering,SY,4,A,Wednesday,12:15,01:15,Digital Electronics,Prof. Faculty 059,EL-174
1529,Diploma,Electrical Engineering,SY,4,A,Wednesday,02:00,03:00,Mathematics,Prof. Faculty 100,EL-262
1530,Diploma,Electrical Engineering,SY,4,A,Wednesday,03:00,04:00,Thermodynamics,Prof. Faculty 152,EL-243
1531,Diploma,Electrical Engineering,SY,4,A,Thursday,09:00,10:00,Python Programming,Prof. Faculty 003,EL-128
1532,Diploma,Electrical Engineering,SY,4,A,Thursday,10:00,11:00,Project Lab,Prof. Faculty 138,EL-201
1533,Diploma,Electrical Engineering,SY,4,A,Thursday,11:15,12:15,DBMS,Prof. Faculty 053,EL-193
1534,Diploma,Electrical Engineering,SY,4,A,Thursday,12:15,01:15,Electrical Machines,Prof. Faculty 080,EL-177
1535,Diploma,Electrical Engineering,SY,4,A,Thursday,02:00,03:00,Thermodynamics,Prof. Faculty 074,EL-252
1536,Diploma,Electrical Engineering,SY,4,A,Thursday,03:00,04:00,Software Engineering,Prof. Faculty 038,EL-165
1537,Diploma,Electrical Engineering,SY,4,A,Friday,09:00,10:00,Software Engineering,Prof. Faculty 058,EL-295
1538,Diploma,Electrical Engineering,SY,4,A,Friday,10:00,11:00,AI Fundamentals,Prof. Faculty 123,EL-161
1539,Diploma,Electrical Engineering,SY,4,A,Friday,11:15,12:15,Computer Networks,Prof. Faculty 228,EL-238
1540,Diploma,Electrical Engineering,SY,4,A,Friday,12:15,01:15,Data Structures,Prof. Faculty 201,EL-156
1541,Diploma,Electrical Engineering,SY,4,A,Friday,02:00,03:00,Machine Learning,Prof. Faculty 125,EL-155
1542,Diploma,Electrical Engineering,SY,4,A,Friday,03:00,04:00,Cyber Security,Prof. Faculty 056,EL-166
1543,Diploma,Electrical Engineering,SY,4,A,Saturday,09:00,10:00,Operating Systems,Prof. Faculty 191,EL-126
1544,Diploma,Electrical Engineering,SY,4,A,Saturday,10:00,11:00,Java Programming,Prof. Faculty 236,EL-246
1545,Diploma,Electrical Engineering,SY,4,A,Saturday,11:15,12:15,Cyber Security,Prof. Faculty 138,EL-201
1546,Diploma,Electrical Engineering,SY,4,A,Saturday,12:15,01:15,Surveying,Prof. Faculty 152,EL-120
1547,Diploma,Electrical Engineering,SY,4,A,Saturday,02:00,03:00,Cyber Security,Prof. Faculty 218,EL-104
1548,Diploma,Electrical Engineering,SY,4,A,Saturday,03:00,04:00,Physics,Prof. Faculty 204,EL-231
1549,Diploma,Electrical Engineering,SY,4,B,Monday,09:00,10:00,Project Lab,Prof. Faculty 077,EL-198
1550,Diploma,Electrical Engineering,SY,4,B,Monday,10:00,11:00,Thermodynamics,Prof. Faculty 232,EL-308
1551,Diploma,Electrical Engineering,SY,4,B,Monday,11:15,12:15,Digital Electronics,Prof. Faculty 158,EL-124
1552,Diploma,Electrical Engineering,SY,4,B,Monday,12:15,01:15,AI Fundamentals,Prof. Faculty 109,EL-128
1553,Diploma,Electrical Engineering,SY,4,B,Monday,02:00,03:00,Computer Networks,Prof. Faculty 056,EL-228
1554,Diploma,Electrical Engineering,SY,4,B,Monday,03:00,04:00,Surveying,Prof. Faculty 239,EL-254
1555,Diploma,Electrical Engineering,SY,4,B,Tuesday,09:00,10:00,Software Engineering,Prof. Faculty 176,EL-253
1556,Diploma,Electrical Engineering,SY,4,B,Tuesday,10:00,11:00,Python Programming,Prof. Faculty 028,EL-123
1557,Diploma,Electrical Engineering,SY,4,B,Tuesday,11:15,12:15,AI Fundamentals,Prof. Faculty 180,EL-260
1558,Diploma,Electrical Engineering,SY,4,B,Tuesday,12:15,01:15,Computer Networks,Prof. Faculty 007,EL-261
1559,Diploma,Electrical Engineering,SY,4,B,Tuesday,02:00,03:00,Electrical Machines,Prof. Faculty 231,EL-161
1560,Diploma,Electrical Engineering,SY,4,B,Tuesday,03:00,04:00,Data Structures,Prof. Faculty 135,EL-201
1561,Diploma,Electrical Engineering,SY,4,B,Wednesday,09:00,10:00,Machine Learning,Prof. Faculty 151,EL-212
1562,Diploma,Electrical Engineering,SY,4,B,Wednesday,10:00,11:00,Operating Systems,Prof. Faculty 131,EL-164
1563,Diploma,Electrical Engineering,SY,4,B,Wednesday,11:15,12:15,Data Structures,Prof. Faculty 190,EL-195
1564,Diploma,Electrical Engineering,SY,4,B,Wednesday,12:15,01:15,Project Lab,Prof. Faculty 131,EL-268
1565,Diploma,Electrical Engineering,SY,4,B,Wednesday,02:00,03:00,Web Development,Prof. Faculty 131,EL-151
1566,Diploma,Electrical Engineering,SY,4,B,Wednesday,03:00,04:00,Web Development,Prof. Faculty 059,EL-120
1567,Diploma,Electrical Engineering,SY,4,B,Thursday,09:00,10:00,CAD/CAM,Prof. Faculty 068,EL-307
1568,Diploma,Electrical Engineering,SY,4,B,Thursday,10:00,11:00,Web Development,Prof. Faculty 193,EL-291
1569,Diploma,Electrical Engineering,SY,4,B,Thursday,11:15,12:15,Mathematics,Prof. Faculty 009,EL-156
1570,Diploma,Electrical Engineering,SY,4,B,Thursday,12:15,01:15,Machine Learning,Prof. Faculty 050,EL-219
1571,Diploma,Electrical Engineering,SY,4,B,Thursday,02:00,03:00,Operating Systems,Prof. Faculty 191,EL-264
1572,Diploma,Electrical Engineering,SY,4,B,Thursday,03:00,04:00,Python Programming,Prof. Faculty 135,EL-271
1573,Diploma,Electrical Engineering,SY,4,B,Friday,09:00,10:00,Surveying,Prof. Faculty 011,EL-196
1574,Diploma,Electrical Engineering,SY,4,B,Friday,10:00,11:00,Physics,Prof. Faculty 218,EL-196
1575,Diploma,Electrical Engineering,SY,4,B,Friday,11:15,12:15,Java Programming,Prof. Faculty 209,EL-119
1576,Diploma,Electrical Engineering,SY,4,B,Friday,12:15,01:15,Surveying,Prof. Faculty 250,EL-302
1577,Diploma,Electrical Engineering,SY,4,B,Friday,02:00,03:00,Web Development,Prof. Faculty 101,EL-286
1578,Diploma,Electrical Engineering,SY,4,B,Friday,03:00,04:00,Cloud Computing,Prof. Faculty 086,EL-113
1579,Diploma,Electrical Engineering,SY,4,B,Saturday,09:00,10:00,Project Lab,Prof. Faculty 102,EL-230
1580,Diploma,Electrical Engineering,SY,4,B,Saturday,10:00,11:00,Electrical Machines,Prof. Faculty 069,EL-212
1581,Diploma,Electrical Engineering,SY,4,B,Saturday,11:15,12:15,Software Engineering,Prof. Faculty 169,EL-269
1582,Diploma,Electrical Engineering,SY,4,B,Saturday,12:15,01:15,Surveying,Prof. Faculty 194,EL-152
1583,Diploma,Electrical Engineering,SY,4,B,Saturday,02:00,03:00,Java Programming,Prof. Faculty 248,EL-114
1584,Diploma,Electrical Engineering,SY,4,B,Saturday,03:00,04:00,Data Structures,Prof. Faculty 170,EL-242
1585,Diploma,Electrical Engineering,TY,5,A,Monday,09:00,10:00,Cloud Computing,Prof. Faculty 214,EL-283
1586,Diploma,Electrical Engineering,TY,5,A,Monday,10:00,11:00,Python Programming,Prof. Faculty 183,EL-167
1587,Diploma,Electrical Engineering,TY,5,A,Monday,11:15,12:15,Computer Networks,Prof. Faculty 216,EL-142
1588,Diploma,Electrical Engineering,TY,5,A,Monday,12:15,01:15,Software Engineering,Prof. Faculty 154,EL-203
1589,Diploma,Electrical Engineering,TY,5,A,Monday,02:00,03:00,Project Lab,Prof. Faculty 138,EL-122
1590,Diploma,Electrical Engineering,TY,5,A,Monday,03:00,04:00,Software Engineering,Prof. Faculty 144,EL-183
1591,Diploma,Electrical Engineering,TY,5,A,Tuesday,09:00,10:00,Java Programming,Prof. Faculty 055,EL-255
1592,Diploma,Electrical Engineering,TY,5,A,Tuesday,10:00,11:00,Python Programming,Prof. Faculty 200,EL-107
1593,Diploma,Electrical Engineering,TY,5,A,Tuesday,11:15,12:15,Machine Learning,Prof. Faculty 063,EL-218
1594,Diploma,Electrical Engineering,TY,5,A,Tuesday,12:15,01:15,Software Engineering,Prof. Faculty 060,EL-242
1595,Diploma,Electrical Engineering,TY,5,A,Tuesday,02:00,03:00,Physics,Prof. Faculty 202,EL-319
1596,Diploma,Electrical Engineering,TY,5,A,Tuesday,03:00,04:00,Cloud Computing,Prof. Faculty 019,EL-297
1597,Diploma,Electrical Engineering,TY,5,A,Wednesday,09:00,10:00,Physics,Prof. Faculty 043,EL-169
1598,Diploma,Electrical Engineering,TY,5,A,Wednesday,10:00,11:00,CAD/CAM,Prof. Faculty 001,EL-149
1599,Diploma,Electrical Engineering,TY,5,A,Wednesday,11:15,12:15,Electrical Machines,Prof. Faculty 166,EL-229
1600,Diploma,Electrical Engineering,TY,5,A,Wednesday,12:15,01:15,Digital Electronics,Prof. Faculty 231,EL-148
1601,Diploma,Electrical Engineering,TY,5,A,Wednesday,02:00,03:00,Web Development,Prof. Faculty 233,EL-192
1602,Diploma,Electrical Engineering,TY,5,A,Wednesday,03:00,04:00,Web Development,Prof. Faculty 171,EL-151
1603,Diploma,Electrical Engineering,TY,5,A,Thursday,09:00,10:00,Python Programming,Prof. Faculty 053,EL-160
1604,Diploma,Electrical Engineering,TY,5,A,Thursday,10:00,11:00,Web Development,Prof. Faculty 230,EL-122
1605,Diploma,Electrical Engineering,TY,5,A,Thursday,11:15,12:15,Cyber Security,Prof. Faculty 018,EL-208
1606,Diploma,Electrical Engineering,TY,5,A,Thursday,12:15,01:15,AI Fundamentals,Prof. Faculty 120,EL-262
1607,Diploma,Electrical Engineering,TY,5,A,Thursday,02:00,03:00,Software Engineering,Prof. Faculty 128,EL-297
1608,Diploma,Electrical Engineering,TY,5,A,Thursday,03:00,04:00,Surveying,Prof. Faculty 059,EL-172
1609,Diploma,Electrical Engineering,TY,5,A,Friday,09:00,10:00,AI Fundamentals,Prof. Faculty 054,EL-286
1610,Diploma,Electrical Engineering,TY,5,A,Friday,10:00,11:00,Operating Systems,Prof. Faculty 139,EL-151
1611,Diploma,Electrical Engineering,TY,5,A,Friday,11:15,12:15,Operating Systems,Prof. Faculty 102,EL-150
1612,Diploma,Electrical Engineering,TY,5,A,Friday,12:15,01:15,Mathematics,Prof. Faculty 128,EL-314
1613,Diploma,Electrical Engineering,TY,5,A,Friday,02:00,03:00,Electrical Machines,Prof. Faculty 240,EL-212
1614,Diploma,Electrical Engineering,TY,5,A,Friday,03:00,04:00,AI Fundamentals,Prof. Faculty 078,EL-234
1615,Diploma,Electrical Engineering,TY,5,A,Saturday,09:00,10:00,Python Programming,Prof. Faculty 149,EL-307
1616,Diploma,Electrical Engineering,TY,5,A,Saturday,10:00,11:00,Java Programming,Prof. Faculty 180,EL-199
1617,Diploma,Electrical Engineering,TY,5,A,Saturday,11:15,12:15,Computer Networks,Prof. Faculty 062,EL-104
1618,Diploma,Electrical Engineering,TY,5,A,Saturday,12:15,01:15,Mathematics,Prof. Faculty 210,EL-315
1619,Diploma,Electrical Engineering,TY,5,A,Saturday,02:00,03:00,Operating Systems,Prof. Faculty 134,EL-234
1620,Diploma,Electrical Engineering,TY,5,A,Saturday,03:00,04:00,Project Lab,Prof. Faculty 104,EL-193
1621,Diploma,Electrical Engineering,TY,5,B,Monday,09:00,10:00,Thermodynamics,Prof. Faculty 134,EL-278
1622,Diploma,Electrical Engineering,TY,5,B,Monday,10:00,11:00,Physics,Prof. Faculty 128,EL-208
1623,Diploma,Electrical Engineering,TY,5,B,Monday,11:15,12:15,Surveying,Prof. Faculty 012,EL-119
1624,Diploma,Electrical Engineering,TY,5,B,Monday,12:15,01:15,Cyber Security,Prof. Faculty 249,EL-196
1625,Diploma,Electrical Engineering,TY,5,B,Monday,02:00,03:00,Electrical Machines,Prof. Faculty 139,EL-171
1626,Diploma,Electrical Engineering,TY,5,B,Monday,03:00,04:00,Operating Systems,Prof. Faculty 046,EL-163
1627,Diploma,Electrical Engineering,TY,5,B,Tuesday,09:00,10:00,Computer Networks,Prof. Faculty 071,EL-181
1628,Diploma,Electrical Engineering,TY,5,B,Tuesday,10:00,11:00,Electrical Machines,Prof. Faculty 174,EL-109
1629,Diploma,Electrical Engineering,TY,5,B,Tuesday,11:15,12:15,Digital Electronics,Prof. Faculty 166,EL-205
1630,Diploma,Electrical Engineering,TY,5,B,Tuesday,12:15,01:15,Java Programming,Prof. Faculty 061,EL-162
1631,Diploma,Electrical Engineering,TY,5,B,Tuesday,02:00,03:00,Surveying,Prof. Faculty 043,EL-318
1632,Diploma,Electrical Engineering,TY,5,B,Tuesday,03:00,04:00,CAD/CAM,Prof. Faculty 128,EL-215
1633,Diploma,Electrical Engineering,TY,5,B,Wednesday,09:00,10:00,CAD/CAM,Prof. Faculty 110,EL-249
1634,Diploma,Electrical Engineering,TY,5,B,Wednesday,10:00,11:00,Computer Networks,Prof. Faculty 195,EL-111
1635,Diploma,Electrical Engineering,TY,5,B,Wednesday,11:15,12:15,Web Development,Prof. Faculty 173,EL-138
1636,Diploma,Electrical Engineering,TY,5,B,Wednesday,12:15,01:15,Data Structures,Prof. Faculty 136,EL-233
1637,Diploma,Electrical Engineering,TY,5,B,Wednesday,02:00,03:00,Computer Networks,Prof. Faculty 022,EL-296
1638,Diploma,Electrical Engineering,TY,5,B,Wednesday,03:00,04:00,AI Fundamentals,Prof. Faculty 020,EL-251
1639,Diploma,Electrical Engineering,TY,5,B,Thursday,09:00,10:00,AI Fundamentals,Prof. Faculty 206,EL-221
1640,Diploma,Electrical Engineering,TY,5,B,Thursday,10:00,11:00,Cyber Security,Prof. Faculty 115,EL-175
1641,Diploma,Electrical Engineering,TY,5,B,Thursday,11:15,12:15,Web Development,Prof. Faculty 124,EL-165
1642,Diploma,Electrical Engineering,TY,5,B,Thursday,12:15,01:15,Surveying,Prof. Faculty 069,EL-164
1643,Diploma,Electrical Engineering,TY,5,B,Thursday,02:00,03:00,Project Lab,Prof. Faculty 128,EL-274
1644,Diploma,Electrical Engineering,TY,5,B,Thursday,03:00,04:00,Mathematics,Prof. Faculty 186,EL-284
1645,Diploma,Electrical Engineering,TY,5,B,Friday,09:00,10:00,DBMS,Prof. Faculty 023,EL-314
1646,Diploma,Electrical Engineering,TY,5,B,Friday,10:00,11:00,Cyber Security,Prof. Faculty 041,EL-239
1647,Diploma,Electrical Engineering,TY,5,B,Friday,11:15,12:15,Physics,Prof. Faculty 050,EL-242
1648,Diploma,Electrical Engineering,TY,5,B,Friday,12:15,01:15,Project Lab,Prof. Faculty 245,EL-136
1649,Diploma,Electrical Engineering,TY,5,B,Friday,02:00,03:00,Software Engineering,Prof. Faculty 016,EL-120
1650,Diploma,Electrical Engineering,TY,5,B,Friday,03:00,04:00,Cloud Computing,Prof. Faculty 047,EL-253
1651,Diploma,Electrical Engineering,TY,5,B,Saturday,09:00,10:00,Digital Electronics,Prof. Faculty 118,EL-126
1652,Diploma,Electrical Engineering,TY,5,B,Saturday,10:00,11:00,Surveying,Prof. Faculty 164,EL-205
1653,Diploma,Electrical Engineering,TY,5,B,Saturday,11:15,12:15,Java Programming,Prof. Faculty 046,EL-236
1654,Diploma,Electrical Engineering,TY,5,B,Saturday,12:15,01:15,Data Structures,Prof. Faculty 005,EL-171
1655,Diploma,Electrical Engineering,TY,5,B,Saturday,02:00,03:00,Surveying,Prof. Faculty 041,EL-245
1656,Diploma,Electrical Engineering,TY,5,B,Saturday,03:00,04:00,Software Engineering,Prof. Faculty 112,EL-137
1657,Diploma,Electrical Engineering,TY,6,A,Monday,09:00,10:00,Java Programming,Prof. Faculty 143,EL-304
1658,Diploma,Electrical Engineering,TY,6,A,Monday,10:00,11:00,Data Structures,Prof. Faculty 013,EL-256
1659,Diploma,Electrical Engineering,TY,6,A,Monday,11:15,12:15,Cyber Security,Prof. Faculty 187,EL-207
1660,Diploma,Electrical Engineering,TY,6,A,Monday,12:15,01:15,Python Programming,Prof. Faculty 104,EL-105
1661,Diploma,Electrical Engineering,TY,6,A,Monday,02:00,03:00,DBMS,Prof. Faculty 112,EL-257
1662,Diploma,Electrical Engineering,TY,6,A,Monday,03:00,04:00,Data Structures,Prof. Faculty 028,EL-169
1663,Diploma,Electrical Engineering,TY,6,A,Tuesday,09:00,10:00,Digital Electronics,Prof. Faculty 206,EL-141
1664,Diploma,Electrical Engineering,TY,6,A,Tuesday,10:00,11:00,Python Programming,Prof. Faculty 112,EL-283
1665,Diploma,Electrical Engineering,TY,6,A,Tuesday,11:15,12:15,Surveying,Prof. Faculty 143,EL-282
1666,Diploma,Electrical Engineering,TY,6,A,Tuesday,12:15,01:15,Mathematics,Prof. Faculty 136,EL-302
1667,Diploma,Electrical Engineering,TY,6,A,Tuesday,02:00,03:00,Project Lab,Prof. Faculty 070,EL-209
1668,Diploma,Electrical Engineering,TY,6,A,Tuesday,03:00,04:00,DBMS,Prof. Faculty 210,EL-231
1669,Diploma,Electrical Engineering,TY,6,A,Wednesday,09:00,10:00,Physics,Prof. Faculty 173,EL-249
1670,Diploma,Electrical Engineering,TY,6,A,Wednesday,10:00,11:00,Data Structures,Prof. Faculty 122,EL-252
1671,Diploma,Electrical Engineering,TY,6,A,Wednesday,11:15,12:15,Computer Networks,Prof. Faculty 233,EL-150
1672,Diploma,Electrical Engineering,TY,6,A,Wednesday,12:15,01:15,Cloud Computing,Prof. Faculty 083,EL-298
1673,Diploma,Electrical Engineering,TY,6,A,Wednesday,02:00,03:00,Digital Electronics,Prof. Faculty 056,EL-318
1674,Diploma,Electrical Engineering,TY,6,A,Wednesday,03:00,04:00,Project Lab,Prof. Faculty 219,EL-195
1675,Diploma,Electrical Engineering,TY,6,A,Thursday,09:00,10:00,AI Fundamentals,Prof. Faculty 177,EL-244
1676,Diploma,Electrical Engineering,TY,6,A,Thursday,10:00,11:00,Surveying,Prof. Faculty 096,EL-311
1677,Diploma,Electrical Engineering,TY,6,A,Thursday,11:15,12:15,Physics,Prof. Faculty 199,EL-167
1678,Diploma,Electrical Engineering,TY,6,A,Thursday,12:15,01:15,Machine Learning,Prof. Faculty 177,EL-295
1679,Diploma,Electrical Engineering,TY,6,A,Thursday,02:00,03:00,Digital Electronics,Prof. Faculty 087,EL-261
1680,Diploma,Electrical Engineering,TY,6,A,Thursday,03:00,04:00,Operating Systems,Prof. Faculty 041,EL-174
1681,Diploma,Electrical Engineering,TY,6,A,Friday,09:00,10:00,Cyber Security,Prof. Faculty 193,EL-290
1682,Diploma,Electrical Engineering,TY,6,A,Friday,10:00,11:00,Thermodynamics,Prof. Faculty 005,EL-286
1683,Diploma,Electrical Engineering,TY,6,A,Friday,11:15,12:15,Machine Learning,Prof. Faculty 026,EL-228
1684,Diploma,Electrical Engineering,TY,6,A,Friday,12:15,01:15,Python Programming,Prof. Faculty 244,EL-298
1685,Diploma,Electrical Engineering,TY,6,A,Friday,02:00,03:00,Cyber Security,Prof. Faculty 162,EL-210
1686,Diploma,Electrical Engineering,TY,6,A,Friday,03:00,04:00,Project Lab,Prof. Faculty 047,EL-125
1687,Diploma,Electrical Engineering,TY,6,A,Saturday,09:00,10:00,Web Development,Prof. Faculty 155,EL-265
1688,Diploma,Electrical Engineering,TY,6,A,Saturday,10:00,11:00,DBMS,Prof. Faculty 159,EL-264
1689,Diploma,Electrical Engineering,TY,6,A,Saturday,11:15,12:15,Python Programming,Prof. Faculty 245,EL-265
1690,Diploma,Electrical Engineering,TY,6,A,Saturday,12:15,01:15,Thermodynamics,Prof. Faculty 190,EL-176
1691,Diploma,Electrical Engineering,TY,6,A,Saturday,02:00,03:00,Machine Learning,Prof. Faculty 247,EL-152
1692,Diploma,Electrical Engineering,TY,6,A,Saturday,03:00,04:00,Cyber Security,Prof. Faculty 070,EL-133
1693,Diploma,Electrical Engineering,TY,6,B,Monday,09:00,10:00,Java Programming,Prof. Faculty 108,EL-307
1694,Diploma,Electrical Engineering,TY,6,B,Monday,10:00,11:00,Operating Systems,Prof. Faculty 189,EL-117
1695,Diploma,Electrical Engineering,TY,6,B,Monday,11:15,12:15,Data Structures,Prof. Faculty 160,EL-108
1696,Diploma,Electrical Engineering,TY,6,B,Monday,12:15,01:15,Java Programming,Prof. Faculty 230,EL-249
1697,Diploma,Electrical Engineering,TY,6,B,Monday,02:00,03:00,Mathematics,Prof. Faculty 229,EL-239
1698,Diploma,Electrical Engineering,TY,6,B,Monday,03:00,04:00,Physics,Prof. Faculty 202,EL-280
1699,Diploma,Electrical Engineering,TY,6,B,Tuesday,09:00,10:00,Electrical Machines,Prof. Faculty 101,EL-174
1700,Diploma,Electrical Engineering,TY,6,B,Tuesday,10:00,11:00,Electrical Machines,Prof. Faculty 142,EL-176
1701,Diploma,Electrical Engineering,TY,6,B,Tuesday,11:15,12:15,Physics,Prof. Faculty 134,EL-152
1702,Diploma,Electrical Engineering,TY,6,B,Tuesday,12:15,01:15,Project Lab,Prof. Faculty 189,EL-105
1703,Diploma,Electrical Engineering,TY,6,B,Tuesday,02:00,03:00,Computer Networks,Prof. Faculty 133,EL-259
1704,Diploma,Electrical Engineering,TY,6,B,Tuesday,03:00,04:00,CAD/CAM,Prof. Faculty 187,EL-296
1705,Diploma,Electrical Engineering,TY,6,B,Wednesday,09:00,10:00,Operating Systems,Prof. Faculty 211,EL-197
1706,Diploma,Electrical Engineering,TY,6,B,Wednesday,10:00,11:00,Software Engineering,Prof. Faculty 033,EL-296
1707,Diploma,Electrical Engineering,TY,6,B,Wednesday,11:15,12:15,Physics,Prof. Faculty 190,EL-226
1708,Diploma,Electrical Engineering,TY,6,B,Wednesday,12:15,01:15,Web Development,Prof. Faculty 044,EL-245
1709,Diploma,Electrical Engineering,TY,6,B,Wednesday,02:00,03:00,Python Programming,Prof. Faculty 003,EL-194
1710,Diploma,Electrical Engineering,TY,6,B,Wednesday,03:00,04:00,Surveying,Prof. Faculty 046,EL-182
1711,Diploma,Electrical Engineering,TY,6,B,Thursday,09:00,10:00,Operating Systems,Prof. Faculty 109,EL-245
1712,Diploma,Electrical Engineering,TY,6,B,Thursday,10:00,11:00,Cyber Security,Prof. Faculty 111,EL-110
1713,Diploma,Electrical Engineering,TY,6,B,Thursday,11:15,12:15,Operating Systems,Prof. Faculty 122,EL-127
1714,Diploma,Electrical Engineering,TY,6,B,Thursday,12:15,01:15,Electrical Machines,Prof. Faculty 002,EL-127
1715,Diploma,Electrical Engineering,TY,6,B,Thursday,02:00,03:00,Project Lab,Prof. Faculty 232,EL-101
1716,Diploma,Electrical Engineering,TY,6,B,Thursday,03:00,04:00,Mathematics,Prof. Faculty 008,EL-248
1717,Diploma,Electrical Engineering,TY,6,B,Friday,09:00,10:00,Web Development,Prof. Faculty 019,EL-151
1718,Diploma,Electrical Engineering,TY,6,B,Friday,10:00,11:00,Machine Learning,Prof. Faculty 192,EL-285
1719,Diploma,Electrical Engineering,TY,6,B,Friday,11:15,12:15,Java Programming,Prof. Faculty 126,EL-221
1720,Diploma,Electrical Engineering,TY,6,B,Friday,12:15,01:15,Mathematics,Prof. Faculty 210,EL-123
1721,Diploma,Electrical Engineering,TY,6,B,Friday,02:00,03:00,Electrical Machines,Prof. Faculty 118,EL-161
1722,Diploma,Electrical Engineering,TY,6,B,Friday,03:00,04:00,Python Programming,Prof. Faculty 220,EL-307
1723,Diploma,Electrical Engineering,TY,6,B,Saturday,09:00,10:00,Electrical Machines,Prof. Faculty 170,EL-164
1724,Diploma,Electrical Engineering,TY,6,B,Saturday,10:00,11:00,Cyber Security,Prof. Faculty 204,EL-312
1725,Diploma,Electrical Engineering,TY,6,B,Saturday,11:15,12:15,Cloud Computing,Prof. Faculty 164,EL-183
1726,Diploma,Electrical Engineering,TY,6,B,Saturday,12:15,01:15,Project Lab,Prof. Faculty 143,EL-235
1727,Diploma,Electrical Engineering,TY,6,B,Saturday,02:00,03:00,Python Programming,Prof. Faculty 231,EL-248
1728,Diploma,Electrical Engineering,TY,6,B,Saturday,03:00,04:00,DBMS,Prof. Faculty 128,EL-261
1729,Diploma,Information Technology,FY,1,A,Monday,09:00,10:00,CAD/CAM,Prof. Faculty 171,IN-141
1730,Diploma,Information Technology,FY,1,A,Monday,10:00,11:00,DBMS,Prof. Faculty 221,IN-149
1731,Diploma,Information Technology,FY,1,A,Monday,11:15,12:15,Operating Systems,Prof. Faculty 150,IN-131
1732,Diploma,Information Technology,FY,1,A,Monday,12:15,01:15,Mathematics,Prof. Faculty 200,IN-269
1733,Diploma,Information Technology,FY,1,A,Monday,02:00,03:00,Electrical Machines,Prof. Faculty 051,IN-250
1734,Diploma,Information Technology,FY,1,A,Monday,03:00,04:00,DBMS,Prof. Faculty 105,IN-249
1735,Diploma,Information Technology,FY,1,A,Tuesday,09:00,10:00,Physics,Prof. Faculty 134,IN-286
1736,Diploma,Information Technology,FY,1,A,Tuesday,10:00,11:00,Computer Networks,Prof. Faculty 009,IN-247
1737,Diploma,Information Technology,FY,1,A,Tuesday,11:15,12:15,Computer Networks,Prof. Faculty 241,IN-258
1738,Diploma,Information Technology,FY,1,A,Tuesday,12:15,01:15,Computer Networks,Prof. Faculty 187,IN-265
1739,Diploma,Information Technology,FY,1,A,Tuesday,02:00,03:00,Cyber Security,Prof. Faculty 072,IN-126
1740,Diploma,Information Technology,FY,1,A,Tuesday,03:00,04:00,Computer Networks,Prof. Faculty 001,IN-182
1741,Diploma,Information Technology,FY,1,A,Wednesday,09:00,10:00,Machine Learning,Prof. Faculty 247,IN-315
1742,Diploma,Information Technology,FY,1,A,Wednesday,10:00,11:00,Cyber Security,Prof. Faculty 165,IN-153
1743,Diploma,Information Technology,FY,1,A,Wednesday,11:15,12:15,Python Programming,Prof. Faculty 194,IN-256
1744,Diploma,Information Technology,FY,1,A,Wednesday,12:15,01:15,Project Lab,Prof. Faculty 074,IN-194
1745,Diploma,Information Technology,FY,1,A,Wednesday,02:00,03:00,Mathematics,Prof. Faculty 067,IN-313
1746,Diploma,Information Technology,FY,1,A,Wednesday,03:00,04:00,Java Programming,Prof. Faculty 020,IN-120
1747,Diploma,Information Technology,FY,1,A,Thursday,09:00,10:00,Thermodynamics,Prof. Faculty 050,IN-230
1748,Diploma,Information Technology,FY,1,A,Thursday,10:00,11:00,Cyber Security,Prof. Faculty 007,IN-188
1749,Diploma,Information Technology,FY,1,A,Thursday,11:15,12:15,AI Fundamentals,Prof. Faculty 001,IN-264
1750,Diploma,Information Technology,FY,1,A,Thursday,12:15,01:15,AI Fundamentals,Prof. Faculty 013,IN-307
1751,Diploma,Information Technology,FY,1,A,Thursday,02:00,03:00,Surveying,Prof. Faculty 060,IN-175
1752,Diploma,Information Technology,FY,1,A,Thursday,03:00,04:00,DBMS,Prof. Faculty 038,IN-306
1753,Diploma,Information Technology,FY,1,A,Friday,09:00,10:00,CAD/CAM,Prof. Faculty 210,IN-253
1754,Diploma,Information Technology,FY,1,A,Friday,10:00,11:00,Electrical Machines,Prof. Faculty 193,IN-102
1755,Diploma,Information Technology,FY,1,A,Friday,11:15,12:15,Cyber Security,Prof. Faculty 219,IN-306
1756,Diploma,Information Technology,FY,1,A,Friday,12:15,01:15,Cloud Computing,Prof. Faculty 225,IN-244
1757,Diploma,Information Technology,FY,1,A,Friday,02:00,03:00,Surveying,Prof. Faculty 144,IN-182
1758,Diploma,Information Technology,FY,1,A,Friday,03:00,04:00,Operating Systems,Prof. Faculty 103,IN-310
1759,Diploma,Information Technology,FY,1,A,Saturday,09:00,10:00,Machine Learning,Prof. Faculty 200,IN-147
1760,Diploma,Information Technology,FY,1,A,Saturday,10:00,11:00,Computer Networks,Prof. Faculty 243,IN-161
1761,Diploma,Information Technology,FY,1,A,Saturday,11:15,12:15,Software Engineering,Prof. Faculty 201,IN-280
1762,Diploma,Information Technology,FY,1,A,Saturday,12:15,01:15,Cyber Security,Prof. Faculty 059,IN-130
1763,Diploma,Information Technology,FY,1,A,Saturday,02:00,03:00,Computer Networks,Prof. Faculty 184,IN-139
1764,Diploma,Information Technology,FY,1,A,Saturday,03:00,04:00,Project Lab,Prof. Faculty 170,IN-139
1765,Diploma,Information Technology,FY,1,B,Monday,09:00,10:00,Surveying,Prof. Faculty 242,IN-268
1766,Diploma,Information Technology,FY,1,B,Monday,10:00,11:00,Electrical Machines,Prof. Faculty 029,IN-257
1767,Diploma,Information Technology,FY,1,B,Monday,11:15,12:15,Cyber Security,Prof. Faculty 032,IN-171
1768,Diploma,Information Technology,FY,1,B,Monday,12:15,01:15,Software Engineering,Prof. Faculty 025,IN-275
1769,Diploma,Information Technology,FY,1,B,Monday,02:00,03:00,Python Programming,Prof. Faculty 037,IN-205
1770,Diploma,Information Technology,FY,1,B,Monday,03:00,04:00,Software Engineering,Prof. Faculty 069,IN-231
1771,Diploma,Information Technology,FY,1,B,Tuesday,09:00,10:00,DBMS,Prof. Faculty 146,IN-313
1772,Diploma,Information Technology,FY,1,B,Tuesday,10:00,11:00,Machine Learning,Prof. Faculty 072,IN-215
1773,Diploma,Information Technology,FY,1,B,Tuesday,11:15,12:15,Python Programming,Prof. Faculty 056,IN-213
1774,Diploma,Information Technology,FY,1,B,Tuesday,12:15,01:15,Web Development,Prof. Faculty 057,IN-121
1775,Diploma,Information Technology,FY,1,B,Tuesday,02:00,03:00,Software Engineering,Prof. Faculty 200,IN-284
1776,Diploma,Information Technology,FY,1,B,Tuesday,03:00,04:00,DBMS,Prof. Faculty 223,IN-265
1777,Diploma,Information Technology,FY,1,B,Wednesday,09:00,10:00,Surveying,Prof. Faculty 190,IN-178
1778,Diploma,Information Technology,FY,1,B,Wednesday,10:00,11:00,Computer Networks,Prof. Faculty 096,IN-161
1779,Diploma,Information Technology,FY,1,B,Wednesday,11:15,12:15,Java Programming,Prof. Faculty 060,IN-302
1780,Diploma,Information Technology,FY,1,B,Wednesday,12:15,01:15,Operating Systems,Prof. Faculty 186,IN-127
1781,Diploma,Information Technology,FY,1,B,Wednesday,02:00,03:00,Project Lab,Prof. Faculty 166,IN-313
1782,Diploma,Information Technology,FY,1,B,Wednesday,03:00,04:00,Physics,Prof. Faculty 034,IN-239
1783,Diploma,Information Technology,FY,1,B,Thursday,09:00,10:00,Thermodynamics,Prof. Faculty 085,IN-299
1784,Diploma,Information Technology,FY,1,B,Thursday,10:00,11:00,Digital Electronics,Prof. Faculty 054,IN-149
1785,Diploma,Information Technology,FY,1,B,Thursday,11:15,12:15,AI Fundamentals,Prof. Faculty 206,IN-148
1786,Diploma,Information Technology,FY,1,B,Thursday,12:15,01:15,Cyber Security,Prof. Faculty 153,IN-145
1787,Diploma,Information Technology,FY,1,B,Thursday,02:00,03:00,Web Development,Prof. Faculty 105,IN-246
1788,Diploma,Information Technology,FY,1,B,Thursday,03:00,04:00,Project Lab,Prof. Faculty 100,IN-226
1789,Diploma,Information Technology,FY,1,B,Friday,09:00,10:00,Java Programming,Prof. Faculty 091,IN-181
1790,Diploma,Information Technology,FY,1,B,Friday,10:00,11:00,Cyber Security,Prof. Faculty 010,IN-196
1791,Diploma,Information Technology,FY,1,B,Friday,11:15,12:15,AI Fundamentals,Prof. Faculty 234,IN-320
1792,Diploma,Information Technology,FY,1,B,Friday,12:15,01:15,Electrical Machines,Prof. Faculty 019,IN-110
1793,Diploma,Information Technology,FY,1,B,Friday,02:00,03:00,Electrical Machines,Prof. Faculty 116,IN-285
1794,Diploma,Information Technology,FY,1,B,Friday,03:00,04:00,Python Programming,Prof. Faculty 184,IN-302
1795,Diploma,Information Technology,FY,1,B,Saturday,09:00,10:00,CAD/CAM,Prof. Faculty 214,IN-187
1796,Diploma,Information Technology,FY,1,B,Saturday,10:00,11:00,Surveying,Prof. Faculty 114,IN-258
1797,Diploma,Information Technology,FY,1,B,Saturday,11:15,12:15,DBMS,Prof. Faculty 003,IN-154
1798,Diploma,Information Technology,FY,1,B,Saturday,12:15,01:15,DBMS,Prof. Faculty 043,IN-154
1799,Diploma,Information Technology,FY,1,B,Saturday,02:00,03:00,Electrical Machines,Prof. Faculty 061,IN-133
1800,Diploma,Information Technology,FY,1,B,Saturday,03:00,04:00,Cloud Computing,Prof. Faculty 203,IN-245
1801,Diploma,Information Technology,FY,2,A,Monday,09:00,10:00,Data Structures,Prof. Faculty 232,IN-311
1802,Diploma,Information Technology,FY,2,A,Monday,10:00,11:00,Cloud Computing,Prof. Faculty 217,IN-283
1803,Diploma,Information Technology,FY,2,A,Monday,11:15,12:15,Operating Systems,Prof. Faculty 220,IN-294
1804,Diploma,Information Technology,FY,2,A,Monday,12:15,01:15,Electrical Machines,Prof. Faculty 089,IN-208
1805,Diploma,Information Technology,FY,2,A,Monday,02:00,03:00,Project Lab,Prof. Faculty 001,IN-186
1806,Diploma,Information Technology,FY,2,A,Monday,03:00,04:00,Mathematics,Prof. Faculty 127,IN-272
1807,Diploma,Information Technology,FY,2,A,Tuesday,09:00,10:00,Surveying,Prof. Faculty 064,IN-143
1808,Diploma,Information Technology,FY,2,A,Tuesday,10:00,11:00,Cyber Security,Prof. Faculty 087,IN-138
1809,Diploma,Information Technology,FY,2,A,Tuesday,11:15,12:15,CAD/CAM,Prof. Faculty 236,IN-265
1810,Diploma,Information Technology,FY,2,A,Tuesday,12:15,01:15,Mathematics,Prof. Faculty 147,IN-279
1811,Diploma,Information Technology,FY,2,A,Tuesday,02:00,03:00,Java Programming,Prof. Faculty 108,IN-134
1812,Diploma,Information Technology,FY,2,A,Tuesday,03:00,04:00,Python Programming,Prof. Faculty 117,IN-307
1813,Diploma,Information Technology,FY,2,A,Wednesday,09:00,10:00,Thermodynamics,Prof. Faculty 049,IN-206
1814,Diploma,Information Technology,FY,2,A,Wednesday,10:00,11:00,Java Programming,Prof. Faculty 225,IN-205
1815,Diploma,Information Technology,FY,2,A,Wednesday,11:15,12:15,Web Development,Prof. Faculty 054,IN-182
1816,Diploma,Information Technology,FY,2,A,Wednesday,12:15,01:15,Cyber Security,Prof. Faculty 154,IN-171
1817,Diploma,Information Technology,FY,2,A,Wednesday,02:00,03:00,Web Development,Prof. Faculty 244,IN-130
1818,Diploma,Information Technology,FY,2,A,Wednesday,03:00,04:00,Cloud Computing,Prof. Faculty 047,IN-291
1819,Diploma,Information Technology,FY,2,A,Thursday,09:00,10:00,Computer Networks,Prof. Faculty 192,IN-211
1820,Diploma,Information Technology,FY,2,A,Thursday,10:00,11:00,CAD/CAM,Prof. Faculty 115,IN-166
1821,Diploma,Information Technology,FY,2,A,Thursday,11:15,12:15,Thermodynamics,Prof. Faculty 030,IN-106
1822,Diploma,Information Technology,FY,2,A,Thursday,12:15,01:15,Cyber Security,Prof. Faculty 147,IN-310
1823,Diploma,Information Technology,FY,2,A,Thursday,02:00,03:00,Python Programming,Prof. Faculty 107,IN-148
1824,Diploma,Information Technology,FY,2,A,Thursday,03:00,04:00,Project Lab,Prof. Faculty 248,IN-103
1825,Diploma,Information Technology,FY,2,A,Friday,09:00,10:00,Thermodynamics,Prof. Faculty 115,IN-201
1826,Diploma,Information Technology,FY,2,A,Friday,10:00,11:00,Web Development,Prof. Faculty 178,IN-154
1827,Diploma,Information Technology,FY,2,A,Friday,11:15,12:15,Digital Electronics,Prof. Faculty 078,IN-270
1828,Diploma,Information Technology,FY,2,A,Friday,12:15,01:15,Physics,Prof. Faculty 119,IN-248
1829,Diploma,Information Technology,FY,2,A,Friday,02:00,03:00,Project Lab,Prof. Faculty 195,IN-272
1830,Diploma,Information Technology,FY,2,A,Friday,03:00,04:00,Python Programming,Prof. Faculty 109,IN-249
1831,Diploma,Information Technology,FY,2,A,Saturday,09:00,10:00,Electrical Machines,Prof. Faculty 056,IN-214
1832,Diploma,Information Technology,FY,2,A,Saturday,10:00,11:00,Cyber Security,Prof. Faculty 068,IN-300
1833,Diploma,Information Technology,FY,2,A,Saturday,11:15,12:15,Surveying,Prof. Faculty 185,IN-307
1834,Diploma,Information Technology,FY,2,A,Saturday,12:15,01:15,CAD/CAM,Prof. Faculty 036,IN-287
1835,Diploma,Information Technology,FY,2,A,Saturday,02:00,03:00,Cloud Computing,Prof. Faculty 013,IN-148
1836,Diploma,Information Technology,FY,2,A,Saturday,03:00,04:00,Operating Systems,Prof. Faculty 158,IN-119
1837,Diploma,Information Technology,FY,2,B,Monday,09:00,10:00,Thermodynamics,Prof. Faculty 122,IN-201
1838,Diploma,Information Technology,FY,2,B,Monday,10:00,11:00,Machine Learning,Prof. Faculty 011,IN-145
1839,Diploma,Information Technology,FY,2,B,Monday,11:15,12:15,Software Engineering,Prof. Faculty 016,IN-190
1840,Diploma,Information Technology,FY,2,B,Monday,12:15,01:15,Machine Learning,Prof. Faculty 058,IN-221
1841,Diploma,Information Technology,FY,2,B,Monday,02:00,03:00,Computer Networks,Prof. Faculty 067,IN-300
1842,Diploma,Information Technology,FY,2,B,Monday,03:00,04:00,Electrical Machines,Prof. Faculty 179,IN-175
1843,Diploma,Information Technology,FY,2,B,Tuesday,09:00,10:00,Electrical Machines,Prof. Faculty 081,IN-214
1844,Diploma,Information Technology,FY,2,B,Tuesday,10:00,11:00,Surveying,Prof. Faculty 133,IN-308
1845,Diploma,Information Technology,FY,2,B,Tuesday,11:15,12:15,Project Lab,Prof. Faculty 205,IN-203
1846,Diploma,Information Technology,FY,2,B,Tuesday,12:15,01:15,CAD/CAM,Prof. Faculty 167,IN-129
1847,Diploma,Information Technology,FY,2,B,Tuesday,02:00,03:00,Cyber Security,Prof. Faculty 100,IN-299
1848,Diploma,Information Technology,FY,2,B,Tuesday,03:00,04:00,Thermodynamics,Prof. Faculty 084,IN-259
1849,Diploma,Information Technology,FY,2,B,Wednesday,09:00,10:00,Project Lab,Prof. Faculty 093,IN-135
1850,Diploma,Information Technology,FY,2,B,Wednesday,10:00,11:00,Cloud Computing,Prof. Faculty 093,IN-171
1851,Diploma,Information Technology,FY,2,B,Wednesday,11:15,12:15,Python Programming,Prof. Faculty 121,IN-137
1852,Diploma,Information Technology,FY,2,B,Wednesday,12:15,01:15,Thermodynamics,Prof. Faculty 201,IN-125
1853,Diploma,Information Technology,FY,2,B,Wednesday,02:00,03:00,Machine Learning,Prof. Faculty 247,IN-178
1854,Diploma,Information Technology,FY,2,B,Wednesday,03:00,04:00,Computer Networks,Prof. Faculty 181,IN-277
1855,Diploma,Information Technology,FY,2,B,Thursday,09:00,10:00,Digital Electronics,Prof. Faculty 124,IN-269
1856,Diploma,Information Technology,FY,2,B,Thursday,10:00,11:00,Project Lab,Prof. Faculty 138,IN-184
1857,Diploma,Information Technology,FY,2,B,Thursday,11:15,12:15,Computer Networks,Prof. Faculty 145,IN-101
1858,Diploma,Information Technology,FY,2,B,Thursday,12:15,01:15,Electrical Machines,Prof. Faculty 090,IN-235
1859,Diploma,Information Technology,FY,2,B,Thursday,02:00,03:00,Computer Networks,Prof. Faculty 090,IN-277
1860,Diploma,Information Technology,FY,2,B,Thursday,03:00,04:00,Software Engineering,Prof. Faculty 066,IN-193
1861,Diploma,Information Technology,FY,2,B,Friday,09:00,10:00,CAD/CAM,Prof. Faculty 144,IN-299
1862,Diploma,Information Technology,FY,2,B,Friday,10:00,11:00,Cloud Computing,Prof. Faculty 169,IN-119
1863,Diploma,Information Technology,FY,2,B,Friday,11:15,12:15,Physics,Prof. Faculty 128,IN-182
1864,Diploma,Information Technology,FY,2,B,Friday,12:15,01:15,Machine Learning,Prof. Faculty 195,IN-241
1865,Diploma,Information Technology,FY,2,B,Friday,02:00,03:00,Physics,Prof. Faculty 080,IN-105
1866,Diploma,Information Technology,FY,2,B,Friday,03:00,04:00,Cyber Security,Prof. Faculty 077,IN-300
1867,Diploma,Information Technology,FY,2,B,Saturday,09:00,10:00,Project Lab,Prof. Faculty 167,IN-149
1868,Diploma,Information Technology,FY,2,B,Saturday,10:00,11:00,Computer Networks,Prof. Faculty 185,IN-185
1869,Diploma,Information Technology,FY,2,B,Saturday,11:15,12:15,AI Fundamentals,Prof. Faculty 172,IN-257
1870,Diploma,Information Technology,FY,2,B,Saturday,12:15,01:15,CAD/CAM,Prof. Faculty 249,IN-251
1871,Diploma,Information Technology,FY,2,B,Saturday,02:00,03:00,Digital Electronics,Prof. Faculty 109,IN-217
1872,Diploma,Information Technology,FY,2,B,Saturday,03:00,04:00,Software Engineering,Prof. Faculty 203,IN-108
1873,Diploma,Information Technology,SY,3,A,Monday,09:00,10:00,DBMS,Prof. Faculty 005,IN-175
1874,Diploma,Information Technology,SY,3,A,Monday,10:00,11:00,Software Engineering,Prof. Faculty 170,IN-101
1875,Diploma,Information Technology,SY,3,A,Monday,11:15,12:15,Surveying,Prof. Faculty 026,IN-153
1876,Diploma,Information Technology,SY,3,A,Monday,12:15,01:15,Computer Networks,Prof. Faculty 137,IN-111
1877,Diploma,Information Technology,SY,3,A,Monday,02:00,03:00,Mathematics,Prof. Faculty 197,IN-138
1878,Diploma,Information Technology,SY,3,A,Monday,03:00,04:00,Mathematics,Prof. Faculty 142,IN-177
1879,Diploma,Information Technology,SY,3,A,Tuesday,09:00,10:00,Machine Learning,Prof. Faculty 024,IN-237
1880,Diploma,Information Technology,SY,3,A,Tuesday,10:00,11:00,Digital Electronics,Prof. Faculty 131,IN-151
1881,Diploma,Information Technology,SY,3,A,Tuesday,11:15,12:15,Cloud Computing,Prof. Faculty 150,IN-194
1882,Diploma,Information Technology,SY,3,A,Tuesday,12:15,01:15,Operating Systems,Prof. Faculty 136,IN-144
1883,Diploma,Information Technology,SY,3,A,Tuesday,02:00,03:00,CAD/CAM,Prof. Faculty 106,IN-248
1884,Diploma,Information Technology,SY,3,A,Tuesday,03:00,04:00,Digital Electronics,Prof. Faculty 088,IN-184
1885,Diploma,Information Technology,SY,3,A,Wednesday,09:00,10:00,Cyber Security,Prof. Faculty 116,IN-231
1886,Diploma,Information Technology,SY,3,A,Wednesday,10:00,11:00,Digital Electronics,Prof. Faculty 208,IN-224
1887,Diploma,Information Technology,SY,3,A,Wednesday,11:15,12:15,AI Fundamentals,Prof. Faculty 141,IN-317
1888,Diploma,Information Technology,SY,3,A,Wednesday,12:15,01:15,Thermodynamics,Prof. Faculty 206,IN-272
1889,Diploma,Information Technology,SY,3,A,Wednesday,02:00,03:00,Web Development,Prof. Faculty 155,IN-105
1890,Diploma,Information Technology,SY,3,A,Wednesday,03:00,04:00,Project Lab,Prof. Faculty 125,IN-192
1891,Diploma,Information Technology,SY,3,A,Thursday,09:00,10:00,Machine Learning,Prof. Faculty 088,IN-276
1892,Diploma,Information Technology,SY,3,A,Thursday,10:00,11:00,Computer Networks,Prof. Faculty 196,IN-118
1893,Diploma,Information Technology,SY,3,A,Thursday,11:15,12:15,Machine Learning,Prof. Faculty 106,IN-292
1894,Diploma,Information Technology,SY,3,A,Thursday,12:15,01:15,DBMS,Prof. Faculty 069,IN-111
1895,Diploma,Information Technology,SY,3,A,Thursday,02:00,03:00,CAD/CAM,Prof. Faculty 222,IN-287
1896,Diploma,Information Technology,SY,3,A,Thursday,03:00,04:00,DBMS,Prof. Faculty 017,IN-143
1897,Diploma,Information Technology,SY,3,A,Friday,09:00,10:00,Digital Electronics,Prof. Faculty 039,IN-103
1898,Diploma,Information Technology,SY,3,A,Friday,10:00,11:00,Physics,Prof. Faculty 212,IN-138
1899,Diploma,Information Technology,SY,3,A,Friday,11:15,12:15,Computer Networks,Prof. Faculty 137,IN-211
1900,Diploma,Information Technology,SY,3,A,Friday,12:15,01:15,Data Structures,Prof. Faculty 035,IN-214
1901,Diploma,Information Technology,SY,3,A,Friday,02:00,03:00,Thermodynamics,Prof. Faculty 121,IN-217
1902,Diploma,Information Technology,SY,3,A,Friday,03:00,04:00,Project Lab,Prof. Faculty 178,IN-239
1903,Diploma,Information Technology,SY,3,A,Saturday,09:00,10:00,DBMS,Prof. Faculty 131,IN-219
1904,Diploma,Information Technology,SY,3,A,Saturday,10:00,11:00,Digital Electronics,Prof. Faculty 039,IN-142
1905,Diploma,Information Technology,SY,3,A,Saturday,11:15,12:15,AI Fundamentals,Prof. Faculty 113,IN-223
1906,Diploma,Information Technology,SY,3,A,Saturday,12:15,01:15,Project Lab,Prof. Faculty 078,IN-149
1907,Diploma,Information Technology,SY,3,A,Saturday,02:00,03:00,CAD/CAM,Prof. Faculty 132,IN-150
1908,Diploma,Information Technology,SY,3,A,Saturday,03:00,04:00,Machine Learning,Prof. Faculty 143,IN-191
1909,Diploma,Information Technology,SY,3,B,Monday,09:00,10:00,Electrical Machines,Prof. Faculty 178,IN-298
1910,Diploma,Information Technology,SY,3,B,Monday,10:00,11:00,Cloud Computing,Prof. Faculty 200,IN-237
1911,Diploma,Information Technology,SY,3,B,Monday,11:15,12:15,Thermodynamics,Prof. Faculty 180,IN-150
1912,Diploma,Information Technology,SY,3,B,Monday,12:15,01:15,Electrical Machines,Prof. Faculty 233,IN-290
1913,Diploma,Information Technology,SY,3,B,Monday,02:00,03:00,Digital Electronics,Prof. Faculty 183,IN-138
1914,Diploma,Information Technology,SY,3,B,Monday,03:00,04:00,Web Development,Prof. Faculty 224,IN-316
1915,Diploma,Information Technology,SY,3,B,Tuesday,09:00,10:00,Thermodynamics,Prof. Faculty 224,IN-230
1916,Diploma,Information Technology,SY,3,B,Tuesday,10:00,11:00,Software Engineering,Prof. Faculty 046,IN-268
1917,Diploma,Information Technology,SY,3,B,Tuesday,11:15,12:15,Electrical Machines,Prof. Faculty 010,IN-259
1918,Diploma,Information Technology,SY,3,B,Tuesday,12:15,01:15,Physics,Prof. Faculty 046,IN-167
1919,Diploma,Information Technology,SY,3,B,Tuesday,02:00,03:00,DBMS,Prof. Faculty 008,IN-197
1920,Diploma,Information Technology,SY,3,B,Tuesday,03:00,04:00,Web Development,Prof. Faculty 044,IN-129
1921,Diploma,Information Technology,SY,3,B,Wednesday,09:00,10:00,Java Programming,Prof. Faculty 200,IN-164
1922,Diploma,Information Technology,SY,3,B,Wednesday,10:00,11:00,Operating Systems,Prof. Faculty 176,IN-278
1923,Diploma,Information Technology,SY,3,B,Wednesday,11:15,12:15,Surveying,Prof. Faculty 178,IN-194
1924,Diploma,Information Technology,SY,3,B,Wednesday,12:15,01:15,Electrical Machines,Prof. Faculty 017,IN-166
1925,Diploma,Information Technology,SY,3,B,Wednesday,02:00,03:00,Project Lab,Prof. Faculty 154,IN-284
1926,Diploma,Information Technology,SY,3,B,Wednesday,03:00,04:00,Project Lab,Prof. Faculty 136,IN-241
1927,Diploma,Information Technology,SY,3,B,Thursday,09:00,10:00,Cloud Computing,Prof. Faculty 012,IN-168
1928,Diploma,Information Technology,SY,3,B,Thursday,10:00,11:00,Physics,Prof. Faculty 203,IN-188
1929,Diploma,Information Technology,SY,3,B,Thursday,11:15,12:15,Software Engineering,Prof. Faculty 175,IN-153
1930,Diploma,Information Technology,SY,3,B,Thursday,12:15,01:15,Python Programming,Prof. Faculty 161,IN-237
1931,Diploma,Information Technology,SY,3,B,Thursday,02:00,03:00,Software Engineering,Prof. Faculty 202,IN-213
1932,Diploma,Information Technology,SY,3,B,Thursday,03:00,04:00,Electrical Machines,Prof. Faculty 063,IN-111
1933,Diploma,Information Technology,SY,3,B,Friday,09:00,10:00,Operating Systems,Prof. Faculty 160,IN-236
1934,Diploma,Information Technology,SY,3,B,Friday,10:00,11:00,Thermodynamics,Prof. Faculty 157,IN-223
1935,Diploma,Information Technology,SY,3,B,Friday,11:15,12:15,DBMS,Prof. Faculty 053,IN-109
1936,Diploma,Information Technology,SY,3,B,Friday,12:15,01:15,AI Fundamentals,Prof. Faculty 175,IN-242
1937,Diploma,Information Technology,SY,3,B,Friday,02:00,03:00,Thermodynamics,Prof. Faculty 206,IN-116
1938,Diploma,Information Technology,SY,3,B,Friday,03:00,04:00,Java Programming,Prof. Faculty 086,IN-202
1939,Diploma,Information Technology,SY,3,B,Saturday,09:00,10:00,Digital Electronics,Prof. Faculty 174,IN-282
1940,Diploma,Information Technology,SY,3,B,Saturday,10:00,11:00,Thermodynamics,Prof. Faculty 065,IN-182
1941,Diploma,Information Technology,SY,3,B,Saturday,11:15,12:15,Electrical Machines,Prof. Faculty 229,IN-221
1942,Diploma,Information Technology,SY,3,B,Saturday,12:15,01:15,Cloud Computing,Prof. Faculty 158,IN-104
1943,Diploma,Information Technology,SY,3,B,Saturday,02:00,03:00,Thermodynamics,Prof. Faculty 151,IN-176
1944,Diploma,Information Technology,SY,3,B,Saturday,03:00,04:00,Web Development,Prof. Faculty 061,IN-308
1945,Diploma,Information Technology,SY,4,A,Monday,09:00,10:00,Thermodynamics,Prof. Faculty 217,IN-118
1946,Diploma,Information Technology,SY,4,A,Monday,10:00,11:00,Electrical Machines,Prof. Faculty 213,IN-208
1947,Diploma,Information Technology,SY,4,A,Monday,11:15,12:15,Cyber Security,Prof. Faculty 106,IN-256
1948,Diploma,Information Technology,SY,4,A,Monday,12:15,01:15,Digital Electronics,Prof. Faculty 249,IN-289
1949,Diploma,Information Technology,SY,4,A,Monday,02:00,03:00,Surveying,Prof. Faculty 102,IN-163
1950,Diploma,Information Technology,SY,4,A,Monday,03:00,04:00,Electrical Machines,Prof. Faculty 206,IN-302
1951,Diploma,Information Technology,SY,4,A,Tuesday,09:00,10:00,Computer Networks,Prof. Faculty 088,IN-227
1952,Diploma,Information Technology,SY,4,A,Tuesday,10:00,11:00,Python Programming,Prof. Faculty 184,IN-301
1953,Diploma,Information Technology,SY,4,A,Tuesday,11:15,12:15,Software Engineering,Prof. Faculty 132,IN-145
1954,Diploma,Information Technology,SY,4,A,Tuesday,12:15,01:15,AI Fundamentals,Prof. Faculty 192,IN-207
1955,Diploma,Information Technology,SY,4,A,Tuesday,02:00,03:00,Data Structures,Prof. Faculty 108,IN-312
1956,Diploma,Information Technology,SY,4,A,Tuesday,03:00,04:00,Operating Systems,Prof. Faculty 140,IN-105
1957,Diploma,Information Technology,SY,4,A,Wednesday,09:00,10:00,Physics,Prof. Faculty 099,IN-198
1958,Diploma,Information Technology,SY,4,A,Wednesday,10:00,11:00,Operating Systems,Prof. Faculty 248,IN-251
1959,Diploma,Information Technology,SY,4,A,Wednesday,11:15,12:15,Data Structures,Prof. Faculty 156,IN-272
1960,Diploma,Information Technology,SY,4,A,Wednesday,12:15,01:15,Physics,Prof. Faculty 233,IN-247
1961,Diploma,Information Technology,SY,4,A,Wednesday,02:00,03:00,Java Programming,Prof. Faculty 012,IN-227
1962,Diploma,Information Technology,SY,4,A,Wednesday,03:00,04:00,CAD/CAM,Prof. Faculty 044,IN-238
1963,Diploma,Information Technology,SY,4,A,Thursday,09:00,10:00,AI Fundamentals,Prof. Faculty 083,IN-310
1964,Diploma,Information Technology,SY,4,A,Thursday,10:00,11:00,Project Lab,Prof. Faculty 115,IN-256
1965,Diploma,Information Technology,SY,4,A,Thursday,11:15,12:15,Computer Networks,Prof. Faculty 200,IN-283
1966,Diploma,Information Technology,SY,4,A,Thursday,12:15,01:15,Python Programming,Prof. Faculty 080,IN-247
1967,Diploma,Information Technology,SY,4,A,Thursday,02:00,03:00,Electrical Machines,Prof. Faculty 026,IN-246
1968,Diploma,Information Technology,SY,4,A,Thursday,03:00,04:00,Surveying,Prof. Faculty 114,IN-292
1969,Diploma,Information Technology,SY,4,A,Friday,09:00,10:00,Python Programming,Prof. Faculty 101,IN-309
1970,Diploma,Information Technology,SY,4,A,Friday,10:00,11:00,Java Programming,Prof. Faculty 120,IN-309
1971,Diploma,Information Technology,SY,4,A,Friday,11:15,12:15,Operating Systems,Prof. Faculty 244,IN-317
1972,Diploma,Information Technology,SY,4,A,Friday,12:15,01:15,Cyber Security,Prof. Faculty 096,IN-227
1973,Diploma,Information Technology,SY,4,A,Friday,02:00,03:00,Machine Learning,Prof. Faculty 124,IN-182
1974,Diploma,Information Technology,SY,4,A,Friday,03:00,04:00,Project Lab,Prof. Faculty 245,IN-240
1975,Diploma,Information Technology,SY,4,A,Saturday,09:00,10:00,Java Programming,Prof. Faculty 142,IN-110
1976,Diploma,Information Technology,SY,4,A,Saturday,10:00,11:00,Java Programming,Prof. Faculty 046,IN-116
1977,Diploma,Information Technology,SY,4,A,Saturday,11:15,12:15,Computer Networks,Prof. Faculty 243,IN-258
1978,Diploma,Information Technology,SY,4,A,Saturday,12:15,01:15,Mathematics,Prof. Faculty 167,IN-240
1979,Diploma,Information Technology,SY,4,A,Saturday,02:00,03:00,Machine Learning,Prof. Faculty 074,IN-267
1980,Diploma,Information Technology,SY,4,A,Saturday,03:00,04:00,CAD/CAM,Prof. Faculty 236,IN-139
1981,Diploma,Information Technology,SY,4,B,Monday,09:00,10:00,Thermodynamics,Prof. Faculty 014,IN-292
1982,Diploma,Information Technology,SY,4,B,Monday,10:00,11:00,Software Engineering,Prof. Faculty 138,IN-125
1983,Diploma,Information Technology,SY,4,B,Monday,11:15,12:15,Surveying,Prof. Faculty 105,IN-159
1984,Diploma,Information Technology,SY,4,B,Monday,12:15,01:15,Python Programming,Prof. Faculty 014,IN-220
1985,Diploma,Information Technology,SY,4,B,Monday,02:00,03:00,Cloud Computing,Prof. Faculty 086,IN-136
1986,Diploma,Information Technology,SY,4,B,Monday,03:00,04:00,Machine Learning,Prof. Faculty 125,IN-102
1987,Diploma,Information Technology,SY,4,B,Tuesday,09:00,10:00,Project Lab,Prof. Faculty 177,IN-152
1988,Diploma,Information Technology,SY,4,B,Tuesday,10:00,11:00,Thermodynamics,Prof. Faculty 057,IN-161
1989,Diploma,Information Technology,SY,4,B,Tuesday,11:15,12:15,Software Engineering,Prof. Faculty 109,IN-274
1990,Diploma,Information Technology,SY,4,B,Tuesday,12:15,01:15,Computer Networks,Prof. Faculty 156,IN-103
1991,Diploma,Information Technology,SY,4,B,Tuesday,02:00,03:00,Operating Systems,Prof. Faculty 019,IN-182
1992,Diploma,Information Technology,SY,4,B,Tuesday,03:00,04:00,Java Programming,Prof. Faculty 071,IN-203
1993,Diploma,Information Technology,SY,4,B,Wednesday,09:00,10:00,Thermodynamics,Prof. Faculty 121,IN-216
1994,Diploma,Information Technology,SY,4,B,Wednesday,10:00,11:00,Project Lab,Prof. Faculty 118,IN-191
1995,Diploma,Information Technology,SY,4,B,Wednesday,11:15,12:15,Thermodynamics,Prof. Faculty 057,IN-202
1996,Diploma,Information Technology,SY,4,B,Wednesday,12:15,01:15,Computer Networks,Prof. Faculty 209,IN-217
1997,Diploma,Information Technology,SY,4,B,Wednesday,02:00,03:00,Machine Learning,Prof. Faculty 004,IN-288
1998,Diploma,Information Technology,SY,4,B,Wednesday,03:00,04:00,Python Programming,Prof. Faculty 064,IN-177
1999,Diploma,Information Technology,SY,4,B,Thursday,09:00,10:00,Mathematics,Prof. Faculty 027,IN-304
2000,Diploma,Information Technology,SY,4,B,Thursday,10:00,11:00,Physics,Prof. Faculty 092,IN-188
2001,Diploma,Information Technology,SY,4,B,Thursday,11:15,12:15,Digital Electronics,Prof. Faculty 194,IN-208
2002,Diploma,Information Technology,SY,4,B,Thursday,12:15,01:15,Web Development,Prof. Faculty 139,IN-303
2003,Diploma,Information Technology,SY,4,B,Thursday,02:00,03:00,Physics,Prof. Faculty 158,IN-209
2004,Diploma,Information Technology,SY,4,B,Thursday,03:00,04:00,Cloud Computing,Prof. Faculty 048,IN-218
2005,Diploma,Information Technology,SY,4,B,Friday,09:00,10:00,Software Engineering,Prof. Faculty 195,IN-188
2006,Diploma,Information Technology,SY,4,B,Friday,10:00,11:00,Machine Learning,Prof. Faculty 125,IN-243
2007,Diploma,Information Technology,SY,4,B,Friday,11:15,12:15,Web Development,Prof. Faculty 050,IN-262
2008,Diploma,Information Technology,SY,4,B,Friday,12:15,01:15,Data Structures,Prof. Faculty 220,IN-283
2009,Diploma,Information Technology,SY,4,B,Friday,02:00,03:00,Web Development,Prof. Faculty 093,IN-142
2010,Diploma,Information Technology,SY,4,B,Friday,03:00,04:00,Cyber Security,Prof. Faculty 112,IN-222
2011,Diploma,Information Technology,SY,4,B,Saturday,09:00,10:00,Web Development,Prof. Faculty 148,IN-107
2012,Diploma,Information Technology,SY,4,B,Saturday,10:00,11:00,Project Lab,Prof. Faculty 112,IN-291
2013,Diploma,Information Technology,SY,4,B,Saturday,11:15,12:15,CAD/CAM,Prof. Faculty 058,IN-167
2014,Diploma,Information Technology,SY,4,B,Saturday,12:15,01:15,DBMS,Prof. Faculty 096,IN-175
2015,Diploma,Information Technology,SY,4,B,Saturday,02:00,03:00,CAD/CAM,Prof. Faculty 165,IN-224
2016,Diploma,Information Technology,SY,4,B,Saturday,03:00,04:00,CAD/CAM,Prof. Faculty 248,IN-298
2017,Diploma,Information Technology,TY,5,A,Monday,09:00,10:00,Digital Electronics,Prof. Faculty 246,IN-105
2018,Diploma,Information Technology,TY,5,A,Monday,10:00,11:00,Cyber Security,Prof. Faculty 127,IN-319
2019,Diploma,Information Technology,TY,5,A,Monday,11:15,12:15,Surveying,Prof. Faculty 198,IN-183
2020,Diploma,Information Technology,TY,5,A,Monday,12:15,01:15,Software Engineering,Prof. Faculty 217,IN-205
2021,Diploma,Information Technology,TY,5,A,Monday,02:00,03:00,Data Structures,Prof. Faculty 017,IN-276
2022,Diploma,Information Technology,TY,5,A,Monday,03:00,04:00,Python Programming,Prof. Faculty 094,IN-233
2023,Diploma,Information Technology,TY,5,A,Tuesday,09:00,10:00,Data Structures,Prof. Faculty 216,IN-142
2024,Diploma,Information Technology,TY,5,A,Tuesday,10:00,11:00,Cloud Computing,Prof. Faculty 088,IN-164
2025,Diploma,Information Technology,TY,5,A,Tuesday,11:15,12:15,Digital Electronics,Prof. Faculty 158,IN-306
2026,Diploma,Information Technology,TY,5,A,Tuesday,12:15,01:15,Project Lab,Prof. Faculty 241,IN-231
2027,Diploma,Information Technology,TY,5,A,Tuesday,02:00,03:00,Computer Networks,Prof. Faculty 187,IN-178
2028,Diploma,Information Technology,TY,5,A,Tuesday,03:00,04:00,Computer Networks,Prof. Faculty 220,IN-203
2029,Diploma,Information Technology,TY,5,A,Wednesday,09:00,10:00,Machine Learning,Prof. Faculty 108,IN-244
2030,Diploma,Information Technology,TY,5,A,Wednesday,10:00,11:00,Computer Networks,Prof. Faculty 224,IN-305
2031,Diploma,Information Technology,TY,5,A,Wednesday,11:15,12:15,CAD/CAM,Prof. Faculty 123,IN-140
2032,Diploma,Information Technology,TY,5,A,Wednesday,12:15,01:15,Mathematics,Prof. Faculty 097,IN-134
2033,Diploma,Information Technology,TY,5,A,Wednesday,02:00,03:00,Thermodynamics,Prof. Faculty 142,IN-118
2034,Diploma,Information Technology,TY,5,A,Wednesday,03:00,04:00,Data Structures,Prof. Faculty 120,IN-161
2035,Diploma,Information Technology,TY,5,A,Thursday,09:00,10:00,Mathematics,Prof. Faculty 235,IN-137
2036,Diploma,Information Technology,TY,5,A,Thursday,10:00,11:00,Physics,Prof. Faculty 227,IN-234
2037,Diploma,Information Technology,TY,5,A,Thursday,11:15,12:15,Computer Networks,Prof. Faculty 116,IN-158
2038,Diploma,Information Technology,TY,5,A,Thursday,12:15,01:15,DBMS,Prof. Faculty 217,IN-177
2039,Diploma,Information Technology,TY,5,A,Thursday,02:00,03:00,Python Programming,Prof. Faculty 017,IN-280
2040,Diploma,Information Technology,TY,5,A,Thursday,03:00,04:00,Physics,Prof. Faculty 047,IN-190
2041,Diploma,Information Technology,TY,5,A,Friday,09:00,10:00,CAD/CAM,Prof. Faculty 052,IN-109
2042,Diploma,Information Technology,TY,5,A,Friday,10:00,11:00,Python Programming,Prof. Faculty 079,IN-141
2043,Diploma,Information Technology,TY,5,A,Friday,11:15,12:15,Physics,Prof. Faculty 164,IN-190
2044,Diploma,Information Technology,TY,5,A,Friday,12:15,01:15,Data Structures,Prof. Faculty 239,IN-205
2045,Diploma,Information Technology,TY,5,A,Friday,02:00,03:00,Machine Learning,Prof. Faculty 214,IN-239
2046,Diploma,Information Technology,TY,5,A,Friday,03:00,04:00,Digital Electronics,Prof. Faculty 100,IN-239
2047,Diploma,Information Technology,TY,5,A,Saturday,09:00,10:00,Data Structures,Prof. Faculty 083,IN-301
2048,Diploma,Information Technology,TY,5,A,Saturday,10:00,11:00,Cyber Security,Prof. Faculty 010,IN-252
2049,Diploma,Information Technology,TY,5,A,Saturday,11:15,12:15,Operating Systems,Prof. Faculty 010,IN-143
2050,Diploma,Information Technology,TY,5,A,Saturday,12:15,01:15,Mathematics,Prof. Faculty 055,IN-214
2051,Diploma,Information Technology,TY,5,A,Saturday,02:00,03:00,Electrical Machines,Prof. Faculty 242,IN-240
2052,Diploma,Information Technology,TY,5,A,Saturday,03:00,04:00,Operating Systems,Prof. Faculty 016,IN-253
2053,Diploma,Information Technology,TY,5,B,Monday,09:00,10:00,Computer Networks,Prof. Faculty 042,IN-162
2054,Diploma,Information Technology,TY,5,B,Monday,10:00,11:00,Data Structures,Prof. Faculty 067,IN-248
2055,Diploma,Information Technology,TY,5,B,Monday,11:15,12:15,Mathematics,Prof. Faculty 249,IN-127
2056,Diploma,Information Technology,TY,5,B,Monday,12:15,01:15,Python Programming,Prof. Faculty 227,IN-264
2057,Diploma,Information Technology,TY,5,B,Monday,02:00,03:00,DBMS,Prof. Faculty 013,IN-306
2058,Diploma,Information Technology,TY,5,B,Monday,03:00,04:00,Machine Learning,Prof. Faculty 118,IN-303
2059,Diploma,Information Technology,TY,5,B,Tuesday,09:00,10:00,Surveying,Prof. Faculty 193,IN-120
2060,Diploma,Information Technology,TY,5,B,Tuesday,10:00,11:00,CAD/CAM,Prof. Faculty 155,IN-165
2061,Diploma,Information Technology,TY,5,B,Tuesday,11:15,12:15,CAD/CAM,Prof. Faculty 067,IN-129
2062,Diploma,Information Technology,TY,5,B,Tuesday,12:15,01:15,Cyber Security,Prof. Faculty 005,IN-192
2063,Diploma,Information Technology,TY,5,B,Tuesday,02:00,03:00,Electrical Machines,Prof. Faculty 038,IN-144
2064,Diploma,Information Technology,TY,5,B,Tuesday,03:00,04:00,Electrical Machines,Prof. Faculty 057,IN-143
2065,Diploma,Information Technology,TY,5,B,Wednesday,09:00,10:00,Thermodynamics,Prof. Faculty 155,IN-269
2066,Diploma,Information Technology,TY,5,B,Wednesday,10:00,11:00,Java Programming,Prof. Faculty 004,IN-235
2067,Diploma,Information Technology,TY,5,B,Wednesday,11:15,12:15,Computer Networks,Prof. Faculty 223,IN-269
2068,Diploma,Information Technology,TY,5,B,Wednesday,12:15,01:15,Digital Electronics,Prof. Faculty 215,IN-265
2069,Diploma,Information Technology,TY,5,B,Wednesday,02:00,03:00,Physics,Prof. Faculty 216,IN-182
2070,Diploma,Information Technology,TY,5,B,Wednesday,03:00,04:00,Web Development,Prof. Faculty 086,IN-102
2071,Diploma,Information Technology,TY,5,B,Thursday,09:00,10:00,Operating Systems,Prof. Faculty 079,IN-230
2072,Diploma,Information Technology,TY,5,B,Thursday,10:00,11:00,Operating Systems,Prof. Faculty 142,IN-207
2073,Diploma,Information Technology,TY,5,B,Thursday,11:15,12:15,Thermodynamics,Prof. Faculty 169,IN-211
2074,Diploma,Information Technology,TY,5,B,Thursday,12:15,01:15,CAD/CAM,Prof. Faculty 054,IN-294
2075,Diploma,Information Technology,TY,5,B,Thursday,02:00,03:00,Digital Electronics,Prof. Faculty 120,IN-235
2076,Diploma,Information Technology,TY,5,B,Thursday,03:00,04:00,Cloud Computing,Prof. Faculty 075,IN-114
2077,Diploma,Information Technology,TY,5,B,Friday,09:00,10:00,Thermodynamics,Prof. Faculty 028,IN-167
2078,Diploma,Information Technology,TY,5,B,Friday,10:00,11:00,Thermodynamics,Prof. Faculty 142,IN-151
2079,Diploma,Information Technology,TY,5,B,Friday,11:15,12:15,Thermodynamics,Prof. Faculty 079,IN-155
2080,Diploma,Information Technology,TY,5,B,Friday,12:15,01:15,Electrical Machines,Prof. Faculty 192,IN-102
2081,Diploma,Information Technology,TY,5,B,Friday,02:00,03:00,Electrical Machines,Prof. Faculty 199,IN-141
2082,Diploma,Information Technology,TY,5,B,Friday,03:00,04:00,Thermodynamics,Prof. Faculty 094,IN-227
2083,Diploma,Information Technology,TY,5,B,Saturday,09:00,10:00,Operating Systems,Prof. Faculty 042,IN-162
2084,Diploma,Information Technology,TY,5,B,Saturday,10:00,11:00,Python Programming,Prof. Faculty 214,IN-205
2085,Diploma,Information Technology,TY,5,B,Saturday,11:15,12:15,Web Development,Prof. Faculty 246,IN-188
2086,Diploma,Information Technology,TY,5,B,Saturday,12:15,01:15,Mathematics,Prof. Faculty 145,IN-209
2087,Diploma,Information Technology,TY,5,B,Saturday,02:00,03:00,Cloud Computing,Prof. Faculty 006,IN-257
2088,Diploma,Information Technology,TY,5,B,Saturday,03:00,04:00,Software Engineering,Prof. Faculty 160,IN-180
2089,Diploma,Information Technology,TY,6,A,Monday,09:00,10:00,Digital Electronics,Prof. Faculty 225,IN-302
2090,Diploma,Information Technology,TY,6,A,Monday,10:00,11:00,Computer Networks,Prof. Faculty 150,IN-303
2091,Diploma,Information Technology,TY,6,A,Monday,11:15,12:15,Thermodynamics,Prof. Faculty 078,IN-238
2092,Diploma,Information Technology,TY,6,A,Monday,12:15,01:15,Thermodynamics,Prof. Faculty 185,IN-311
2093,Diploma,Information Technology,TY,6,A,Monday,02:00,03:00,Machine Learning,Prof. Faculty 102,IN-237
2094,Diploma,Information Technology,TY,6,A,Monday,03:00,04:00,Cloud Computing,Prof. Faculty 041,IN-221
2095,Diploma,Information Technology,TY,6,A,Tuesday,09:00,10:00,Machine Learning,Prof. Faculty 208,IN-143
2096,Diploma,Information Technology,TY,6,A,Tuesday,10:00,11:00,Web Development,Prof. Faculty 219,IN-283
2097,Diploma,Information Technology,TY,6,A,Tuesday,11:15,12:15,Surveying,Prof. Faculty 004,IN-226
2098,Diploma,Information Technology,TY,6,A,Tuesday,12:15,01:15,Thermodynamics,Prof. Faculty 027,IN-313
2099,Diploma,Information Technology,TY,6,A,Tuesday,02:00,03:00,Java Programming,Prof. Faculty 073,IN-291
2100,Diploma,Information Technology,TY,6,A,Tuesday,03:00,04:00,Electrical Machines,Prof. Faculty 075,IN-186
2101,Diploma,Information Technology,TY,6,A,Wednesday,09:00,10:00,Mathematics,Prof. Faculty 089,IN-114
2102,Diploma,Information Technology,TY,6,A,Wednesday,10:00,11:00,Electrical Machines,Prof. Faculty 123,IN-201
2103,Diploma,Information Technology,TY,6,A,Wednesday,11:15,12:15,Python Programming,Prof. Faculty 236,IN-105
2104,Diploma,Information Technology,TY,6,A,Wednesday,12:15,01:15,Data Structures,Prof. Faculty 074,IN-318
2105,Diploma,Information Technology,TY,6,A,Wednesday,02:00,03:00,Computer Networks,Prof. Faculty 096,IN-116
2106,Diploma,Information Technology,TY,6,A,Wednesday,03:00,04:00,Electrical Machines,Prof. Faculty 069,IN-182
2107,Diploma,Information Technology,TY,6,A,Thursday,09:00,10:00,Mathematics,Prof. Faculty 159,IN-252
2108,Diploma,Information Technology,TY,6,A,Thursday,10:00,11:00,Cloud Computing,Prof. Faculty 171,IN-165
2109,Diploma,Information Technology,TY,6,A,Thursday,11:15,12:15,Physics,Prof. Faculty 039,IN-289
2110,Diploma,Information Technology,TY,6,A,Thursday,12:15,01:15,Surveying,Prof. Faculty 210,IN-152
2111,Diploma,Information Technology,TY,6,A,Thursday,02:00,03:00,Digital Electronics,Prof. Faculty 023,IN-106
2112,Diploma,Information Technology,TY,6,A,Thursday,03:00,04:00,Physics,Prof. Faculty 079,IN-130
2113,Diploma,Information Technology,TY,6,A,Friday,09:00,10:00,Project Lab,Prof. Faculty 028,IN-316
2114,Diploma,Information Technology,TY,6,A,Friday,10:00,11:00,Java Programming,Prof. Faculty 234,IN-186
2115,Diploma,Information Technology,TY,6,A,Friday,11:15,12:15,Physics,Prof. Faculty 039,IN-294
2116,Diploma,Information Technology,TY,6,A,Friday,12:15,01:15,Web Development,Prof. Faculty 219,IN-292
2117,Diploma,Information Technology,TY,6,A,Friday,02:00,03:00,Project Lab,Prof. Faculty 234,IN-307
2118,Diploma,Information Technology,TY,6,A,Friday,03:00,04:00,CAD/CAM,Prof. Faculty 191,IN-168
2119,Diploma,Information Technology,TY,6,A,Saturday,09:00,10:00,Digital Electronics,Prof. Faculty 206,IN-311
2120,Diploma,Information Technology,TY,6,A,Saturday,10:00,11:00,Thermodynamics,Prof. Faculty 123,IN-304
2121,Diploma,Information Technology,TY,6,A,Saturday,11:15,12:15,CAD/CAM,Prof. Faculty 031,IN-157
2122,Diploma,Information Technology,TY,6,A,Saturday,12:15,01:15,DBMS,Prof. Faculty 011,IN-140
2123,Diploma,Information Technology,TY,6,A,Saturday,02:00,03:00,Digital Electronics,Prof. Faculty 243,IN-171
2124,Diploma,Information Technology,TY,6,A,Saturday,03:00,04:00,CAD/CAM,Prof. Faculty 189,IN-293
2125,Diploma,Information Technology,TY,6,B,Monday,09:00,10:00,Data Structures,Prof. Faculty 081,IN-107
2126,Diploma,Information Technology,TY,6,B,Monday,10:00,11:00,Computer Networks,Prof. Faculty 163,IN-179
2127,Diploma,Information Technology,TY,6,B,Monday,11:15,12:15,Cloud Computing,Prof. Faculty 208,IN-198
2128,Diploma,Information Technology,TY,6,B,Monday,12:15,01:15,Cloud Computing,Prof. Faculty 104,IN-304
2129,Diploma,Information Technology,TY,6,B,Monday,02:00,03:00,Java Programming,Prof. Faculty 051,IN-219
2130,Diploma,Information Technology,TY,6,B,Monday,03:00,04:00,Project Lab,Prof. Faculty 071,IN-140
2131,Diploma,Information Technology,TY,6,B,Tuesday,09:00,10:00,Computer Networks,Prof. Faculty 117,IN-152
2132,Diploma,Information Technology,TY,6,B,Tuesday,10:00,11:00,Thermodynamics,Prof. Faculty 224,IN-300
2133,Diploma,Information Technology,TY,6,B,Tuesday,11:15,12:15,Data Structures,Prof. Faculty 223,IN-144
2134,Diploma,Information Technology,TY,6,B,Tuesday,12:15,01:15,Electrical Machines,Prof. Faculty 023,IN-301
2135,Diploma,Information Technology,TY,6,B,Tuesday,02:00,03:00,Project Lab,Prof. Faculty 036,IN-254
2136,Diploma,Information Technology,TY,6,B,Tuesday,03:00,04:00,DBMS,Prof. Faculty 121,IN-287
2137,Diploma,Information Technology,TY,6,B,Wednesday,09:00,10:00,Thermodynamics,Prof. Faculty 155,IN-139
2138,Diploma,Information Technology,TY,6,B,Wednesday,10:00,11:00,AI Fundamentals,Prof. Faculty 014,IN-186
2139,Diploma,Information Technology,TY,6,B,Wednesday,11:15,12:15,Mathematics,Prof. Faculty 057,IN-217
2140,Diploma,Information Technology,TY,6,B,Wednesday,12:15,01:15,Cyber Security,Prof. Faculty 016,IN-136
2141,Diploma,Information Technology,TY,6,B,Wednesday,02:00,03:00,Operating Systems,Prof. Faculty 108,IN-103
2142,Diploma,Information Technology,TY,6,B,Wednesday,03:00,04:00,Mathematics,Prof. Faculty 175,IN-136
2143,Diploma,Information Technology,TY,6,B,Thursday,09:00,10:00,Thermodynamics,Prof. Faculty 191,IN-307
2144,Diploma,Information Technology,TY,6,B,Thursday,10:00,11:00,Web Development,Prof. Faculty 142,IN-267
2145,Diploma,Information Technology,TY,6,B,Thursday,11:15,12:15,Mathematics,Prof. Faculty 134,IN-198
2146,Diploma,Information Technology,TY,6,B,Thursday,12:15,01:15,CAD/CAM,Prof. Faculty 199,IN-174
2147,Diploma,Information Technology,TY,6,B,Thursday,02:00,03:00,Digital Electronics,Prof. Faculty 243,IN-183
2148,Diploma,Information Technology,TY,6,B,Thursday,03:00,04:00,Surveying,Prof. Faculty 224,IN-131
2149,Diploma,Information Technology,TY,6,B,Friday,09:00,10:00,Machine Learning,Prof. Faculty 015,IN-266
2150,Diploma,Information Technology,TY,6,B,Friday,10:00,11:00,DBMS,Prof. Faculty 161,IN-252
2151,Diploma,Information Technology,TY,6,B,Friday,11:15,12:15,Computer Networks,Prof. Faculty 023,IN-258
2152,Diploma,Information Technology,TY,6,B,Friday,12:15,01:15,CAD/CAM,Prof. Faculty 111,IN-101
2153,Diploma,Information Technology,TY,6,B,Friday,02:00,03:00,Python Programming,Prof. Faculty 205,IN-198
2154,Diploma,Information Technology,TY,6,B,Friday,03:00,04:00,Operating Systems,Prof. Faculty 218,IN-247
2155,Diploma,Information Technology,TY,6,B,Saturday,09:00,10:00,Web Development,Prof. Faculty 203,IN-185
2156,Diploma,Information Technology,TY,6,B,Saturday,10:00,11:00,Thermodynamics,Prof. Faculty 061,IN-281
2157,Diploma,Information Technology,TY,6,B,Saturday,11:15,12:15,Python Programming,Prof. Faculty 172,IN-101
2158,Diploma,Information Technology,TY,6,B,Saturday,12:15,01:15,Computer Networks,Prof. Faculty 239,IN-114
2159,Diploma,Information Technology,TY,6,B,Saturday,02:00,03:00,Physics,Prof. Faculty 029,IN-317
2160,Diploma,Information Technology,TY,6,B,Saturday,03:00,04:00,Digital Electronics,Prof. Faculty 197,IN-258
2161,Diploma,Electronics & Communication,FY,1,A,Monday,09:00,10:00,Python Programming,Prof. Faculty 133,EL-280
2162,Diploma,Electronics & Communication,FY,1,A,Monday,10:00,11:00,Computer Networks,Prof. Faculty 150,EL-210
2163,Diploma,Electronics & Communication,FY,1,A,Monday,11:15,12:15,Cyber Security,Prof. Faculty 018,EL-202
2164,Diploma,Electronics & Communication,FY,1,A,Monday,12:15,01:15,AI Fundamentals,Prof. Faculty 147,EL-147
2165,Diploma,Electronics & Communication,FY,1,A,Monday,02:00,03:00,Software Engineering,Prof. Faculty 188,EL-277
2166,Diploma,Electronics & Communication,FY,1,A,Monday,03:00,04:00,Cyber Security,Prof. Faculty 031,EL-137
2167,Diploma,Electronics & Communication,FY,1,A,Tuesday,09:00,10:00,Cloud Computing,Prof. Faculty 244,EL-289
2168,Diploma,Electronics & Communication,FY,1,A,Tuesday,10:00,11:00,Physics,Prof. Faculty 058,EL-119
2169,Diploma,Electronics & Communication,FY,1,A,Tuesday,11:15,12:15,DBMS,Prof. Faculty 234,EL-187
2170,Diploma,Electronics & Communication,FY,1,A,Tuesday,12:15,01:15,Data Structures,Prof. Faculty 241,EL-135
2171,Diploma,Electronics & Communication,FY,1,A,Tuesday,02:00,03:00,Web Development,Prof. Faculty 027,EL-179
2172,Diploma,Electronics & Communication,FY,1,A,Tuesday,03:00,04:00,Software Engineering,Prof. Faculty 250,EL-311
2173,Diploma,Electronics & Communication,FY,1,A,Wednesday,09:00,10:00,Software Engineering,Prof. Faculty 140,EL-159
2174,Diploma,Electronics & Communication,FY,1,A,Wednesday,10:00,11:00,CAD/CAM,Prof. Faculty 043,EL-314
2175,Diploma,Electronics & Communication,FY,1,A,Wednesday,11:15,12:15,Computer Networks,Prof. Faculty 057,EL-246
2176,Diploma,Electronics & Communication,FY,1,A,Wednesday,12:15,01:15,Surveying,Prof. Faculty 010,EL-266
2177,Diploma,Electronics & Communication,FY,1,A,Wednesday,02:00,03:00,Physics,Prof. Faculty 178,EL-101
2178,Diploma,Electronics & Communication,FY,1,A,Wednesday,03:00,04:00,DBMS,Prof. Faculty 119,EL-233
2179,Diploma,Electronics & Communication,FY,1,A,Thursday,09:00,10:00,Java Programming,Prof. Faculty 126,EL-300
2180,Diploma,Electronics & Communication,FY,1,A,Thursday,10:00,11:00,Python Programming,Prof. Faculty 125,EL-248
2181,Diploma,Electronics & Communication,FY,1,A,Thursday,11:15,12:15,Java Programming,Prof. Faculty 084,EL-259
2182,Diploma,Electronics & Communication,FY,1,A,Thursday,12:15,01:15,Electrical Machines,Prof. Faculty 189,EL-230
2183,Diploma,Electronics & Communication,FY,1,A,Thursday,02:00,03:00,Web Development,Prof. Faculty 084,EL-206
2184,Diploma,Electronics & Communication,FY,1,A,Thursday,03:00,04:00,Physics,Prof. Faculty 116,EL-165
2185,Diploma,Electronics & Communication,FY,1,A,Friday,09:00,10:00,Web Development,Prof. Faculty 050,EL-296
2186,Diploma,Electronics & Communication,FY,1,A,Friday,10:00,11:00,Surveying,Prof. Faculty 098,EL-134
2187,Diploma,Electronics & Communication,FY,1,A,Friday,11:15,12:15,DBMS,Prof. Faculty 043,EL-244
2188,Diploma,Electronics & Communication,FY,1,A,Friday,12:15,01:15,CAD/CAM,Prof. Faculty 052,EL-202
2189,Diploma,Electronics & Communication,FY,1,A,Friday,02:00,03:00,Data Structures,Prof. Faculty 001,EL-178
2190,Diploma,Electronics & Communication,FY,1,A,Friday,03:00,04:00,Digital Electronics,Prof. Faculty 228,EL-208
2191,Diploma,Electronics & Communication,FY,1,A,Saturday,09:00,10:00,Mathematics,Prof. Faculty 173,EL-151
2192,Diploma,Electronics & Communication,FY,1,A,Saturday,10:00,11:00,Mathematics,Prof. Faculty 086,EL-251
2193,Diploma,Electronics & Communication,FY,1,A,Saturday,11:15,12:15,Mathematics,Prof. Faculty 102,EL-166
2194,Diploma,Electronics & Communication,FY,1,A,Saturday,12:15,01:15,Cyber Security,Prof. Faculty 138,EL-290
2195,Diploma,Electronics & Communication,FY,1,A,Saturday,02:00,03:00,Cloud Computing,Prof. Faculty 108,EL-228
2196,Diploma,Electronics & Communication,FY,1,A,Saturday,03:00,04:00,Software Engineering,Prof. Faculty 037,EL-156
2197,Diploma,Electronics & Communication,FY,1,B,Monday,09:00,10:00,Surveying,Prof. Faculty 070,EL-275
2198,Diploma,Electronics & Communication,FY,1,B,Monday,10:00,11:00,Thermodynamics,Prof. Faculty 159,EL-284
2199,Diploma,Electronics & Communication,FY,1,B,Monday,11:15,12:15,Surveying,Prof. Faculty 140,EL-199
2200,Diploma,Electronics & Communication,FY,1,B,Monday,12:15,01:15,CAD/CAM,Prof. Faculty 139,EL-137
2201,Diploma,Electronics & Communication,FY,1,B,Monday,02:00,03:00,Surveying,Prof. Faculty 041,EL-263
2202,Diploma,Electronics & Communication,FY,1,B,Monday,03:00,04:00,Data Structures,Prof. Faculty 080,EL-272
2203,Diploma,Electronics & Communication,FY,1,B,Tuesday,09:00,10:00,Physics,Prof. Faculty 145,EL-298
2204,Diploma,Electronics & Communication,FY,1,B,Tuesday,10:00,11:00,Cyber Security,Prof. Faculty 194,EL-118
2205,Diploma,Electronics & Communication,FY,1,B,Tuesday,11:15,12:15,Surveying,Prof. Faculty 167,EL-225
2206,Diploma,Electronics & Communication,FY,1,B,Tuesday,12:15,01:15,AI Fundamentals,Prof. Faculty 205,EL-314
2207,Diploma,Electronics & Communication,FY,1,B,Tuesday,02:00,03:00,Software Engineering,Prof. Faculty 235,EL-297
2208,Diploma,Electronics & Communication,FY,1,B,Tuesday,03:00,04:00,Surveying,Prof. Faculty 067,EL-225
2209,Diploma,Electronics & Communication,FY,1,B,Wednesday,09:00,10:00,Electrical Machines,Prof. Faculty 003,EL-305
2210,Diploma,Electronics & Communication,FY,1,B,Wednesday,10:00,11:00,Cyber Security,Prof. Faculty 201,EL-259
2211,Diploma,Electronics & Communication,FY,1,B,Wednesday,11:15,12:15,AI Fundamentals,Prof. Faculty 092,EL-237
2212,Diploma,Electronics & Communication,FY,1,B,Wednesday,12:15,01:15,Electrical Machines,Prof. Faculty 058,EL-259
2213,Diploma,Electronics & Communication,FY,1,B,Wednesday,02:00,03:00,Electrical Machines,Prof. Faculty 015,EL-124
2214,Diploma,Electronics & Communication,FY,1,B,Wednesday,03:00,04:00,Machine Learning,Prof. Faculty 013,EL-239
2215,Diploma,Electronics & Communication,FY,1,B,Thursday,09:00,10:00,Physics,Prof. Faculty 207,EL-182
2216,Diploma,Electronics & Communication,FY,1,B,Thursday,10:00,11:00,Digital Electronics,Prof. Faculty 116,EL-194
2217,Diploma,Electronics & Communication,FY,1,B,Thursday,11:15,12:15,Surveying,Prof. Faculty 239,EL-102
2218,Diploma,Electronics & Communication,FY,1,B,Thursday,12:15,01:15,Computer Networks,Prof. Faculty 016,EL-126
2219,Diploma,Electronics & Communication,FY,1,B,Thursday,02:00,03:00,Python Programming,Prof. Faculty 076,EL-144
2220,Diploma,Electronics & Communication,FY,1,B,Thursday,03:00,04:00,Physics,Prof. Faculty 127,EL-195
2221,Diploma,Electronics & Communication,FY,1,B,Friday,09:00,10:00,Cloud Computing,Prof. Faculty 085,EL-106
2222,Diploma,Electronics & Communication,FY,1,B,Friday,10:00,11:00,Surveying,Prof. Faculty 007,EL-297
2223,Diploma,Electronics & Communication,FY,1,B,Friday,11:15,12:15,Thermodynamics,Prof. Faculty 146,EL-315
2224,Diploma,Electronics & Communication,FY,1,B,Friday,12:15,01:15,Software Engineering,Prof. Faculty 238,EL-208
2225,Diploma,Electronics & Communication,FY,1,B,Friday,02:00,03:00,Java Programming,Prof. Faculty 097,EL-136
2226,Diploma,Electronics & Communication,FY,1,B,Friday,03:00,04:00,Software Engineering,Prof. Faculty 174,EL-168
2227,Diploma,Electronics & Communication,FY,1,B,Saturday,09:00,10:00,Software Engineering,Prof. Faculty 250,EL-117
2228,Diploma,Electronics & Communication,FY,1,B,Saturday,10:00,11:00,Project Lab,Prof. Faculty 087,EL-220
2229,Diploma,Electronics & Communication,FY,1,B,Saturday,11:15,12:15,Cyber Security,Prof. Faculty 157,EL-227
2230,Diploma,Electronics & Communication,FY,1,B,Saturday,12:15,01:15,Cloud Computing,Prof. Faculty 044,EL-121
2231,Diploma,Electronics & Communication,FY,1,B,Saturday,02:00,03:00,Cyber Security,Prof. Faculty 230,EL-179
2232,Diploma,Electronics & Communication,FY,1,B,Saturday,03:00,04:00,Web Development,Prof. Faculty 189,EL-138
2233,Diploma,Electronics & Communication,FY,2,A,Monday,09:00,10:00,Machine Learning,Prof. Faculty 092,EL-234
2234,Diploma,Electronics & Communication,FY,2,A,Monday,10:00,11:00,Operating Systems,Prof. Faculty 001,EL-126
2235,Diploma,Electronics & Communication,FY,2,A,Monday,11:15,12:15,DBMS,Prof. Faculty 213,EL-231
2236,Diploma,Electronics & Communication,FY,2,A,Monday,12:15,01:15,Machine Learning,Prof. Faculty 184,EL-273
2237,Diploma,Electronics & Communication,FY,2,A,Monday,02:00,03:00,Machine Learning,Prof. Faculty 151,EL-273
2238,Diploma,Electronics & Communication,FY,2,A,Monday,03:00,04:00,Thermodynamics,Prof. Faculty 013,EL-276
2239,Diploma,Electronics & Communication,FY,2,A,Tuesday,09:00,10:00,Cloud Computing,Prof. Faculty 106,EL-222
2240,Diploma,Electronics & Communication,FY,2,A,Tuesday,10:00,11:00,Operating Systems,Prof. Faculty 028,EL-155
2241,Diploma,Electronics & Communication,FY,2,A,Tuesday,11:15,12:15,Cyber Security,Prof. Faculty 120,EL-108
2242,Diploma,Electronics & Communication,FY,2,A,Tuesday,12:15,01:15,Digital Electronics,Prof. Faculty 233,EL-294
2243,Diploma,Electronics & Communication,FY,2,A,Tuesday,02:00,03:00,Digital Electronics,Prof. Faculty 241,EL-194
2244,Diploma,Electronics & Communication,FY,2,A,Tuesday,03:00,04:00,Cloud Computing,Prof. Faculty 083,EL-191
2245,Diploma,Electronics & Communication,FY,2,A,Wednesday,09:00,10:00,Java Programming,Prof. Faculty 084,EL-238
2246,Diploma,Electronics & Communication,FY,2,A,Wednesday,10:00,11:00,CAD/CAM,Prof. Faculty 102,EL-317
2247,Diploma,Electronics & Communication,FY,2,A,Wednesday,11:15,12:15,CAD/CAM,Prof. Faculty 206,EL-315
2248,Diploma,Electronics & Communication,FY,2,A,Wednesday,12:15,01:15,Data Structures,Prof. Faculty 226,EL-116
2249,Diploma,Electronics & Communication,FY,2,A,Wednesday,02:00,03:00,Python Programming,Prof. Faculty 031,EL-132
2250,Diploma,Electronics & Communication,FY,2,A,Wednesday,03:00,04:00,Data Structures,Prof. Faculty 117,EL-243
2251,Diploma,Electronics & Communication,FY,2,A,Thursday,09:00,10:00,Thermodynamics,Prof. Faculty 067,EL-314
2252,Diploma,Electronics & Communication,FY,2,A,Thursday,10:00,11:00,Data Structures,Prof. Faculty 183,EL-104
2253,Diploma,Electronics & Communication,FY,2,A,Thursday,11:15,12:15,Data Structures,Prof. Faculty 141,EL-255
2254,Diploma,Electronics & Communication,FY,2,A,Thursday,12:15,01:15,Computer Networks,Prof. Faculty 198,EL-265
2255,Diploma,Electronics & Communication,FY,2,A,Thursday,02:00,03:00,DBMS,Prof. Faculty 166,EL-182
2256,Diploma,Electronics & Communication,FY,2,A,Thursday,03:00,04:00,Digital Electronics,Prof. Faculty 125,EL-245
2257,Diploma,Electronics & Communication,FY,2,A,Friday,09:00,10:00,Java Programming,Prof. Faculty 170,EL-180
2258,Diploma,Electronics & Communication,FY,2,A,Friday,10:00,11:00,Computer Networks,Prof. Faculty 075,EL-307
2259,Diploma,Electronics & Communication,FY,2,A,Friday,11:15,12:15,Data Structures,Prof. Faculty 073,EL-289
2260,Diploma,Electronics & Communication,FY,2,A,Friday,12:15,01:15,Cloud Computing,Prof. Faculty 101,EL-104
2261,Diploma,Electronics & Communication,FY,2,A,Friday,02:00,03:00,Data Structures,Prof. Faculty 223,EL-159
2262,Diploma,Electronics & Communication,FY,2,A,Friday,03:00,04:00,Physics,Prof. Faculty 135,EL-145
2263,Diploma,Electronics & Communication,FY,2,A,Saturday,09:00,10:00,Mathematics,Prof. Faculty 003,EL-148
2264,Diploma,Electronics & Communication,FY,2,A,Saturday,10:00,11:00,Project Lab,Prof. Faculty 089,EL-221
2265,Diploma,Electronics & Communication,FY,2,A,Saturday,11:15,12:15,CAD/CAM,Prof. Faculty 018,EL-182
2266,Diploma,Electronics & Communication,FY,2,A,Saturday,12:15,01:15,Digital Electronics,Prof. Faculty 220,EL-221
2267,Diploma,Electronics & Communication,FY,2,A,Saturday,02:00,03:00,Software Engineering,Prof. Faculty 162,EL-142
2268,Diploma,Electronics & Communication,FY,2,A,Saturday,03:00,04:00,Python Programming,Prof. Faculty 121,EL-108
2269,Diploma,Electronics & Communication,FY,2,B,Monday,09:00,10:00,Data Structures,Prof. Faculty 165,EL-306
2270,Diploma,Electronics & Communication,FY,2,B,Monday,10:00,11:00,DBMS,Prof. Faculty 086,EL-249
2271,Diploma,Electronics & Communication,FY,2,B,Monday,11:15,12:15,DBMS,Prof. Faculty 246,EL-218
2272,Diploma,Electronics & Communication,FY,2,B,Monday,12:15,01:15,Project Lab,Prof. Faculty 062,EL-217
2273,Diploma,Electronics & Communication,FY,2,B,Monday,02:00,03:00,Electrical Machines,Prof. Faculty 039,EL-246
2274,Diploma,Electronics & Communication,FY,2,B,Monday,03:00,04:00,Java Programming,Prof. Faculty 167,EL-189
2275,Diploma,Electronics & Communication,FY,2,B,Tuesday,09:00,10:00,Surveying,Prof. Faculty 054,EL-108
2276,Diploma,Electronics & Communication,FY,2,B,Tuesday,10:00,11:00,Physics,Prof. Faculty 244,EL-293
2277,Diploma,Electronics & Communication,FY,2,B,Tuesday,11:15,12:15,Java Programming,Prof. Faculty 053,EL-303
2278,Diploma,Electronics & Communication,FY,2,B,Tuesday,12:15,01:15,Digital Electronics,Prof. Faculty 192,EL-189
2279,Diploma,Electronics & Communication,FY,2,B,Tuesday,02:00,03:00,Physics,Prof. Faculty 163,EL-320
2280,Diploma,Electronics & Communication,FY,2,B,Tuesday,03:00,04:00,AI Fundamentals,Prof. Faculty 224,EL-189
2281,Diploma,Electronics & Communication,FY,2,B,Wednesday,09:00,10:00,Project Lab,Prof. Faculty 040,EL-210
2282,Diploma,Electronics & Communication,FY,2,B,Wednesday,10:00,11:00,Cyber Security,Prof. Faculty 223,EL-199
2283,Diploma,Electronics & Communication,FY,2,B,Wednesday,11:15,12:15,Digital Electronics,Prof. Faculty 114,EL-172
2284,Diploma,Electronics & Communication,FY,2,B,Wednesday,12:15,01:15,Mathematics,Prof. Faculty 032,EL-300
2285,Diploma,Electronics & Communication,FY,2,B,Wednesday,02:00,03:00,Machine Learning,Prof. Faculty 003,EL-318
2286,Diploma,Electronics & Communication,FY,2,B,Wednesday,03:00,04:00,Electrical Machines,Prof. Faculty 043,EL-309
2287,Diploma,Electronics & Communication,FY,2,B,Thursday,09:00,10:00,Python Programming,Prof. Faculty 173,EL-207
2288,Diploma,Electronics & Communication,FY,2,B,Thursday,10:00,11:00,Software Engineering,Prof. Faculty 009,EL-181
2289,Diploma,Electronics & Communication,FY,2,B,Thursday,11:15,12:15,Digital Electronics,Prof. Faculty 096,EL-211
2290,Diploma,Electronics & Communication,FY,2,B,Thursday,12:15,01:15,Python Programming,Prof. Faculty 142,EL-238
2291,Diploma,Electronics & Communication,FY,2,B,Thursday,02:00,03:00,Python Programming,Prof. Faculty 190,EL-306
2292,Diploma,Electronics & Communication,FY,2,B,Thursday,03:00,04:00,Mathematics,Prof. Faculty 221,EL-292
2293,Diploma,Electronics & Communication,FY,2,B,Friday,09:00,10:00,Python Programming,Prof. Faculty 102,EL-248
2294,Diploma,Electronics & Communication,FY,2,B,Friday,10:00,11:00,Data Structures,Prof. Faculty 162,EL-269
2295,Diploma,Electronics & Communication,FY,2,B,Friday,11:15,12:15,DBMS,Prof. Faculty 114,EL-118
2296,Diploma,Electronics & Communication,FY,2,B,Friday,12:15,01:15,Web Development,Prof. Faculty 063,EL-134
2297,Diploma,Electronics & Communication,FY,2,B,Friday,02:00,03:00,Surveying,Prof. Faculty 088,EL-158
2298,Diploma,Electronics & Communication,FY,2,B,Friday,03:00,04:00,Digital Electronics,Prof. Faculty 130,EL-255
2299,Diploma,Electronics & Communication,FY,2,B,Saturday,09:00,10:00,Web Development,Prof. Faculty 045,EL-208
2300,Diploma,Electronics & Communication,FY,2,B,Saturday,10:00,11:00,Cyber Security,Prof. Faculty 099,EL-243
2301,Diploma,Electronics & Communication,FY,2,B,Saturday,11:15,12:15,Physics,Prof. Faculty 014,EL-127
2302,Diploma,Electronics & Communication,FY,2,B,Saturday,12:15,01:15,Computer Networks,Prof. Faculty 090,EL-181
2303,Diploma,Electronics & Communication,FY,2,B,Saturday,02:00,03:00,Cyber Security,Prof. Faculty 208,EL-314
2304,Diploma,Electronics & Communication,FY,2,B,Saturday,03:00,04:00,AI Fundamentals,Prof. Faculty 150,EL-304
2305,Diploma,Electronics & Communication,SY,3,A,Monday,09:00,10:00,Digital Electronics,Prof. Faculty 113,EL-240
2306,Diploma,Electronics & Communication,SY,3,A,Monday,10:00,11:00,AI Fundamentals,Prof. Faculty 017,EL-101
2307,Diploma,Electronics & Communication,SY,3,A,Monday,11:15,12:15,Cyber Security,Prof. Faculty 099,EL-139
2308,Diploma,Electronics & Communication,SY,3,A,Monday,12:15,01:15,Thermodynamics,Prof. Faculty 108,EL-147
2309,Diploma,Electronics & Communication,SY,3,A,Monday,02:00,03:00,Electrical Machines,Prof. Faculty 053,EL-314
2310,Diploma,Electronics & Communication,SY,3,A,Monday,03:00,04:00,Mathematics,Prof. Faculty 068,EL-287
2311,Diploma,Electronics & Communication,SY,3,A,Tuesday,09:00,10:00,Electrical Machines,Prof. Faculty 246,EL-106
2312,Diploma,Electronics & Communication,SY,3,A,Tuesday,10:00,11:00,Computer Networks,Prof. Faculty 068,EL-269
2313,Diploma,Electronics & Communication,SY,3,A,Tuesday,11:15,12:15,Mathematics,Prof. Faculty 017,EL-311
2314,Diploma,Electronics & Communication,SY,3,A,Tuesday,12:15,01:15,DBMS,Prof. Faculty 177,EL-240
2315,Diploma,Electronics & Communication,SY,3,A,Tuesday,02:00,03:00,Digital Electronics,Prof. Faculty 035,EL-158
2316,Diploma,Electronics & Communication,SY,3,A,Tuesday,03:00,04:00,Surveying,Prof. Faculty 071,EL-194
2317,Diploma,Electronics & Communication,SY,3,A,Wednesday,09:00,10:00,Physics,Prof. Faculty 214,EL-313
2318,Diploma,Electronics & Communication,SY,3,A,Wednesday,10:00,11:00,Computer Networks,Prof. Faculty 174,EL-232
2319,Diploma,Electronics & Communication,SY,3,A,Wednesday,11:15,12:15,Machine Learning,Prof. Faculty 126,EL-120
2320,Diploma,Electronics & Communication,SY,3,A,Wednesday,12:15,01:15,Software Engineering,Prof. Faculty 196,EL-126
2321,Diploma,Electronics & Communication,SY,3,A,Wednesday,02:00,03:00,CAD/CAM,Prof. Faculty 053,EL-211
2322,Diploma,Electronics & Communication,SY,3,A,Wednesday,03:00,04:00,Computer Networks,Prof. Faculty 011,EL-170
2323,Diploma,Electronics & Communication,SY,3,A,Thursday,09:00,10:00,Computer Networks,Prof. Faculty 018,EL-217
2324,Diploma,Electronics & Communication,SY,3,A,Thursday,10:00,11:00,Cloud Computing,Prof. Faculty 051,EL-171
2325,Diploma,Electronics & Communication,SY,3,A,Thursday,11:15,12:15,CAD/CAM,Prof. Faculty 002,EL-287
2326,Diploma,Electronics & Communication,SY,3,A,Thursday,12:15,01:15,CAD/CAM,Prof. Faculty 028,EL-117
2327,Diploma,Electronics & Communication,SY,3,A,Thursday,02:00,03:00,Physics,Prof. Faculty 149,EL-133
2328,Diploma,Electronics & Communication,SY,3,A,Thursday,03:00,04:00,Project Lab,Prof. Faculty 129,EL-227
2329,Diploma,Electronics & Communication,SY,3,A,Friday,09:00,10:00,Data Structures,Prof. Faculty 197,EL-137
2330,Diploma,Electronics & Communication,SY,3,A,Friday,10:00,11:00,Python Programming,Prof. Faculty 058,EL-251
2331,Diploma,Electronics & Communication,SY,3,A,Friday,11:15,12:15,Web Development,Prof. Faculty 103,EL-112
2332,Diploma,Electronics & Communication,SY,3,A,Friday,12:15,01:15,Operating Systems,Prof. Faculty 031,EL-152
2333,Diploma,Electronics & Communication,SY,3,A,Friday,02:00,03:00,Data Structures,Prof. Faculty 002,EL-189
2334,Diploma,Electronics & Communication,SY,3,A,Friday,03:00,04:00,Java Programming,Prof. Faculty 094,EL-216
2335,Diploma,Electronics & Communication,SY,3,A,Saturday,09:00,10:00,Digital Electronics,Prof. Faculty 236,EL-197
2336,Diploma,Electronics & Communication,SY,3,A,Saturday,10:00,11:00,Surveying,Prof. Faculty 105,EL-156
2337,Diploma,Electronics & Communication,SY,3,A,Saturday,11:15,12:15,Java Programming,Prof. Faculty 127,EL-311
2338,Diploma,Electronics & Communication,SY,3,A,Saturday,12:15,01:15,Project Lab,Prof. Faculty 162,EL-155
2339,Diploma,Electronics & Communication,SY,3,A,Saturday,02:00,03:00,Software Engineering,Prof. Faculty 198,EL-234
2340,Diploma,Electronics & Communication,SY,3,A,Saturday,03:00,04:00,Cyber Security,Prof. Faculty 061,EL-147
2341,Diploma,Electronics & Communication,SY,3,B,Monday,09:00,10:00,CAD/CAM,Prof. Faculty 005,EL-232
2342,Diploma,Electronics & Communication,SY,3,B,Monday,10:00,11:00,Computer Networks,Prof. Faculty 217,EL-203
2343,Diploma,Electronics & Communication,SY,3,B,Monday,11:15,12:15,Cloud Computing,Prof. Faculty 098,EL-315
2344,Diploma,Electronics & Communication,SY,3,B,Monday,12:15,01:15,Surveying,Prof. Faculty 138,EL-190
2345,Diploma,Electronics & Communication,SY,3,B,Monday,02:00,03:00,Machine Learning,Prof. Faculty 033,EL-200
2346,Diploma,Electronics & Communication,SY,3,B,Monday,03:00,04:00,Operating Systems,Prof. Faculty 116,EL-118
2347,Diploma,Electronics & Communication,SY,3,B,Tuesday,09:00,10:00,Mathematics,Prof. Faculty 205,EL-298
2348,Diploma,Electronics & Communication,SY,3,B,Tuesday,10:00,11:00,CAD/CAM,Prof. Faculty 150,EL-206
2349,Diploma,Electronics & Communication,SY,3,B,Tuesday,11:15,12:15,Machine Learning,Prof. Faculty 155,EL-246
2350,Diploma,Electronics & Communication,SY,3,B,Tuesday,12:15,01:15,Thermodynamics,Prof. Faculty 116,EL-314
2351,Diploma,Electronics & Communication,SY,3,B,Tuesday,02:00,03:00,Operating Systems,Prof. Faculty 143,EL-239
2352,Diploma,Electronics & Communication,SY,3,B,Tuesday,03:00,04:00,Mathematics,Prof. Faculty 176,EL-261
2353,Diploma,Electronics & Communication,SY,3,B,Wednesday,09:00,10:00,Surveying,Prof. Faculty 032,EL-307
2354,Diploma,Electronics & Communication,SY,3,B,Wednesday,10:00,11:00,Mathematics,Prof. Faculty 230,EL-269
2355,Diploma,Electronics & Communication,SY,3,B,Wednesday,11:15,12:15,Thermodynamics,Prof. Faculty 250,EL-283
2356,Diploma,Electronics & Communication,SY,3,B,Wednesday,12:15,01:15,Machine Learning,Prof. Faculty 045,EL-299
2357,Diploma,Electronics & Communication,SY,3,B,Wednesday,02:00,03:00,Electrical Machines,Prof. Faculty 003,EL-276
2358,Diploma,Electronics & Communication,SY,3,B,Wednesday,03:00,04:00,Software Engineering,Prof. Faculty 043,EL-306
2359,Diploma,Electronics & Communication,SY,3,B,Thursday,09:00,10:00,Project Lab,Prof. Faculty 130,EL-145
2360,Diploma,Electronics & Communication,SY,3,B,Thursday,10:00,11:00,Project Lab,Prof. Faculty 141,EL-261
2361,Diploma,Electronics & Communication,SY,3,B,Thursday,11:15,12:15,AI Fundamentals,Prof. Faculty 215,EL-147
2362,Diploma,Electronics & Communication,SY,3,B,Thursday,12:15,01:15,Java Programming,Prof. Faculty 121,EL-245
2363,Diploma,Electronics & Communication,SY,3,B,Thursday,02:00,03:00,Electrical Machines,Prof. Faculty 100,EL-157
2364,Diploma,Electronics & Communication,SY,3,B,Thursday,03:00,04:00,Java Programming,Prof. Faculty 158,EL-173
2365,Diploma,Electronics & Communication,SY,3,B,Friday,09:00,10:00,Java Programming,Prof. Faculty 050,EL-310
2366,Diploma,Electronics & Communication,SY,3,B,Friday,10:00,11:00,Computer Networks,Prof. Faculty 229,EL-143
2367,Diploma,Electronics & Communication,SY,3,B,Friday,11:15,12:15,Thermodynamics,Prof. Faculty 038,EL-315
2368,Diploma,Electronics & Communication,SY,3,B,Friday,12:15,01:15,Cyber Security,Prof. Faculty 231,EL-238
2369,Diploma,Electronics & Communication,SY,3,B,Friday,02:00,03:00,Software Engineering,Prof. Faculty 060,EL-224
2370,Diploma,Electronics & Communication,SY,3,B,Friday,03:00,04:00,Operating Systems,Prof. Faculty 019,EL-176
2371,Diploma,Electronics & Communication,SY,3,B,Saturday,09:00,10:00,Electrical Machines,Prof. Faculty 123,EL-200
2372,Diploma,Electronics & Communication,SY,3,B,Saturday,10:00,11:00,AI Fundamentals,Prof. Faculty 071,EL-259
2373,Diploma,Electronics & Communication,SY,3,B,Saturday,11:15,12:15,Software Engineering,Prof. Faculty 242,EL-217
2374,Diploma,Electronics & Communication,SY,3,B,Saturday,12:15,01:15,Project Lab,Prof. Faculty 215,EL-316
2375,Diploma,Electronics & Communication,SY,3,B,Saturday,02:00,03:00,Cyber Security,Prof. Faculty 201,EL-102
2376,Diploma,Electronics & Communication,SY,3,B,Saturday,03:00,04:00,Computer Networks,Prof. Faculty 152,EL-194
2377,Diploma,Electronics & Communication,SY,4,A,Monday,09:00,10:00,Thermodynamics,Prof. Faculty 066,EL-138
2378,Diploma,Electronics & Communication,SY,4,A,Monday,10:00,11:00,CAD/CAM,Prof. Faculty 215,EL-278
2379,Diploma,Electronics & Communication,SY,4,A,Monday,11:15,12:15,Software Engineering,Prof. Faculty 186,EL-218
2380,Diploma,Electronics & Communication,SY,4,A,Monday,12:15,01:15,Surveying,Prof. Faculty 095,EL-279
2381,Diploma,Electronics & Communication,SY,4,A,Monday,02:00,03:00,Computer Networks,Prof. Faculty 227,EL-127
2382,Diploma,Electronics & Communication,SY,4,A,Monday,03:00,04:00,DBMS,Prof. Faculty 133,EL-182
2383,Diploma,Electronics & Communication,SY,4,A,Tuesday,09:00,10:00,Data Structures,Prof. Faculty 014,EL-174
2384,Diploma,Electronics & Communication,SY,4,A,Tuesday,10:00,11:00,Operating Systems,Prof. Faculty 236,EL-187
2385,Diploma,Electronics & Communication,SY,4,A,Tuesday,11:15,12:15,Mathematics,Prof. Faculty 140,EL-141
2386,Diploma,Electronics & Communication,SY,4,A,Tuesday,12:15,01:15,Thermodynamics,Prof. Faculty 092,EL-125
2387,Diploma,Electronics & Communication,SY,4,A,Tuesday,02:00,03:00,CAD/CAM,Prof. Faculty 104,EL-148
2388,Diploma,Electronics & Communication,SY,4,A,Tuesday,03:00,04:00,Operating Systems,Prof. Faculty 088,EL-136
2389,Diploma,Electronics & Communication,SY,4,A,Wednesday,09:00,10:00,Digital Electronics,Prof. Faculty 136,EL-252
2390,Diploma,Electronics & Communication,SY,4,A,Wednesday,10:00,11:00,Electrical Machines,Prof. Faculty 142,EL-187
2391,Diploma,Electronics & Communication,SY,4,A,Wednesday,11:15,12:15,Computer Networks,Prof. Faculty 026,EL-139
2392,Diploma,Electronics & Communication,SY,4,A,Wednesday,12:15,01:15,Java Programming,Prof. Faculty 069,EL-282
2393,Diploma,Electronics & Communication,SY,4,A,Wednesday,02:00,03:00,Surveying,Prof. Faculty 129,EL-233
2394,Diploma,Electronics & Communication,SY,4,A,Wednesday,03:00,04:00,Operating Systems,Prof. Faculty 173,EL-190
2395,Diploma,Electronics & Communication,SY,4,A,Thursday,09:00,10:00,Project Lab,Prof. Faculty 075,EL-238
2396,Diploma,Electronics & Communication,SY,4,A,Thursday,10:00,11:00,Web Development,Prof. Faculty 240,EL-242
2397,Diploma,Electronics & Communication,SY,4,A,Thursday,11:15,12:15,Java Programming,Prof. Faculty 144,EL-237
2398,Diploma,Electronics & Communication,SY,4,A,Thursday,12:15,01:15,DBMS,Prof. Faculty 079,EL-201
2399,Diploma,Electronics & Communication,SY,4,A,Thursday,02:00,03:00,Electrical Machines,Prof. Faculty 096,EL-137
2400,Diploma,Electronics & Communication,SY,4,A,Thursday,03:00,04:00,Operating Systems,Prof. Faculty 130,EL-115
2401,Diploma,Electronics & Communication,SY,4,A,Friday,09:00,10:00,Python Programming,Prof. Faculty 236,EL-171
2402,Diploma,Electronics & Communication,SY,4,A,Friday,10:00,11:00,DBMS,Prof. Faculty 167,EL-295
2403,Diploma,Electronics & Communication,SY,4,A,Friday,11:15,12:15,Machine Learning,Prof. Faculty 174,EL-138
2404,Diploma,Electronics & Communication,SY,4,A,Friday,12:15,01:15,DBMS,Prof. Faculty 234,EL-130
2405,Diploma,Electronics & Communication,SY,4,A,Friday,02:00,03:00,Thermodynamics,Prof. Faculty 199,EL-139
2406,Diploma,Electronics & Communication,SY,4,A,Friday,03:00,04:00,Project Lab,Prof. Faculty 197,EL-159
2407,Diploma,Electronics & Communication,SY,4,A,Saturday,09:00,10:00,Data Structures,Prof. Faculty 207,EL-136
2408,Diploma,Electronics & Communication,SY,4,A,Saturday,10:00,11:00,Project Lab,Prof. Faculty 170,EL-165
2409,Diploma,Electronics & Communication,SY,4,A,Saturday,11:15,12:15,Computer Networks,Prof. Faculty 171,EL-291
2410,Diploma,Electronics & Communication,SY,4,A,Saturday,12:15,01:15,DBMS,Prof. Faculty 212,EL-291
2411,Diploma,Electronics & Communication,SY,4,A,Saturday,02:00,03:00,Electrical Machines,Prof. Faculty 115,EL-283
2412,Diploma,Electronics & Communication,SY,4,A,Saturday,03:00,04:00,DBMS,Prof. Faculty 228,EL-108
2413,Diploma,Electronics & Communication,SY,4,B,Monday,09:00,10:00,Web Development,Prof. Faculty 161,EL-165
2414,Diploma,Electronics & Communication,SY,4,B,Monday,10:00,11:00,Cyber Security,Prof. Faculty 030,EL-144
2415,Diploma,Electronics & Communication,SY,4,B,Monday,11:15,12:15,Software Engineering,Prof. Faculty 161,EL-204
2416,Diploma,Electronics & Communication,SY,4,B,Monday,12:15,01:15,DBMS,Prof. Faculty 042,EL-259
2417,Diploma,Electronics & Communication,SY,4,B,Monday,02:00,03:00,Software Engineering,Prof. Faculty 162,EL-101
2418,Diploma,Electronics & Communication,SY,4,B,Monday,03:00,04:00,Cyber Security,Prof. Faculty 001,EL-302
2419,Diploma,Electronics & Communication,SY,4,B,Tuesday,09:00,10:00,Software Engineering,Prof. Faculty 053,EL-191
2420,Diploma,Electronics & Communication,SY,4,B,Tuesday,10:00,11:00,Data Structures,Prof. Faculty 022,EL-246
2421,Diploma,Electronics & Communication,SY,4,B,Tuesday,11:15,12:15,Web Development,Prof. Faculty 140,EL-135
2422,Diploma,Electronics & Communication,SY,4,B,Tuesday,12:15,01:15,Web Development,Prof. Faculty 063,EL-211
2423,Diploma,Electronics & Communication,SY,4,B,Tuesday,02:00,03:00,Thermodynamics,Prof. Faculty 053,EL-265
2424,Diploma,Electronics & Communication,SY,4,B,Tuesday,03:00,04:00,CAD/CAM,Prof. Faculty 192,EL-128
2425,Diploma,Electronics & Communication,SY,4,B,Wednesday,09:00,10:00,Thermodynamics,Prof. Faculty 122,EL-288
2426,Diploma,Electronics & Communication,SY,4,B,Wednesday,10:00,11:00,Project Lab,Prof. Faculty 097,EL-147
2427,Diploma,Electronics & Communication,SY,4,B,Wednesday,11:15,12:15,Web Development,Prof. Faculty 216,EL-168
2428,Diploma,Electronics & Communication,SY,4,B,Wednesday,12:15,01:15,Python Programming,Prof. Faculty 115,EL-204
2429,Diploma,Electronics & Communication,SY,4,B,Wednesday,02:00,03:00,Machine Learning,Prof. Faculty 228,EL-152
2430,Diploma,Electronics & Communication,SY,4,B,Wednesday,03:00,04:00,Mathematics,Prof. Faculty 167,EL-288
2431,Diploma,Electronics & Communication,SY,4,B,Thursday,09:00,10:00,Cloud Computing,Prof. Faculty 190,EL-277
2432,Diploma,Electronics & Communication,SY,4,B,Thursday,10:00,11:00,Mathematics,Prof. Faculty 227,EL-190
2433,Diploma,Electronics & Communication,SY,4,B,Thursday,11:15,12:15,Operating Systems,Prof. Faculty 171,EL-134
2434,Diploma,Electronics & Communication,SY,4,B,Thursday,12:15,01:15,Computer Networks,Prof. Faculty 010,EL-241
2435,Diploma,Electronics & Communication,SY,4,B,Thursday,02:00,03:00,Thermodynamics,Prof. Faculty 114,EL-284
2436,Diploma,Electronics & Communication,SY,4,B,Thursday,03:00,04:00,DBMS,Prof. Faculty 112,EL-156
2437,Diploma,Electronics & Communication,SY,4,B,Friday,09:00,10:00,Electrical Machines,Prof. Faculty 005,EL-299
2438,Diploma,Electronics & Communication,SY,4,B,Friday,10:00,11:00,Software Engineering,Prof. Faculty 082,EL-279
2439,Diploma,Electronics & Communication,SY,4,B,Friday,11:15,12:15,Cyber Security,Prof. Faculty 054,EL-201
2440,Diploma,Electronics & Communication,SY,4,B,Friday,12:15,01:15,Surveying,Prof. Faculty 119,EL-164
2441,Diploma,Electronics & Communication,SY,4,B,Friday,02:00,03:00,Cyber Security,Prof. Faculty 248,EL-248
2442,Diploma,Electronics & Communication,SY,4,B,Friday,03:00,04:00,Operating Systems,Prof. Faculty 065,EL-249
2443,Diploma,Electronics & Communication,SY,4,B,Saturday,09:00,10:00,Operating Systems,Prof. Faculty 168,EL-314
2444,Diploma,Electronics & Communication,SY,4,B,Saturday,10:00,11:00,Cyber Security,Prof. Faculty 145,EL-223
2445,Diploma,Electronics & Communication,SY,4,B,Saturday,11:15,12:15,Thermodynamics,Prof. Faculty 244,EL-309
2446,Diploma,Electronics & Communication,SY,4,B,Saturday,12:15,01:15,Cloud Computing,Prof. Faculty 022,EL-234
2447,Diploma,Electronics & Communication,SY,4,B,Saturday,02:00,03:00,Electrical Machines,Prof. Faculty 157,EL-283
2448,Diploma,Electronics & Communication,SY,4,B,Saturday,03:00,04:00,Project Lab,Prof. Faculty 116,EL-228
2449,Diploma,Electronics & Communication,TY,5,A,Monday,09:00,10:00,Python Programming,Prof. Faculty 230,EL-203
2450,Diploma,Electronics & Communication,TY,5,A,Monday,10:00,11:00,Project Lab,Prof. Faculty 184,EL-234
2451,Diploma,Electronics & Communication,TY,5,A,Monday,11:15,12:15,Cloud Computing,Prof. Faculty 060,EL-214
2452,Diploma,Electronics & Communication,TY,5,A,Monday,12:15,01:15,Project Lab,Prof. Faculty 244,EL-104
2453,Diploma,Electronics & Communication,TY,5,A,Monday,02:00,03:00,Project Lab,Prof. Faculty 086,EL-142
2454,Diploma,Electronics & Communication,TY,5,A,Monday,03:00,04:00,Project Lab,Prof. Faculty 207,EL-266
2455,Diploma,Electronics & Communication,TY,5,A,Tuesday,09:00,10:00,Cloud Computing,Prof. Faculty 211,EL-170
2456,Diploma,Electronics & Communication,TY,5,A,Tuesday,10:00,11:00,Software Engineering,Prof. Faculty 151,EL-143
2457,Diploma,Electronics & Communication,TY,5,A,Tuesday,11:15,12:15,Python Programming,Prof. Faculty 116,EL-291
2458,Diploma,Electronics & Communication,TY,5,A,Tuesday,12:15,01:15,DBMS,Prof. Faculty 184,EL-240
2459,Diploma,Electronics & Communication,TY,5,A,Tuesday,02:00,03:00,Operating Systems,Prof. Faculty 040,EL-173
2460,Diploma,Electronics & Communication,TY,5,A,Tuesday,03:00,04:00,Software Engineering,Prof. Faculty 111,EL-268
2461,Diploma,Electronics & Communication,TY,5,A,Wednesday,09:00,10:00,Python Programming,Prof. Faculty 058,EL-192
2462,Diploma,Electronics & Communication,TY,5,A,Wednesday,10:00,11:00,AI Fundamentals,Prof. Faculty 040,EL-279
2463,Diploma,Electronics & Communication,TY,5,A,Wednesday,11:15,12:15,Physics,Prof. Faculty 020,EL-243
2464,Diploma,Electronics & Communication,TY,5,A,Wednesday,12:15,01:15,CAD/CAM,Prof. Faculty 242,EL-259
2465,Diploma,Electronics & Communication,TY,5,A,Wednesday,02:00,03:00,Computer Networks,Prof. Faculty 239,EL-117
2466,Diploma,Electronics & Communication,TY,5,A,Wednesday,03:00,04:00,Physics,Prof. Faculty 084,EL-208
2467,Diploma,Electronics & Communication,TY,5,A,Thursday,09:00,10:00,Cloud Computing,Prof. Faculty 172,EL-161
2468,Diploma,Electronics & Communication,TY,5,A,Thursday,10:00,11:00,Digital Electronics,Prof. Faculty 007,EL-320
2469,Diploma,Electronics & Communication,TY,5,A,Thursday,11:15,12:15,AI Fundamentals,Prof. Faculty 100,EL-197
2470,Diploma,Electronics & Communication,TY,5,A,Thursday,12:15,01:15,Mathematics,Prof. Faculty 152,EL-303
2471,Diploma,Electronics & Communication,TY,5,A,Thursday,02:00,03:00,Digital Electronics,Prof. Faculty 245,EL-141
2472,Diploma,Electronics & Communication,TY,5,A,Thursday,03:00,04:00,Thermodynamics,Prof. Faculty 093,EL-160
2473,Diploma,Electronics & Communication,TY,5,A,Friday,09:00,10:00,Software Engineering,Prof. Faculty 062,EL-287
2474,Diploma,Electronics & Communication,TY,5,A,Friday,10:00,11:00,Physics,Prof. Faculty 246,EL-207
2475,Diploma,Electronics & Communication,TY,5,A,Friday,11:15,12:15,Java Programming,Prof. Faculty 015,EL-155
2476,Diploma,Electronics & Communication,TY,5,A,Friday,12:15,01:15,Physics,Prof. Faculty 152,EL-249
2477,Diploma,Electronics & Communication,TY,5,A,Friday,02:00,03:00,Project Lab,Prof. Faculty 126,EL-156
2478,Diploma,Electronics & Communication,TY,5,A,Friday,03:00,04:00,Cyber Security,Prof. Faculty 116,EL-198
2479,Diploma,Electronics & Communication,TY,5,A,Saturday,09:00,10:00,Computer Networks,Prof. Faculty 147,EL-225
2480,Diploma,Electronics & Communication,TY,5,A,Saturday,10:00,11:00,Web Development,Prof. Faculty 216,EL-189
2481,Diploma,Electronics & Communication,TY,5,A,Saturday,11:15,12:15,Web Development,Prof. Faculty 182,EL-184
2482,Diploma,Electronics & Communication,TY,5,A,Saturday,12:15,01:15,Electrical Machines,Prof. Faculty 165,EL-290
2483,Diploma,Electronics & Communication,TY,5,A,Saturday,02:00,03:00,Java Programming,Prof. Faculty 020,EL-110
2484,Diploma,Electronics & Communication,TY,5,A,Saturday,03:00,04:00,Physics,Prof. Faculty 235,EL-234
2485,Diploma,Electronics & Communication,TY,5,B,Monday,09:00,10:00,Thermodynamics,Prof. Faculty 180,EL-121
2486,Diploma,Electronics & Communication,TY,5,B,Monday,10:00,11:00,Surveying,Prof. Faculty 195,EL-279
2487,Diploma,Electronics & Communication,TY,5,B,Monday,11:15,12:15,Cloud Computing,Prof. Faculty 191,EL-271
2488,Diploma,Electronics & Communication,TY,5,B,Monday,12:15,01:15,Computer Networks,Prof. Faculty 097,EL-247
2489,Diploma,Electronics & Communication,TY,5,B,Monday,02:00,03:00,Software Engineering,Prof. Faculty 081,EL-295
2490,Diploma,Electronics & Communication,TY,5,B,Monday,03:00,04:00,CAD/CAM,Prof. Faculty 192,EL-227
2491,Diploma,Electronics & Communication,TY,5,B,Tuesday,09:00,10:00,Data Structures,Prof. Faculty 216,EL-156
2492,Diploma,Electronics & Communication,TY,5,B,Tuesday,10:00,11:00,Digital Electronics,Prof. Faculty 009,EL-174
2493,Diploma,Electronics & Communication,TY,5,B,Tuesday,11:15,12:15,AI Fundamentals,Prof. Faculty 239,EL-244
2494,Diploma,Electronics & Communication,TY,5,B,Tuesday,12:15,01:15,CAD/CAM,Prof. Faculty 038,EL-313
2495,Diploma,Electronics & Communication,TY,5,B,Tuesday,02:00,03:00,Surveying,Prof. Faculty 122,EL-156
2496,Diploma,Electronics & Communication,TY,5,B,Tuesday,03:00,04:00,Cloud Computing,Prof. Faculty 238,EL-287
2497,Diploma,Electronics & Communication,TY,5,B,Wednesday,09:00,10:00,Thermodynamics,Prof. Faculty 045,EL-316
2498,Diploma,Electronics & Communication,TY,5,B,Wednesday,10:00,11:00,Java Programming,Prof. Faculty 123,EL-189
2499,Diploma,Electronics & Communication,TY,5,B,Wednesday,11:15,12:15,Java Programming,Prof. Faculty 025,EL-258
2500,Diploma,Electronics & Communication,TY,5,B,Wednesday,12:15,01:15,Cyber Security,Prof. Faculty 114,EL-212
2501,Diploma,Electronics & Communication,TY,5,B,Wednesday,02:00,03:00,Project Lab,Prof. Faculty 209,EL-267
2502,Diploma,Electronics & Communication,TY,5,B,Wednesday,03:00,04:00,Machine Learning,Prof. Faculty 040,EL-274
2503,Diploma,Electronics & Communication,TY,5,B,Thursday,09:00,10:00,Computer Networks,Prof. Faculty 099,EL-123
2504,Diploma,Electronics & Communication,TY,5,B,Thursday,10:00,11:00,Python Programming,Prof. Faculty 219,EL-156
2505,Diploma,Electronics & Communication,TY,5,B,Thursday,11:15,12:15,DBMS,Prof. Faculty 008,EL-125
2506,Diploma,Electronics & Communication,TY,5,B,Thursday,12:15,01:15,Software Engineering,Prof. Faculty 022,EL-232
2507,Diploma,Electronics & Communication,TY,5,B,Thursday,02:00,03:00,Digital Electronics,Prof. Faculty 235,EL-137
2508,Diploma,Electronics & Communication,TY,5,B,Thursday,03:00,04:00,Project Lab,Prof. Faculty 122,EL-226
2509,Diploma,Electronics & Communication,TY,5,B,Friday,09:00,10:00,Surveying,Prof. Faculty 139,EL-282
2510,Diploma,Electronics & Communication,TY,5,B,Friday,10:00,11:00,Computer Networks,Prof. Faculty 012,EL-129
2511,Diploma,Electronics & Communication,TY,5,B,Friday,11:15,12:15,Surveying,Prof. Faculty 047,EL-137
2512,Diploma,Electronics & Communication,TY,5,B,Friday,12:15,01:15,Thermodynamics,Prof. Faculty 205,EL-293
2513,Diploma,Electronics & Communication,TY,5,B,Friday,02:00,03:00,Python Programming,Prof. Faculty 124,EL-288
2514,Diploma,Electronics & Communication,TY,5,B,Friday,03:00,04:00,Cyber Security,Prof. Faculty 013,EL-171
2515,Diploma,Electronics & Communication,TY,5,B,Saturday,09:00,10:00,Thermodynamics,Prof. Faculty 003,EL-307
2516,Diploma,Electronics & Communication,TY,5,B,Saturday,10:00,11:00,Python Programming,Prof. Faculty 162,EL-274
2517,Diploma,Electronics & Communication,TY,5,B,Saturday,11:15,12:15,Digital Electronics,Prof. Faculty 138,EL-164
2518,Diploma,Electronics & Communication,TY,5,B,Saturday,12:15,01:15,CAD/CAM,Prof. Faculty 008,EL-200
2519,Diploma,Electronics & Communication,TY,5,B,Saturday,02:00,03:00,Software Engineering,Prof. Faculty 102,EL-149
2520,Diploma,Electronics & Communication,TY,5,B,Saturday,03:00,04:00,Thermodynamics,Prof. Faculty 146,EL-145
2521,Diploma,Electronics & Communication,TY,6,A,Monday,09:00,10:00,Python Programming,Prof. Faculty 171,EL-243
2522,Diploma,Electronics & Communication,TY,6,A,Monday,10:00,11:00,CAD/CAM,Prof. Faculty 058,EL-220
2523,Diploma,Electronics & Communication,TY,6,A,Monday,11:15,12:15,Cyber Security,Prof. Faculty 249,EL-108
2524,Diploma,Electronics & Communication,TY,6,A,Monday,12:15,01:15,DBMS,Prof. Faculty 142,EL-177
2525,Diploma,Electronics & Communication,TY,6,A,Monday,02:00,03:00,Physics,Prof. Faculty 242,EL-193
2526,Diploma,Electronics & Communication,TY,6,A,Monday,03:00,04:00,Digital Electronics,Prof. Faculty 186,EL-268
2527,Diploma,Electronics & Communication,TY,6,A,Tuesday,09:00,10:00,Software Engineering,Prof. Faculty 129,EL-131
2528,Diploma,Electronics & Communication,TY,6,A,Tuesday,10:00,11:00,Thermodynamics,Prof. Faculty 150,EL-134
2529,Diploma,Electronics & Communication,TY,6,A,Tuesday,11:15,12:15,Digital Electronics,Prof. Faculty 147,EL-145
2530,Diploma,Electronics & Communication,TY,6,A,Tuesday,12:15,01:15,Physics,Prof. Faculty 190,EL-241
2531,Diploma,Electronics & Communication,TY,6,A,Tuesday,02:00,03:00,Cyber Security,Prof. Faculty 037,EL-292
2532,Diploma,Electronics & Communication,TY,6,A,Tuesday,03:00,04:00,Digital Electronics,Prof. Faculty 092,EL-123
2533,Diploma,Electronics & Communication,TY,6,A,Wednesday,09:00,10:00,DBMS,Prof. Faculty 163,EL-282
2534,Diploma,Electronics & Communication,TY,6,A,Wednesday,10:00,11:00,CAD/CAM,Prof. Faculty 183,EL-245
2535,Diploma,Electronics & Communication,TY,6,A,Wednesday,11:15,12:15,Project Lab,Prof. Faculty 060,EL-117
2536,Diploma,Electronics & Communication,TY,6,A,Wednesday,12:15,01:15,Digital Electronics,Prof. Faculty 023,EL-119
2537,Diploma,Electronics & Communication,TY,6,A,Wednesday,02:00,03:00,Software Engineering,Prof. Faculty 123,EL-289
2538,Diploma,Electronics & Communication,TY,6,A,Wednesday,03:00,04:00,Surveying,Prof. Faculty 059,EL-221
2539,Diploma,Electronics & Communication,TY,6,A,Thursday,09:00,10:00,Data Structures,Prof. Faculty 016,EL-188
2540,Diploma,Electronics & Communication,TY,6,A,Thursday,10:00,11:00,Web Development,Prof. Faculty 162,EL-136
2541,Diploma,Electronics & Communication,TY,6,A,Thursday,11:15,12:15,Java Programming,Prof. Faculty 154,EL-119
2542,Diploma,Electronics & Communication,TY,6,A,Thursday,12:15,01:15,Cyber Security,Prof. Faculty 142,EL-221
2543,Diploma,Electronics & Communication,TY,6,A,Thursday,02:00,03:00,Data Structures,Prof. Faculty 106,EL-145
2544,Diploma,Electronics & Communication,TY,6,A,Thursday,03:00,04:00,Software Engineering,Prof. Faculty 243,EL-239
2545,Diploma,Electronics & Communication,TY,6,A,Friday,09:00,10:00,DBMS,Prof. Faculty 027,EL-111
2546,Diploma,Electronics & Communication,TY,6,A,Friday,10:00,11:00,AI Fundamentals,Prof. Faculty 160,EL-305
2547,Diploma,Electronics & Communication,TY,6,A,Friday,11:15,12:15,Electrical Machines,Prof. Faculty 187,EL-127
2548,Diploma,Electronics & Communication,TY,6,A,Friday,12:15,01:15,Java Programming,Prof. Faculty 126,EL-238
2549,Diploma,Electronics & Communication,TY,6,A,Friday,02:00,03:00,Data Structures,Prof. Faculty 157,EL-232
2550,Diploma,Electronics & Communication,TY,6,A,Friday,03:00,04:00,Computer Networks,Prof. Faculty 088,EL-148
2551,Diploma,Electronics & Communication,TY,6,A,Saturday,09:00,10:00,Physics,Prof. Faculty 094,EL-315
2552,Diploma,Electronics & Communication,TY,6,A,Saturday,10:00,11:00,Python Programming,Prof. Faculty 177,EL-255
2553,Diploma,Electronics & Communication,TY,6,A,Saturday,11:15,12:15,AI Fundamentals,Prof. Faculty 095,EL-173
2554,Diploma,Electronics & Communication,TY,6,A,Saturday,12:15,01:15,Machine Learning,Prof. Faculty 098,EL-127
2555,Diploma,Electronics & Communication,TY,6,A,Saturday,02:00,03:00,Mathematics,Prof. Faculty 198,EL-287
2556,Diploma,Electronics & Communication,TY,6,A,Saturday,03:00,04:00,Project Lab,Prof. Faculty 067,EL-177
2557,Diploma,Electronics & Communication,TY,6,B,Monday,09:00,10:00,Digital Electronics,Prof. Faculty 206,EL-106
2558,Diploma,Electronics & Communication,TY,6,B,Monday,10:00,11:00,Computer Networks,Prof. Faculty 062,EL-160
2559,Diploma,Electronics & Communication,TY,6,B,Monday,11:15,12:15,Java Programming,Prof. Faculty 231,EL-226
2560,Diploma,Electronics & Communication,TY,6,B,Monday,12:15,01:15,Web Development,Prof. Faculty 216,EL-238
2561,Diploma,Electronics & Communication,TY,6,B,Monday,02:00,03:00,Machine Learning,Prof. Faculty 039,EL-115
2562,Diploma,Electronics & Communication,TY,6,B,Monday,03:00,04:00,Surveying,Prof. Faculty 107,EL-190
2563,Diploma,Electronics & Communication,TY,6,B,Tuesday,09:00,10:00,CAD/CAM,Prof. Faculty 209,EL-150
2564,Diploma,Electronics & Communication,TY,6,B,Tuesday,10:00,11:00,Java Programming,Prof. Faculty 203,EL-153
2565,Diploma,Electronics & Communication,TY,6,B,Tuesday,11:15,12:15,Software Engineering,Prof. Faculty 025,EL-175
2566,Diploma,Electronics & Communication,TY,6,B,Tuesday,12:15,01:15,Operating Systems,Prof. Faculty 056,EL-262
2567,Diploma,Electronics & Communication,TY,6,B,Tuesday,02:00,03:00,Computer Networks,Prof. Faculty 042,EL-101
2568,Diploma,Electronics & Communication,TY,6,B,Tuesday,03:00,04:00,Data Structures,Prof. Faculty 124,EL-288
2569,Diploma,Electronics & Communication,TY,6,B,Wednesday,09:00,10:00,Surveying,Prof. Faculty 229,EL-300
2570,Diploma,Electronics & Communication,TY,6,B,Wednesday,10:00,11:00,Java Programming,Prof. Faculty 030,EL-195
2571,Diploma,Electronics & Communication,TY,6,B,Wednesday,11:15,12:15,Digital Electronics,Prof. Faculty 248,EL-263
2572,Diploma,Electronics & Communication,TY,6,B,Wednesday,12:15,01:15,Machine Learning,Prof. Faculty 070,EL-115
2573,Diploma,Electronics & Communication,TY,6,B,Wednesday,02:00,03:00,Project Lab,Prof. Faculty 012,EL-160
2574,Diploma,Electronics & Communication,TY,6,B,Wednesday,03:00,04:00,Web Development,Prof. Faculty 226,EL-243
2575,Diploma,Electronics & Communication,TY,6,B,Thursday,09:00,10:00,Web Development,Prof. Faculty 004,EL-253
2576,Diploma,Electronics & Communication,TY,6,B,Thursday,10:00,11:00,Web Development,Prof. Faculty 035,EL-205
2577,Diploma,Electronics & Communication,TY,6,B,Thursday,11:15,12:15,Digital Electronics,Prof. Faculty 093,EL-293
2578,Diploma,Electronics & Communication,TY,6,B,Thursday,12:15,01:15,Thermodynamics,Prof. Faculty 073,EL-231
2579,Diploma,Electronics & Communication,TY,6,B,Thursday,02:00,03:00,DBMS,Prof. Faculty 086,EL-269
2580,Diploma,Electronics & Communication,TY,6,B,Thursday,03:00,04:00,Machine Learning,Prof. Faculty 182,EL-280
2581,Diploma,Electronics & Communication,TY,6,B,Friday,09:00,10:00,Cyber Security,Prof. Faculty 124,EL-222
2582,Diploma,Electronics & Communication,TY,6,B,Friday,10:00,11:00,Cloud Computing,Prof. Faculty 098,EL-201
2583,Diploma,Electronics & Communication,TY,6,B,Friday,11:15,12:15,Electrical Machines,Prof. Faculty 154,EL-313
2584,Diploma,Electronics & Communication,TY,6,B,Friday,12:15,01:15,Java Programming,Prof. Faculty 215,EL-232
2585,Diploma,Electronics & Communication,TY,6,B,Friday,02:00,03:00,Project Lab,Prof. Faculty 236,EL-306
2586,Diploma,Electronics & Communication,TY,6,B,Friday,03:00,04:00,Software Engineering,Prof. Faculty 070,EL-309
2587,Diploma,Electronics & Communication,TY,6,B,Saturday,09:00,10:00,Software Engineering,Prof. Faculty 131,EL-173
2588,Diploma,Electronics & Communication,TY,6,B,Saturday,10:00,11:00,Digital Electronics,Prof. Faculty 110,EL-318
2589,Diploma,Electronics & Communication,TY,6,B,Saturday,11:15,12:15,Computer Networks,Prof. Faculty 243,EL-116
2590,Diploma,Electronics & Communication,TY,6,B,Saturday,12:15,01:15,Mathematics,Prof. Faculty 169,EL-292
2591,Diploma,Electronics & Communication,TY,6,B,Saturday,02:00,03:00,Electrical Machines,Prof. Faculty 218,EL-116
2592,Diploma,Electronics & Communication,TY,6,B,Saturday,03:00,04:00,Mathematics,Prof. Faculty 068,EL-224
2593,Diploma,Automobile Engineering,FY,1,A,Monday,09:00,10:00,Digital Electronics,Prof. Faculty 052,AU-313
2594,Diploma,Automobile Engineering,FY,1,A,Monday,10:00,11:00,Project Lab,Prof. Faculty 209,AU-149
2595,Diploma,Automobile Engineering,FY,1,A,Monday,11:15,12:15,Cyber Security,Prof. Faculty 184,AU-219
2596,Diploma,Automobile Engineering,FY,1,A,Monday,12:15,01:15,Computer Networks,Prof. Faculty 115,AU-267
2597,Diploma,Automobile Engineering,FY,1,A,Monday,02:00,03:00,Software Engineering,Prof. Faculty 020,AU-125
2598,Diploma,Automobile Engineering,FY,1,A,Monday,03:00,04:00,Cyber Security,Prof. Faculty 012,AU-215
2599,Diploma,Automobile Engineering,FY,1,A,Tuesday,09:00,10:00,Java Programming,Prof. Faculty 177,AU-197
2600,Diploma,Automobile Engineering,FY,1,A,Tuesday,10:00,11:00,Python Programming,Prof. Faculty 071,AU-148
2601,Diploma,Automobile Engineering,FY,1,A,Tuesday,11:15,12:15,Project Lab,Prof. Faculty 046,AU-113
2602,Diploma,Automobile Engineering,FY,1,A,Tuesday,12:15,01:15,Thermodynamics,Prof. Faculty 214,AU-108
2603,Diploma,Automobile Engineering,FY,1,A,Tuesday,02:00,03:00,Python Programming,Prof. Faculty 199,AU-300
2604,Diploma,Automobile Engineering,FY,1,A,Tuesday,03:00,04:00,Project Lab,Prof. Faculty 020,AU-148
2605,Diploma,Automobile Engineering,FY,1,A,Wednesday,09:00,10:00,Physics,Prof. Faculty 001,AU-174
2606,Diploma,Automobile Engineering,FY,1,A,Wednesday,10:00,11:00,Mathematics,Prof. Faculty 139,AU-209
2607,Diploma,Automobile Engineering,FY,1,A,Wednesday,11:15,12:15,Physics,Prof. Faculty 124,AU-232
2608,Diploma,Automobile Engineering,FY,1,A,Wednesday,12:15,01:15,Machine Learning,Prof. Faculty 088,AU-110
2609,Diploma,Automobile Engineering,FY,1,A,Wednesday,02:00,03:00,Data Structures,Prof. Faculty 051,AU-285
2610,Diploma,Automobile Engineering,FY,1,A,Wednesday,03:00,04:00,Mathematics,Prof. Faculty 072,AU-268
2611,Diploma,Automobile Engineering,FY,1,A,Thursday,09:00,10:00,Web Development,Prof. Faculty 220,AU-243
2612,Diploma,Automobile Engineering,FY,1,A,Thursday,10:00,11:00,AI Fundamentals,Prof. Faculty 159,AU-127
2613,Diploma,Automobile Engineering,FY,1,A,Thursday,11:15,12:15,Python Programming,Prof. Faculty 220,AU-297
2614,Diploma,Automobile Engineering,FY,1,A,Thursday,12:15,01:15,Mathematics,Prof. Faculty 033,AU-140
2615,Diploma,Automobile Engineering,FY,1,A,Thursday,02:00,03:00,Machine Learning,Prof. Faculty 229,AU-176
2616,Diploma,Automobile Engineering,FY,1,A,Thursday,03:00,04:00,Surveying,Prof. Faculty 114,AU-107
2617,Diploma,Automobile Engineering,FY,1,A,Friday,09:00,10:00,Project Lab,Prof. Faculty 131,AU-274
2618,Diploma,Automobile Engineering,FY,1,A,Friday,10:00,11:00,Surveying,Prof. Faculty 217,AU-142
2619,Diploma,Automobile Engineering,FY,1,A,Friday,11:15,12:15,Physics,Prof. Faculty 162,AU-204
2620,Diploma,Automobile Engineering,FY,1,A,Friday,12:15,01:15,Cyber Security,Prof. Faculty 149,AU-103
2621,Diploma,Automobile Engineering,FY,1,A,Friday,02:00,03:00,Data Structures,Prof. Faculty 194,AU-262
2622,Diploma,Automobile Engineering,FY,1,A,Friday,03:00,04:00,Physics,Prof. Faculty 021,AU-137
2623,Diploma,Automobile Engineering,FY,1,A,Saturday,09:00,10:00,Web Development,Prof. Faculty 092,AU-113
2624,Diploma,Automobile Engineering,FY,1,A,Saturday,10:00,11:00,Computer Networks,Prof. Faculty 027,AU-293
2625,Diploma,Automobile Engineering,FY,1,A,Saturday,11:15,12:15,Project Lab,Prof. Faculty 195,AU-320
2626,Diploma,Automobile Engineering,FY,1,A,Saturday,12:15,01:15,Machine Learning,Prof. Faculty 223,AU-109
2627,Diploma,Automobile Engineering,FY,1,A,Saturday,02:00,03:00,Software Engineering,Prof. Faculty 086,AU-304
2628,Diploma,Automobile Engineering,FY,1,A,Saturday,03:00,04:00,Operating Systems,Prof. Faculty 118,AU-162
2629,Diploma,Automobile Engineering,FY,1,B,Monday,09:00,10:00,AI Fundamentals,Prof. Faculty 063,AU-229
2630,Diploma,Automobile Engineering,FY,1,B,Monday,10:00,11:00,CAD/CAM,Prof. Faculty 065,AU-274
2631,Diploma,Automobile Engineering,FY,1,B,Monday,11:15,12:15,Project Lab,Prof. Faculty 016,AU-292
2632,Diploma,Automobile Engineering,FY,1,B,Monday,12:15,01:15,Computer Networks,Prof. Faculty 014,AU-121
2633,Diploma,Automobile Engineering,FY,1,B,Monday,02:00,03:00,Machine Learning,Prof. Faculty 228,AU-267
2634,Diploma,Automobile Engineering,FY,1,B,Monday,03:00,04:00,Python Programming,Prof. Faculty 015,AU-157
2635,Diploma,Automobile Engineering,FY,1,B,Tuesday,09:00,10:00,AI Fundamentals,Prof. Faculty 093,AU-282
2636,Diploma,Automobile Engineering,FY,1,B,Tuesday,10:00,11:00,Computer Networks,Prof. Faculty 193,AU-249
2637,Diploma,Automobile Engineering,FY,1,B,Tuesday,11:15,12:15,Computer Networks,Prof. Faculty 073,AU-216
2638,Diploma,Automobile Engineering,FY,1,B,Tuesday,12:15,01:15,Project Lab,Prof. Faculty 186,AU-174
2639,Diploma,Automobile Engineering,FY,1,B,Tuesday,02:00,03:00,Operating Systems,Prof. Faculty 094,AU-283
2640,Diploma,Automobile Engineering,FY,1,B,Tuesday,03:00,04:00,Software Engineering,Prof. Faculty 002,AU-163
2641,Diploma,Automobile Engineering,FY,1,B,Wednesday,09:00,10:00,Machine Learning,Prof. Faculty 217,AU-208
2642,Diploma,Automobile Engineering,FY,1,B,Wednesday,10:00,11:00,Machine Learning,Prof. Faculty 098,AU-277
2643,Diploma,Automobile Engineering,FY,1,B,Wednesday,11:15,12:15,CAD/CAM,Prof. Faculty 166,AU-154
2644,Diploma,Automobile Engineering,FY,1,B,Wednesday,12:15,01:15,Python Programming,Prof. Faculty 229,AU-189
2645,Diploma,Automobile Engineering,FY,1,B,Wednesday,02:00,03:00,Project Lab,Prof. Faculty 175,AU-237
2646,Diploma,Automobile Engineering,FY,1,B,Wednesday,03:00,04:00,Data Structures,Prof. Faculty 124,AU-182
2647,Diploma,Automobile Engineering,FY,1,B,Thursday,09:00,10:00,Cloud Computing,Prof. Faculty 212,AU-122
2648,Diploma,Automobile Engineering,FY,1,B,Thursday,10:00,11:00,Surveying,Prof. Faculty 040,AU-319
2649,Diploma,Automobile Engineering,FY,1,B,Thursday,11:15,12:15,Cloud Computing,Prof. Faculty 056,AU-250
2650,Diploma,Automobile Engineering,FY,1,B,Thursday,12:15,01:15,Physics,Prof. Faculty 238,AU-140
2651,Diploma,Automobile Engineering,FY,1,B,Thursday,02:00,03:00,Project Lab,Prof. Faculty 177,AU-131
2652,Diploma,Automobile Engineering,FY,1,B,Thursday,03:00,04:00,Surveying,Prof. Faculty 005,AU-305
2653,Diploma,Automobile Engineering,FY,1,B,Friday,09:00,10:00,Python Programming,Prof. Faculty 037,AU-101
2654,Diploma,Automobile Engineering,FY,1,B,Friday,10:00,11:00,Data Structures,Prof. Faculty 101,AU-295
2655,Diploma,Automobile Engineering,FY,1,B,Friday,11:15,12:15,Mathematics,Prof. Faculty 071,AU-218
2656,Diploma,Automobile Engineering,FY,1,B,Friday,12:15,01:15,Operating Systems,Prof. Faculty 223,AU-151
2657,Diploma,Automobile Engineering,FY,1,B,Friday,02:00,03:00,Software Engineering,Prof. Faculty 031,AU-291
2658,Diploma,Automobile Engineering,FY,1,B,Friday,03:00,04:00,Python Programming,Prof. Faculty 045,AU-288
2659,Diploma,Automobile Engineering,FY,1,B,Saturday,09:00,10:00,Operating Systems,Prof. Faculty 235,AU-114
2660,Diploma,Automobile Engineering,FY,1,B,Saturday,10:00,11:00,DBMS,Prof. Faculty 246,AU-123
2661,Diploma,Automobile Engineering,FY,1,B,Saturday,11:15,12:15,Cloud Computing,Prof. Faculty 047,AU-230
2662,Diploma,Automobile Engineering,FY,1,B,Saturday,12:15,01:15,Web Development,Prof. Faculty 215,AU-243
2663,Diploma,Automobile Engineering,FY,1,B,Saturday,02:00,03:00,Project Lab,Prof. Faculty 005,AU-118
2664,Diploma,Automobile Engineering,FY,1,B,Saturday,03:00,04:00,Data Structures,Prof. Faculty 207,AU-105
2665,Diploma,Automobile Engineering,FY,2,A,Monday,09:00,10:00,Project Lab,Prof. Faculty 209,AU-115
2666,Diploma,Automobile Engineering,FY,2,A,Monday,10:00,11:00,DBMS,Prof. Faculty 176,AU-315
2667,Diploma,Automobile Engineering,FY,2,A,Monday,11:15,12:15,Cyber Security,Prof. Faculty 169,AU-238
2668,Diploma,Automobile Engineering,FY,2,A,Monday,12:15,01:15,DBMS,Prof. Faculty 237,AU-249
2669,Diploma,Automobile Engineering,FY,2,A,Monday,02:00,03:00,Computer Networks,Prof. Faculty 149,AU-121
2670,Diploma,Automobile Engineering,FY,2,A,Monday,03:00,04:00,Mathematics,Prof. Faculty 242,AU-120
2671,Diploma,Automobile Engineering,FY,2,A,Tuesday,09:00,10:00,Cloud Computing,Prof. Faculty 192,AU-191
2672,Diploma,Automobile Engineering,FY,2,A,Tuesday,10:00,11:00,DBMS,Prof. Faculty 220,AU-156
2673,Diploma,Automobile Engineering,FY,2,A,Tuesday,11:15,12:15,Java Programming,Prof. Faculty 019,AU-289
2674,Diploma,Automobile Engineering,FY,2,A,Tuesday,12:15,01:15,AI Fundamentals,Prof. Faculty 235,AU-213
2675,Diploma,Automobile Engineering,FY,2,A,Tuesday,02:00,03:00,Computer Networks,Prof. Faculty 074,AU-282
2676,Diploma,Automobile Engineering,FY,2,A,Tuesday,03:00,04:00,DBMS,Prof. Faculty 226,AU-316
2677,Diploma,Automobile Engineering,FY,2,A,Wednesday,09:00,10:00,Machine Learning,Prof. Faculty 011,AU-284
2678,Diploma,Automobile Engineering,FY,2,A,Wednesday,10:00,11:00,Machine Learning,Prof. Faculty 119,AU-306
2679,Diploma,Automobile Engineering,FY,2,A,Wednesday,11:15,12:15,Electrical Machines,Prof. Faculty 046,AU-157
2680,Diploma,Automobile Engineering,FY,2,A,Wednesday,12:15,01:15,Software Engineering,Prof. Faculty 165,AU-147
2681,Diploma,Automobile Engineering,FY,2,A,Wednesday,02:00,03:00,Surveying,Prof. Faculty 171,AU-220
2682,Diploma,Automobile Engineering,FY,2,A,Wednesday,03:00,04:00,Data Structures,Prof. Faculty 056,AU-296
2683,Diploma,Automobile Engineering,FY,2,A,Thursday,09:00,10:00,Python Programming,Prof. Faculty 109,AU-187
2684,Diploma,Automobile Engineering,FY,2,A,Thursday,10:00,11:00,Web Development,Prof. Faculty 074,AU-277
2685,Diploma,Automobile Engineering,FY,2,A,Thursday,11:15,12:15,Thermodynamics,Prof. Faculty 147,AU-149
2686,Diploma,Automobile Engineering,FY,2,A,Thursday,12:15,01:15,Java Programming,Prof. Faculty 151,AU-114
2687,Diploma,Automobile Engineering,FY,2,A,Thursday,02:00,03:00,Digital Electronics,Prof. Faculty 014,AU-161
2688,Diploma,Automobile Engineering,FY,2,A,Thursday,03:00,04:00,Electrical Machines,Prof. Faculty 074,AU-179
2689,Diploma,Automobile Engineering,FY,2,A,Friday,09:00,10:00,Computer Networks,Prof. Faculty 002,AU-202
2690,Diploma,Automobile Engineering,FY,2,A,Friday,10:00,11:00,Surveying,Prof. Faculty 244,AU-287
2691,Diploma,Automobile Engineering,FY,2,A,Friday,11:15,12:15,Machine Learning,Prof. Faculty 003,AU-172
2692,Diploma,Automobile Engineering,FY,2,A,Friday,12:15,01:15,Physics,Prof. Faculty 015,AU-172
2693,Diploma,Automobile Engineering,FY,2,A,Friday,02:00,03:00,Mathematics,Prof. Faculty 036,AU-172
2694,Diploma,Automobile Engineering,FY,2,A,Friday,03:00,04:00,Cyber Security,Prof. Faculty 114,AU-161
2695,Diploma,Automobile Engineering,FY,2,A,Saturday,09:00,10:00,CAD/CAM,Prof. Faculty 005,AU-238
2696,Diploma,Automobile Engineering,FY,2,A,Saturday,10:00,11:00,CAD/CAM,Prof. Faculty 018,AU-263
2697,Diploma,Automobile Engineering,FY,2,A,Saturday,11:15,12:15,Machine Learning,Prof. Faculty 228,AU-115
2698,Diploma,Automobile Engineering,FY,2,A,Saturday,12:15,01:15,Data Structures,Prof. Faculty 035,AU-202
2699,Diploma,Automobile Engineering,FY,2,A,Saturday,02:00,03:00,Physics,Prof. Faculty 055,AU-311
2700,Diploma,Automobile Engineering,FY,2,A,Saturday,03:00,04:00,Computer Networks,Prof. Faculty 081,AU-161
2701,Diploma,Automobile Engineering,FY,2,B,Monday,09:00,10:00,Python Programming,Prof. Faculty 006,AU-214
2702,Diploma,Automobile Engineering,FY,2,B,Monday,10:00,11:00,Digital Electronics,Prof. Faculty 191,AU-214
2703,Diploma,Automobile Engineering,FY,2,B,Monday,11:15,12:15,Physics,Prof. Faculty 150,AU-312
2704,Diploma,Automobile Engineering,FY,2,B,Monday,12:15,01:15,Operating Systems,Prof. Faculty 076,AU-101
2705,Diploma,Automobile Engineering,FY,2,B,Monday,02:00,03:00,Project Lab,Prof. Faculty 225,AU-153
2706,Diploma,Automobile Engineering,FY,2,B,Monday,03:00,04:00,Operating Systems,Prof. Faculty 058,AU-103
2707,Diploma,Automobile Engineering,FY,2,B,Tuesday,09:00,10:00,Digital Electronics,Prof. Faculty 019,AU-133
2708,Diploma,Automobile Engineering,FY,2,B,Tuesday,10:00,11:00,CAD/CAM,Prof. Faculty 201,AU-295
2709,Diploma,Automobile Engineering,FY,2,B,Tuesday,11:15,12:15,Operating Systems,Prof. Faculty 099,AU-256
2710,Diploma,Automobile Engineering,FY,2,B,Tuesday,12:15,01:15,Cloud Computing,Prof. Faculty 191,AU-129
2711,Diploma,Automobile Engineering,FY,2,B,Tuesday,02:00,03:00,AI Fundamentals,Prof. Faculty 019,AU-314
2712,Diploma,Automobile Engineering,FY,2,B,Tuesday,03:00,04:00,CAD/CAM,Prof. Faculty 005,AU-244
2713,Diploma,Automobile Engineering,FY,2,B,Wednesday,09:00,10:00,Computer Networks,Prof. Faculty 151,AU-187
2714,Diploma,Automobile Engineering,FY,2,B,Wednesday,10:00,11:00,Thermodynamics,Prof. Faculty 190,AU-211
2715,Diploma,Automobile Engineering,FY,2,B,Wednesday,11:15,12:15,Operating Systems,Prof. Faculty 034,AU-186
2716,Diploma,Automobile Engineering,FY,2,B,Wednesday,12:15,01:15,Thermodynamics,Prof. Faculty 012,AU-112
2717,Diploma,Automobile Engineering,FY,2,B,Wednesday,02:00,03:00,Thermodynamics,Prof. Faculty 203,AU-109
2718,Diploma,Automobile Engineering,FY,2,B,Wednesday,03:00,04:00,Digital Electronics,Prof. Faculty 225,AU-285
2719,Diploma,Automobile Engineering,FY,2,B,Thursday,09:00,10:00,Cloud Computing,Prof. Faculty 210,AU-153
2720,Diploma,Automobile Engineering,FY,2,B,Thursday,10:00,11:00,Web Development,Prof. Faculty 113,AU-108
2721,Diploma,Automobile Engineering,FY,2,B,Thursday,11:15,12:15,Cloud Computing,Prof. Faculty 202,AU-245
2722,Diploma,Automobile Engineering,FY,2,B,Thursday,12:15,01:15,Software Engineering,Prof. Faculty 132,AU-296
2723,Diploma,Automobile Engineering,FY,2,B,Thursday,02:00,03:00,Mathematics,Prof. Faculty 094,AU-117
2724,Diploma,Automobile Engineering,FY,2,B,Thursday,03:00,04:00,Software Engineering,Prof. Faculty 178,AU-270
2725,Diploma,Automobile Engineering,FY,2,B,Friday,09:00,10:00,Thermodynamics,Prof. Faculty 248,AU-121
2726,Diploma,Automobile Engineering,FY,2,B,Friday,10:00,11:00,DBMS,Prof. Faculty 177,AU-244
2727,Diploma,Automobile Engineering,FY,2,B,Friday,11:15,12:15,Software Engineering,Prof. Faculty 065,AU-272
2728,Diploma,Automobile Engineering,FY,2,B,Friday,12:15,01:15,Web Development,Prof. Faculty 009,AU-124
2729,Diploma,Automobile Engineering,FY,2,B,Friday,02:00,03:00,Cyber Security,Prof. Faculty 204,AU-216
2730,Diploma,Automobile Engineering,FY,2,B,Friday,03:00,04:00,Software Engineering,Prof. Faculty 247,AU-107
2731,Diploma,Automobile Engineering,FY,2,B,Saturday,09:00,10:00,Python Programming,Prof. Faculty 172,AU-127
2732,Diploma,Automobile Engineering,FY,2,B,Saturday,10:00,11:00,Python Programming,Prof. Faculty 075,AU-177
2733,Diploma,Automobile Engineering,FY,2,B,Saturday,11:15,12:15,DBMS,Prof. Faculty 128,AU-271
2734,Diploma,Automobile Engineering,FY,2,B,Saturday,12:15,01:15,Surveying,Prof. Faculty 044,AU-102
2735,Diploma,Automobile Engineering,FY,2,B,Saturday,02:00,03:00,Computer Networks,Prof. Faculty 033,AU-199
2736,Diploma,Automobile Engineering,FY,2,B,Saturday,03:00,04:00,Cloud Computing,Prof. Faculty 138,AU-307
2737,Diploma,Automobile Engineering,SY,3,A,Monday,09:00,10:00,Software Engineering,Prof. Faculty 094,AU-288
2738,Diploma,Automobile Engineering,SY,3,A,Monday,10:00,11:00,Operating Systems,Prof. Faculty 062,AU-115
2739,Diploma,Automobile Engineering,SY,3,A,Monday,11:15,12:15,Thermodynamics,Prof. Faculty 103,AU-193
2740,Diploma,Automobile Engineering,SY,3,A,Monday,12:15,01:15,CAD/CAM,Prof. Faculty 097,AU-309
2741,Diploma,Automobile Engineering,SY,3,A,Monday,02:00,03:00,DBMS,Prof. Faculty 128,AU-266
2742,Diploma,Automobile Engineering,SY,3,A,Monday,03:00,04:00,Physics,Prof. Faculty 188,AU-225
2743,Diploma,Automobile Engineering,SY,3,A,Tuesday,09:00,10:00,Mathematics,Prof. Faculty 041,AU-113
2744,Diploma,Automobile Engineering,SY,3,A,Tuesday,10:00,11:00,Electrical Machines,Prof. Faculty 164,AU-232
2745,Diploma,Automobile Engineering,SY,3,A,Tuesday,11:15,12:15,CAD/CAM,Prof. Faculty 183,AU-130
2746,Diploma,Automobile Engineering,SY,3,A,Tuesday,12:15,01:15,AI Fundamentals,Prof. Faculty 060,AU-313
2747,Diploma,Automobile Engineering,SY,3,A,Tuesday,02:00,03:00,Web Development,Prof. Faculty 054,AU-193
2748,Diploma,Automobile Engineering,SY,3,A,Tuesday,03:00,04:00,Surveying,Prof. Faculty 095,AU-120
2749,Diploma,Automobile Engineering,SY,3,A,Wednesday,09:00,10:00,Java Programming,Prof. Faculty 123,AU-231
2750,Diploma,Automobile Engineering,SY,3,A,Wednesday,10:00,11:00,Surveying,Prof. Faculty 161,AU-311
2751,Diploma,Automobile Engineering,SY,3,A,Wednesday,11:15,12:15,CAD/CAM,Prof. Faculty 191,AU-290
2752,Diploma,Automobile Engineering,SY,3,A,Wednesday,12:15,01:15,Operating Systems,Prof. Faculty 245,AU-213
2753,Diploma,Automobile Engineering,SY,3,A,Wednesday,02:00,03:00,Data Structures,Prof. Faculty 082,AU-243
2754,Diploma,Automobile Engineering,SY,3,A,Wednesday,03:00,04:00,Operating Systems,Prof. Faculty 190,AU-110
2755,Diploma,Automobile Engineering,SY,3,A,Thursday,09:00,10:00,Web Development,Prof. Faculty 196,AU-162
2756,Diploma,Automobile Engineering,SY,3,A,Thursday,10:00,11:00,CAD/CAM,Prof. Faculty 054,AU-122
2757,Diploma,Automobile Engineering,SY,3,A,Thursday,11:15,12:15,Digital Electronics,Prof. Faculty 067,AU-264
2758,Diploma,Automobile Engineering,SY,3,A,Thursday,12:15,01:15,Cloud Computing,Prof. Faculty 162,AU-278
2759,Diploma,Automobile Engineering,SY,3,A,Thursday,02:00,03:00,CAD/CAM,Prof. Faculty 204,AU-289
2760,Diploma,Automobile Engineering,SY,3,A,Thursday,03:00,04:00,Python Programming,Prof. Faculty 245,AU-316
2761,Diploma,Automobile Engineering,SY,3,A,Friday,09:00,10:00,Cloud Computing,Prof. Faculty 211,AU-130
2762,Diploma,Automobile Engineering,SY,3,A,Friday,10:00,11:00,Data Structures,Prof. Faculty 089,AU-158
2763,Diploma,Automobile Engineering,SY,3,A,Friday,11:15,12:15,CAD/CAM,Prof. Faculty 173,AU-320
2764,Diploma,Automobile Engineering,SY,3,A,Friday,12:15,01:15,Machine Learning,Prof. Faculty 175,AU-233
2765,Diploma,Automobile Engineering,SY,3,A,Friday,02:00,03:00,Electrical Machines,Prof. Faculty 229,AU-262
2766,Diploma,Automobile Engineering,SY,3,A,Friday,03:00,04:00,AI Fundamentals,Prof. Faculty 060,AU-277
2767,Diploma,Automobile Engineering,SY,3,A,Saturday,09:00,10:00,Project Lab,Prof. Faculty 066,AU-162
2768,Diploma,Automobile Engineering,SY,3,A,Saturday,10:00,11:00,Python Programming,Prof. Faculty 147,AU-141
2769,Diploma,Automobile Engineering,SY,3,A,Saturday,11:15,12:15,Surveying,Prof. Faculty 018,AU-152
2770,Diploma,Automobile Engineering,SY,3,A,Saturday,12:15,01:15,Data Structures,Prof. Faculty 047,AU-153
2771,Diploma,Automobile Engineering,SY,3,A,Saturday,02:00,03:00,CAD/CAM,Prof. Faculty 091,AU-160
2772,Diploma,Automobile Engineering,SY,3,A,Saturday,03:00,04:00,AI Fundamentals,Prof. Faculty 094,AU-107
2773,Diploma,Automobile Engineering,SY,3,B,Monday,09:00,10:00,Physics,Prof. Faculty 121,AU-155
2774,Diploma,Automobile Engineering,SY,3,B,Monday,10:00,11:00,Python Programming,Prof. Faculty 139,AU-276
2775,Diploma,Automobile Engineering,SY,3,B,Monday,11:15,12:15,Physics,Prof. Faculty 224,AU-108
2776,Diploma,Automobile Engineering,SY,3,B,Monday,12:15,01:15,Web Development,Prof. Faculty 094,AU-255
2777,Diploma,Automobile Engineering,SY,3,B,Monday,02:00,03:00,Computer Networks,Prof. Faculty 012,AU-316
2778,Diploma,Automobile Engineering,SY,3,B,Monday,03:00,04:00,Mathematics,Prof. Faculty 178,AU-236
2779,Diploma,Automobile Engineering,SY,3,B,Tuesday,09:00,10:00,AI Fundamentals,Prof. Faculty 214,AU-221
2780,Diploma,Automobile Engineering,SY,3,B,Tuesday,10:00,11:00,Operating Systems,Prof. Faculty 006,AU-229
2781,Diploma,Automobile Engineering,SY,3,B,Tuesday,11:15,12:15,Digital Electronics,Prof. Faculty 028,AU-230
2782,Diploma,Automobile Engineering,SY,3,B,Tuesday,12:15,01:15,Surveying,Prof. Faculty 002,AU-146
2783,Diploma,Automobile Engineering,SY,3,B,Tuesday,02:00,03:00,AI Fundamentals,Prof. Faculty 159,AU-277
2784,Diploma,Automobile Engineering,SY,3,B,Tuesday,03:00,04:00,Operating Systems,Prof. Faculty 184,AU-128
2785,Diploma,Automobile Engineering,SY,3,B,Wednesday,09:00,10:00,Operating Systems,Prof. Faculty 037,AU-201
2786,Diploma,Automobile Engineering,SY,3,B,Wednesday,10:00,11:00,CAD/CAM,Prof. Faculty 113,AU-199
2787,Diploma,Automobile Engineering,SY,3,B,Wednesday,11:15,12:15,Python Programming,Prof. Faculty 150,AU-191
2788,Diploma,Automobile Engineering,SY,3,B,Wednesday,12:15,01:15,Cyber Security,Prof. Faculty 025,AU-130
2789,Diploma,Automobile Engineering,SY,3,B,Wednesday,02:00,03:00,CAD/CAM,Prof. Faculty 151,AU-209
2790,Diploma,Automobile Engineering,SY,3,B,Wednesday,03:00,04:00,Electrical Machines,Prof. Faculty 249,AU-305
2791,Diploma,Automobile Engineering,SY,3,B,Thursday,09:00,10:00,Java Programming,Prof. Faculty 195,AU-107
2792,Diploma,Automobile Engineering,SY,3,B,Thursday,10:00,11:00,Digital Electronics,Prof. Faculty 041,AU-128
2793,Diploma,Automobile Engineering,SY,3,B,Thursday,11:15,12:15,Java Programming,Prof. Faculty 040,AU-245
2794,Diploma,Automobile Engineering,SY,3,B,Thursday,12:15,01:15,Java Programming,Prof. Faculty 198,AU-121
2795,Diploma,Automobile Engineering,SY,3,B,Thursday,02:00,03:00,CAD/CAM,Prof. Faculty 100,AU-227
2796,Diploma,Automobile Engineering,SY,3,B,Thursday,03:00,04:00,Cloud Computing,Prof. Faculty 023,AU-282
2797,Diploma,Automobile Engineering,SY,3,B,Friday,09:00,10:00,AI Fundamentals,Prof. Faculty 083,AU-258
2798,Diploma,Automobile Engineering,SY,3,B,Friday,10:00,11:00,Python Programming,Prof. Faculty 067,AU-206
2799,Diploma,Automobile Engineering,SY,3,B,Friday,11:15,12:15,AI Fundamentals,Prof. Faculty 016,AU-116
2800,Diploma,Automobile Engineering,SY,3,B,Friday,12:15,01:15,AI Fundamentals,Prof. Faculty 086,AU-145
2801,Diploma,Automobile Engineering,SY,3,B,Friday,02:00,03:00,Machine Learning,Prof. Faculty 118,AU-241
2802,Diploma,Automobile Engineering,SY,3,B,Friday,03:00,04:00,Digital Electronics,Prof. Faculty 242,AU-266
2803,Diploma,Automobile Engineering,SY,3,B,Saturday,09:00,10:00,Operating Systems,Prof. Faculty 073,AU-236
2804,Diploma,Automobile Engineering,SY,3,B,Saturday,10:00,11:00,DBMS,Prof. Faculty 208,AU-157
2805,Diploma,Automobile Engineering,SY,3,B,Saturday,11:15,12:15,Machine Learning,Prof. Faculty 048,AU-210
2806,Diploma,Automobile Engineering,SY,3,B,Saturday,12:15,01:15,Cloud Computing,Prof. Faculty 083,AU-138
2807,Diploma,Automobile Engineering,SY,3,B,Saturday,02:00,03:00,Digital Electronics,Prof. Faculty 078,AU-150
2808,Diploma,Automobile Engineering,SY,3,B,Saturday,03:00,04:00,Data Structures,Prof. Faculty 064,AU-239
2809,Diploma,Automobile Engineering,SY,4,A,Monday,09:00,10:00,Electrical Machines,Prof. Faculty 177,AU-196
2810,Diploma,Automobile Engineering,SY,4,A,Monday,10:00,11:00,Physics,Prof. Faculty 040,AU-202
2811,Diploma,Automobile Engineering,SY,4,A,Monday,11:15,12:15,Computer Networks,Prof. Faculty 129,AU-269
2812,Diploma,Automobile Engineering,SY,4,A,Monday,12:15,01:15,Cyber Security,Prof. Faculty 012,AU-248
2813,Diploma,Automobile Engineering,SY,4,A,Monday,02:00,03:00,Cyber Security,Prof. Faculty 011,AU-222
2814,Diploma,Automobile Engineering,SY,4,A,Monday,03:00,04:00,Thermodynamics,Prof. Faculty 042,AU-298
2815,Diploma,Automobile Engineering,SY,4,A,Tuesday,09:00,10:00,Cloud Computing,Prof. Faculty 159,AU-199
2816,Diploma,Automobile Engineering,SY,4,A,Tuesday,10:00,11:00,Software Engineering,Prof. Faculty 173,AU-158
2817,Diploma,Automobile Engineering,SY,4,A,Tuesday,11:15,12:15,Software Engineering,Prof. Faculty 202,AU-255
2818,Diploma,Automobile Engineering,SY,4,A,Tuesday,12:15,01:15,Machine Learning,Prof. Faculty 084,AU-284
2819,Diploma,Automobile Engineering,SY,4,A,Tuesday,02:00,03:00,Java Programming,Prof. Faculty 153,AU-258
2820,Diploma,Automobile Engineering,SY,4,A,Tuesday,03:00,04:00,Software Engineering,Prof. Faculty 050,AU-125
2821,Diploma,Automobile Engineering,SY,4,A,Wednesday,09:00,10:00,AI Fundamentals,Prof. Faculty 066,AU-202
2822,Diploma,Automobile Engineering,SY,4,A,Wednesday,10:00,11:00,Physics,Prof. Faculty 140,AU-190
2823,Diploma,Automobile Engineering,SY,4,A,Wednesday,11:15,12:15,Physics,Prof. Faculty 121,AU-228
2824,Diploma,Automobile Engineering,SY,4,A,Wednesday,12:15,01:15,Cloud Computing,Prof. Faculty 125,AU-305
2825,Diploma,Automobile Engineering,SY,4,A,Wednesday,02:00,03:00,Machine Learning,Prof. Faculty 125,AU-217
2826,Diploma,Automobile Engineering,SY,4,A,Wednesday,03:00,04:00,Mathematics,Prof. Faculty 064,AU-259
2827,Diploma,Automobile Engineering,SY,4,A,Thursday,09:00,10:00,Data Structures,Prof. Faculty 008,AU-215
2828,Diploma,Automobile Engineering,SY,4,A,Thursday,10:00,11:00,CAD/CAM,Prof. Faculty 022,AU-250
2829,Diploma,Automobile Engineering,SY,4,A,Thursday,11:15,12:15,Operating Systems,Prof. Faculty 024,AU-131
2830,Diploma,Automobile Engineering,SY,4,A,Thursday,12:15,01:15,Python Programming,Prof. Faculty 233,AU-130
2831,Diploma,Automobile Engineering,SY,4,A,Thursday,02:00,03:00,Digital Electronics,Prof. Faculty 163,AU-267
2832,Diploma,Automobile Engineering,SY,4,A,Thursday,03:00,04:00,Computer Networks,Prof. Faculty 151,AU-302
2833,Diploma,Automobile Engineering,SY,4,A,Friday,09:00,10:00,Python Programming,Prof. Faculty 086,AU-106
2834,Diploma,Automobile Engineering,SY,4,A,Friday,10:00,11:00,CAD/CAM,Prof. Faculty 112,AU-245
2835,Diploma,Automobile Engineering,SY,4,A,Friday,11:15,12:15,CAD/CAM,Prof. Faculty 165,AU-126
2836,Diploma,Automobile Engineering,SY,4,A,Friday,12:15,01:15,Machine Learning,Prof. Faculty 174,AU-260
2837,Diploma,Automobile Engineering,SY,4,A,Friday,02:00,03:00,Computer Networks,Prof. Faculty 103,AU-254
2838,Diploma,Automobile Engineering,SY,4,A,Friday,03:00,04:00,DBMS,Prof. Faculty 247,AU-157
2839,Diploma,Automobile Engineering,SY,4,A,Saturday,09:00,10:00,Electrical Machines,Prof. Faculty 112,AU-193
2840,Diploma,Automobile Engineering,SY,4,A,Saturday,10:00,11:00,Project Lab,Prof. Faculty 166,AU-126
2841,Diploma,Automobile Engineering,SY,4,A,Saturday,11:15,12:15,Surveying,Prof. Faculty 164,AU-305
2842,Diploma,Automobile Engineering,SY,4,A,Saturday,12:15,01:15,CAD/CAM,Prof. Faculty 113,AU-211
2843,Diploma,Automobile Engineering,SY,4,A,Saturday,02:00,03:00,Surveying,Prof. Faculty 227,AU-302
2844,Diploma,Automobile Engineering,SY,4,A,Saturday,03:00,04:00,Thermodynamics,Prof. Faculty 058,AU-276
2845,Diploma,Automobile Engineering,SY,4,B,Monday,09:00,10:00,Cloud Computing,Prof. Faculty 013,AU-314
2846,Diploma,Automobile Engineering,SY,4,B,Monday,10:00,11:00,Electrical Machines,Prof. Faculty 228,AU-158
2847,Diploma,Automobile Engineering,SY,4,B,Monday,11:15,12:15,Digital Electronics,Prof. Faculty 235,AU-156
2848,Diploma,Automobile Engineering,SY,4,B,Monday,12:15,01:15,Computer Networks,Prof. Faculty 010,AU-253
2849,Diploma,Automobile Engineering,SY,4,B,Monday,02:00,03:00,Machine Learning,Prof. Faculty 240,AU-114
2850,Diploma,Automobile Engineering,SY,4,B,Monday,03:00,04:00,DBMS,Prof. Faculty 028,AU-297
2851,Diploma,Automobile Engineering,SY,4,B,Tuesday,09:00,10:00,Electrical Machines,Prof. Faculty 141,AU-131
2852,Diploma,Automobile Engineering,SY,4,B,Tuesday,10:00,11:00,Machine Learning,Prof. Faculty 247,AU-303
2853,Diploma,Automobile Engineering,SY,4,B,Tuesday,11:15,12:15,DBMS,Prof. Faculty 055,AU-298
2854,Diploma,Automobile Engineering,SY,4,B,Tuesday,12:15,01:15,Java Programming,Prof. Faculty 102,AU-280
2855,Diploma,Automobile Engineering,SY,4,B,Tuesday,02:00,03:00,Operating Systems,Prof. Faculty 044,AU-210
2856,Diploma,Automobile Engineering,SY,4,B,Tuesday,03:00,04:00,Cloud Computing,Prof. Faculty 112,AU-302
2857,Diploma,Automobile Engineering,SY,4,B,Wednesday,09:00,10:00,DBMS,Prof. Faculty 015,AU-126
2858,Diploma,Automobile Engineering,SY,4,B,Wednesday,10:00,11:00,Digital Electronics,Prof. Faculty 024,AU-221
2859,Diploma,Automobile Engineering,SY,4,B,Wednesday,11:15,12:15,Project Lab,Prof. Faculty 122,AU-136
2860,Diploma,Automobile Engineering,SY,4,B,Wednesday,12:15,01:15,AI Fundamentals,Prof. Faculty 234,AU-134
2861,Diploma,Automobile Engineering,SY,4,B,Wednesday,02:00,03:00,Software Engineering,Prof. Faculty 024,AU-170
2862,Diploma,Automobile Engineering,SY,4,B,Wednesday,03:00,04:00,Mathematics,Prof. Faculty 048,AU-289
2863,Diploma,Automobile Engineering,SY,4,B,Thursday,09:00,10:00,Electrical Machines,Prof. Faculty 128,AU-226
2864,Diploma,Automobile Engineering,SY,4,B,Thursday,10:00,11:00,DBMS,Prof. Faculty 127,AU-113
2865,Diploma,Automobile Engineering,SY,4,B,Thursday,11:15,12:15,Mathematics,Prof. Faculty 146,AU-134
2866,Diploma,Automobile Engineering,SY,4,B,Thursday,12:15,01:15,Machine Learning,Prof. Faculty 022,AU-254
2867,Diploma,Automobile Engineering,SY,4,B,Thursday,02:00,03:00,Machine Learning,Prof. Faculty 148,AU-291
2868,Diploma,Automobile Engineering,SY,4,B,Thursday,03:00,04:00,Cyber Security,Prof. Faculty 245,AU-253
2869,Diploma,Automobile Engineering,SY,4,B,Friday,09:00,10:00,Physics,Prof. Faculty 246,AU-149
2870,Diploma,Automobile Engineering,SY,4,B,Friday,10:00,11:00,Cloud Computing,Prof. Faculty 148,AU-262
2871,Diploma,Automobile Engineering,SY,4,B,Friday,11:15,12:15,Software Engineering,Prof. Faculty 227,AU-290
2872,Diploma,Automobile Engineering,SY,4,B,Friday,12:15,01:15,Physics,Prof. Faculty 101,AU-118
2873,Diploma,Automobile Engineering,SY,4,B,Friday,02:00,03:00,AI Fundamentals,Prof. Faculty 081,AU-129
2874,Diploma,Automobile Engineering,SY,4,B,Friday,03:00,04:00,Physics,Prof. Faculty 009,AU-176
2875,Diploma,Automobile Engineering,SY,4,B,Saturday,09:00,10:00,Python Programming,Prof. Faculty 116,AU-282
2876,Diploma,Automobile Engineering,SY,4,B,Saturday,10:00,11:00,DBMS,Prof. Faculty 246,AU-131
2877,Diploma,Automobile Engineering,SY,4,B,Saturday,11:15,12:15,Machine Learning,Prof. Faculty 146,AU-195
2878,Diploma,Automobile Engineering,SY,4,B,Saturday,12:15,01:15,Web Development,Prof. Faculty 224,AU-235
2879,Diploma,Automobile Engineering,SY,4,B,Saturday,02:00,03:00,Computer Networks,Prof. Faculty 244,AU-221
2880,Diploma,Automobile Engineering,SY,4,B,Saturday,03:00,04:00,Java Programming,Prof. Faculty 067,AU-101
2881,Diploma,Automobile Engineering,TY,5,A,Monday,09:00,10:00,Machine Learning,Prof. Faculty 025,AU-143
2882,Diploma,Automobile Engineering,TY,5,A,Monday,10:00,11:00,Surveying,Prof. Faculty 129,AU-151
2883,Diploma,Automobile Engineering,TY,5,A,Monday,11:15,12:15,Python Programming,Prof. Faculty 248,AU-168
2884,Diploma,Automobile Engineering,TY,5,A,Monday,12:15,01:15,Cyber Security,Prof. Faculty 214,AU-261
2885,Diploma,Automobile Engineering,TY,5,A,Monday,02:00,03:00,Thermodynamics,Prof. Faculty 016,AU-134
2886,Diploma,Automobile Engineering,TY,5,A,Monday,03:00,04:00,Operating Systems,Prof. Faculty 135,AU-258
2887,Diploma,Automobile Engineering,TY,5,A,Tuesday,09:00,10:00,Software Engineering,Prof. Faculty 203,AU-138
2888,Diploma,Automobile Engineering,TY,5,A,Tuesday,10:00,11:00,Computer Networks,Prof. Faculty 105,AU-248
2889,Diploma,Automobile Engineering,TY,5,A,Tuesday,11:15,12:15,Project Lab,Prof. Faculty 127,AU-279
2890,Diploma,Automobile Engineering,TY,5,A,Tuesday,12:15,01:15,Physics,Prof. Faculty 189,AU-102
2891,Diploma,Automobile Engineering,TY,5,A,Tuesday,02:00,03:00,Mathematics,Prof. Faculty 022,AU-158
2892,Diploma,Automobile Engineering,TY,5,A,Tuesday,03:00,04:00,Data Structures,Prof. Faculty 217,AU-310
2893,Diploma,Automobile Engineering,TY,5,A,Wednesday,09:00,10:00,Electrical Machines,Prof. Faculty 246,AU-274
2894,Diploma,Automobile Engineering,TY,5,A,Wednesday,10:00,11:00,DBMS,Prof. Faculty 068,AU-127
2895,Diploma,Automobile Engineering,TY,5,A,Wednesday,11:15,12:15,Thermodynamics,Prof. Faculty 233,AU-243
2896,Diploma,Automobile Engineering,TY,5,A,Wednesday,12:15,01:15,CAD/CAM,Prof. Faculty 103,AU-121
2897,Diploma,Automobile Engineering,TY,5,A,Wednesday,02:00,03:00,Surveying,Prof. Faculty 024,AU-240
2898,Diploma,Automobile Engineering,TY,5,A,Wednesday,03:00,04:00,Surveying,Prof. Faculty 202,AU-130
2899,Diploma,Automobile Engineering,TY,5,A,Thursday,09:00,10:00,Mathematics,Prof. Faculty 171,AU-245
2900,Diploma,Automobile Engineering,TY,5,A,Thursday,10:00,11:00,Cyber Security,Prof. Faculty 084,AU-247
2901,Diploma,Automobile Engineering,TY,5,A,Thursday,11:15,12:15,Digital Electronics,Prof. Faculty 130,AU-302
2902,Diploma,Automobile Engineering,TY,5,A,Thursday,12:15,01:15,CAD/CAM,Prof. Faculty 210,AU-136
2903,Diploma,Automobile Engineering,TY,5,A,Thursday,02:00,03:00,Cloud Computing,Prof. Faculty 201,AU-112
2904,Diploma,Automobile Engineering,TY,5,A,Thursday,03:00,04:00,Surveying,Prof. Faculty 232,AU-192
2905,Diploma,Automobile Engineering,TY,5,A,Friday,09:00,10:00,Cyber Security,Prof. Faculty 234,AU-105
2906,Diploma,Automobile Engineering,TY,5,A,Friday,10:00,11:00,Thermodynamics,Prof. Faculty 080,AU-211
2907,Diploma,Automobile Engineering,TY,5,A,Friday,11:15,12:15,Thermodynamics,Prof. Faculty 129,AU-101
2908,Diploma,Automobile Engineering,TY,5,A,Friday,12:15,01:15,DBMS,Prof. Faculty 204,AU-178
2909,Diploma,Automobile Engineering,TY,5,A,Friday,02:00,03:00,Computer Networks,Prof. Faculty 143,AU-230
2910,Diploma,Automobile Engineering,TY,5,A,Friday,03:00,04:00,Project Lab,Prof. Faculty 176,AU-250
2911,Diploma,Automobile Engineering,TY,5,A,Saturday,09:00,10:00,Digital Electronics,Prof. Faculty 026,AU-147
2912,Diploma,Automobile Engineering,TY,5,A,Saturday,10:00,11:00,Thermodynamics,Prof. Faculty 090,AU-291
2913,Diploma,Automobile Engineering,TY,5,A,Saturday,11:15,12:15,DBMS,Prof. Faculty 178,AU-195
2914,Diploma,Automobile Engineering,TY,5,A,Saturday,12:15,01:15,Mathematics,Prof. Faculty 224,AU-225
2915,Diploma,Automobile Engineering,TY,5,A,Saturday,02:00,03:00,Thermodynamics,Prof. Faculty 128,AU-286
2916,Diploma,Automobile Engineering,TY,5,A,Saturday,03:00,04:00,Java Programming,Prof. Faculty 103,AU-240
2917,Diploma,Automobile Engineering,TY,5,B,Monday,09:00,10:00,Cyber Security,Prof. Faculty 216,AU-220
2918,Diploma,Automobile Engineering,TY,5,B,Monday,10:00,11:00,CAD/CAM,Prof. Faculty 012,AU-114
2919,Diploma,Automobile Engineering,TY,5,B,Monday,11:15,12:15,Cloud Computing,Prof. Faculty 046,AU-309
2920,Diploma,Automobile Engineering,TY,5,B,Monday,12:15,01:15,Machine Learning,Prof. Faculty 030,AU-119
2921,Diploma,Automobile Engineering,TY,5,B,Monday,02:00,03:00,Web Development,Prof. Faculty 021,AU-269
2922,Diploma,Automobile Engineering,TY,5,B,Monday,03:00,04:00,CAD/CAM,Prof. Faculty 234,AU-244
2923,Diploma,Automobile Engineering,TY,5,B,Tuesday,09:00,10:00,Thermodynamics,Prof. Faculty 148,AU-282
2924,Diploma,Automobile Engineering,TY,5,B,Tuesday,10:00,11:00,Cloud Computing,Prof. Faculty 211,AU-175
2925,Diploma,Automobile Engineering,TY,5,B,Tuesday,11:15,12:15,Cloud Computing,Prof. Faculty 153,AU-266
2926,Diploma,Automobile Engineering,TY,5,B,Tuesday,12:15,01:15,AI Fundamentals,Prof. Faculty 039,AU-315
2927,Diploma,Automobile Engineering,TY,5,B,Tuesday,02:00,03:00,Physics,Prof. Faculty 114,AU-129
2928,Diploma,Automobile Engineering,TY,5,B,Tuesday,03:00,04:00,Electrical Machines,Prof. Faculty 011,AU-218
2929,Diploma,Automobile Engineering,TY,5,B,Wednesday,09:00,10:00,DBMS,Prof. Faculty 066,AU-102
2930,Diploma,Automobile Engineering,TY,5,B,Wednesday,10:00,11:00,Java Programming,Prof. Faculty 126,AU-199
2931,Diploma,Automobile Engineering,TY,5,B,Wednesday,11:15,12:15,Digital Electronics,Prof. Faculty 115,AU-286
2932,Diploma,Automobile Engineering,TY,5,B,Wednesday,12:15,01:15,Cyber Security,Prof. Faculty 155,AU-298
2933,Diploma,Automobile Engineering,TY,5,B,Wednesday,02:00,03:00,Project Lab,Prof. Faculty 175,AU-166
2934,Diploma,Automobile Engineering,TY,5,B,Wednesday,03:00,04:00,Software Engineering,Prof. Faculty 210,AU-132
2935,Diploma,Automobile Engineering,TY,5,B,Thursday,09:00,10:00,Software Engineering,Prof. Faculty 226,AU-275
2936,Diploma,Automobile Engineering,TY,5,B,Thursday,10:00,11:00,Electrical Machines,Prof. Faculty 231,AU-206
2937,Diploma,Automobile Engineering,TY,5,B,Thursday,11:15,12:15,Surveying,Prof. Faculty 059,AU-158
2938,Diploma,Automobile Engineering,TY,5,B,Thursday,12:15,01:15,Web Development,Prof. Faculty 185,AU-221
2939,Diploma,Automobile Engineering,TY,5,B,Thursday,02:00,03:00,Software Engineering,Prof. Faculty 103,AU-105
2940,Diploma,Automobile Engineering,TY,5,B,Thursday,03:00,04:00,Electrical Machines,Prof. Faculty 184,AU-306
2941,Diploma,Automobile Engineering,TY,5,B,Friday,09:00,10:00,Python Programming,Prof. Faculty 038,AU-212
2942,Diploma,Automobile Engineering,TY,5,B,Friday,10:00,11:00,Java Programming,Prof. Faculty 038,AU-267
2943,Diploma,Automobile Engineering,TY,5,B,Friday,11:15,12:15,AI Fundamentals,Prof. Faculty 099,AU-137
2944,Diploma,Automobile Engineering,TY,5,B,Friday,12:15,01:15,Mathematics,Prof. Faculty 099,AU-312
2945,Diploma,Automobile Engineering,TY,5,B,Friday,02:00,03:00,Cyber Security,Prof. Faculty 194,AU-193
2946,Diploma,Automobile Engineering,TY,5,B,Friday,03:00,04:00,Project Lab,Prof. Faculty 087,AU-119
2947,Diploma,Automobile Engineering,TY,5,B,Saturday,09:00,10:00,Java Programming,Prof. Faculty 013,AU-154
2948,Diploma,Automobile Engineering,TY,5,B,Saturday,10:00,11:00,Data Structures,Prof. Faculty 031,AU-199
2949,Diploma,Automobile Engineering,TY,5,B,Saturday,11:15,12:15,DBMS,Prof. Faculty 121,AU-242
2950,Diploma,Automobile Engineering,TY,5,B,Saturday,12:15,01:15,Surveying,Prof. Faculty 051,AU-302
2951,Diploma,Automobile Engineering,TY,5,B,Saturday,02:00,03:00,Data Structures,Prof. Faculty 230,AU-132
2952,Diploma,Automobile Engineering,TY,5,B,Saturday,03:00,04:00,Software Engineering,Prof. Faculty 224,AU-201
2953,Diploma,Automobile Engineering,TY,6,A,Monday,09:00,10:00,Project Lab,Prof. Faculty 233,AU-180
2954,Diploma,Automobile Engineering,TY,6,A,Monday,10:00,11:00,Digital Electronics,Prof. Faculty 067,AU-156
2955,Diploma,Automobile Engineering,TY,6,A,Monday,11:15,12:15,Operating Systems,Prof. Faculty 016,AU-139
2956,Diploma,Automobile Engineering,TY,6,A,Monday,12:15,01:15,CAD/CAM,Prof. Faculty 046,AU-238
2957,Diploma,Automobile Engineering,TY,6,A,Monday,02:00,03:00,Software Engineering,Prof. Faculty 196,AU-161
2958,Diploma,Automobile Engineering,TY,6,A,Monday,03:00,04:00,Thermodynamics,Prof. Faculty 005,AU-235
2959,Diploma,Automobile Engineering,TY,6,A,Tuesday,09:00,10:00,Data Structures,Prof. Faculty 066,AU-319
2960,Diploma,Automobile Engineering,TY,6,A,Tuesday,10:00,11:00,Data Structures,Prof. Faculty 154,AU-103
2961,Diploma,Automobile Engineering,TY,6,A,Tuesday,11:15,12:15,Mathematics,Prof. Faculty 071,AU-308
2962,Diploma,Automobile Engineering,TY,6,A,Tuesday,12:15,01:15,Digital Electronics,Prof. Faculty 047,AU-162
2963,Diploma,Automobile Engineering,TY,6,A,Tuesday,02:00,03:00,Mathematics,Prof. Faculty 085,AU-211
2964,Diploma,Automobile Engineering,TY,6,A,Tuesday,03:00,04:00,Digital Electronics,Prof. Faculty 190,AU-137
2965,Diploma,Automobile Engineering,TY,6,A,Wednesday,09:00,10:00,Digital Electronics,Prof. Faculty 225,AU-154
2966,Diploma,Automobile Engineering,TY,6,A,Wednesday,10:00,11:00,Data Structures,Prof. Faculty 049,AU-142
2967,Diploma,Automobile Engineering,TY,6,A,Wednesday,11:15,12:15,Java Programming,Prof. Faculty 081,AU-248
2968,Diploma,Automobile Engineering,TY,6,A,Wednesday,12:15,01:15,Operating Systems,Prof. Faculty 222,AU-279
2969,Diploma,Automobile Engineering,TY,6,A,Wednesday,02:00,03:00,Software Engineering,Prof. Faculty 003,AU-229
2970,Diploma,Automobile Engineering,TY,6,A,Wednesday,03:00,04:00,Surveying,Prof. Faculty 110,AU-122
2971,Diploma,Automobile Engineering,TY,6,A,Thursday,09:00,10:00,Cyber Security,Prof. Faculty 101,AU-168
2972,Diploma,Automobile Engineering,TY,6,A,Thursday,10:00,11:00,Physics,Prof. Faculty 111,AU-109
2973,Diploma,Automobile Engineering,TY,6,A,Thursday,11:15,12:15,CAD/CAM,Prof. Faculty 131,AU-252
2974,Diploma,Automobile Engineering,TY,6,A,Thursday,12:15,01:15,DBMS,Prof. Faculty 186,AU-298
2975,Diploma,Automobile Engineering,TY,6,A,Thursday,02:00,03:00,Machine Learning,Prof. Faculty 005,AU-263
2976,Diploma,Automobile Engineering,TY,6,A,Thursday,03:00,04:00,Python Programming,Prof. Faculty 029,AU-317
2977,Diploma,Automobile Engineering,TY,6,A,Friday,09:00,10:00,Cloud Computing,Prof. Faculty 028,AU-196
2978,Diploma,Automobile Engineering,TY,6,A,Friday,10:00,11:00,Computer Networks,Prof. Faculty 192,AU-196
2979,Diploma,Automobile Engineering,TY,6,A,Friday,11:15,12:15,Data Structures,Prof. Faculty 147,AU-183
2980,Diploma,Automobile Engineering,TY,6,A,Friday,12:15,01:15,Machine Learning,Prof. Faculty 136,AU-170
2981,Diploma,Automobile Engineering,TY,6,A,Friday,02:00,03:00,Web Development,Prof. Faculty 148,AU-225
2982,Diploma,Automobile Engineering,TY,6,A,Friday,03:00,04:00,Surveying,Prof. Faculty 159,AU-146
2983,Diploma,Automobile Engineering,TY,6,A,Saturday,09:00,10:00,Operating Systems,Prof. Faculty 131,AU-156
2984,Diploma,Automobile Engineering,TY,6,A,Saturday,10:00,11:00,Cloud Computing,Prof. Faculty 239,AU-260
2985,Diploma,Automobile Engineering,TY,6,A,Saturday,11:15,12:15,Software Engineering,Prof. Faculty 177,AU-267
2986,Diploma,Automobile Engineering,TY,6,A,Saturday,12:15,01:15,Web Development,Prof. Faculty 051,AU-181
2987,Diploma,Automobile Engineering,TY,6,A,Saturday,02:00,03:00,Thermodynamics,Prof. Faculty 116,AU-280
2988,Diploma,Automobile Engineering,TY,6,A,Saturday,03:00,04:00,Web Development,Prof. Faculty 214,AU-278
2989,Diploma,Automobile Engineering,TY,6,B,Monday,09:00,10:00,Software Engineering,Prof. Faculty 084,AU-165
2990,Diploma,Automobile Engineering,TY,6,B,Monday,10:00,11:00,Cyber Security,Prof. Faculty 062,AU-266
2991,Diploma,Automobile Engineering,TY,6,B,Monday,11:15,12:15,Digital Electronics,Prof. Faculty 105,AU-114
2992,Diploma,Automobile Engineering,TY,6,B,Monday,12:15,01:15,Cloud Computing,Prof. Faculty 037,AU-295
2993,Diploma,Automobile Engineering,TY,6,B,Monday,02:00,03:00,Computer Networks,Prof. Faculty 069,AU-113
2994,Diploma,Automobile Engineering,TY,6,B,Monday,03:00,04:00,DBMS,Prof. Faculty 210,AU-257
2995,Diploma,Automobile Engineering,TY,6,B,Tuesday,09:00,10:00,Python Programming,Prof. Faculty 212,AU-173
2996,Diploma,Automobile Engineering,TY,6,B,Tuesday,10:00,11:00,Digital Electronics,Prof. Faculty 221,AU-135
2997,Diploma,Automobile Engineering,TY,6,B,Tuesday,11:15,12:15,Software Engineering,Prof. Faculty 052,AU-241
2998,Diploma,Automobile Engineering,TY,6,B,Tuesday,12:15,01:15,Software Engineering,Prof. Faculty 078,AU-143
2999,Diploma,Automobile Engineering,TY,6,B,Tuesday,02:00,03:00,Java Programming,Prof. Faculty 004,AU-238
3000,Diploma,Automobile Engineering,TY,6,B,Tuesday,03:00,04:00,AI Fundamentals,Prof. Faculty 045,AU-242
3001,Diploma,Automobile Engineering,TY,6,B,Wednesday,09:00,10:00,AI Fundamentals,Prof. Faculty 122,AU-250
3002,Diploma,Automobile Engineering,TY,6,B,Wednesday,10:00,11:00,Physics,Prof. Faculty 046,AU-222
3003,Diploma,Automobile Engineering,TY,6,B,Wednesday,11:15,12:15,Cloud Computing,Prof. Faculty 210,AU-290
3004,Diploma,Automobile Engineering,TY,6,B,Wednesday,12:15,01:15,Physics,Prof. Faculty 236,AU-189
3005,Diploma,Automobile Engineering,TY,6,B,Wednesday,02:00,03:00,Mathematics,Prof. Faculty 209,AU-302
3006,Diploma,Automobile Engineering,TY,6,B,Wednesday,03:00,04:00,Python Programming,Prof. Faculty 232,AU-264
3007,Diploma,Automobile Engineering,TY,6,B,Thursday,09:00,10:00,AI Fundamentals,Prof. Faculty 213,AU-252
3008,Diploma,Automobile Engineering,TY,6,B,Thursday,10:00,11:00,Project Lab,Prof. Faculty 219,AU-160
3009,Diploma,Automobile Engineering,TY,6,B,Thursday,11:15,12:15,Software Engineering,Prof. Faculty 171,AU-174
3010,Diploma,Automobile Engineering,TY,6,B,Thursday,12:15,01:15,Data Structures,Prof. Faculty 079,AU-318
3011,Diploma,Automobile Engineering,TY,6,B,Thursday,02:00,03:00,Digital Electronics,Prof. Faculty 168,AU-288
3012,Diploma,Automobile Engineering,TY,6,B,Thursday,03:00,04:00,Python Programming,Prof. Faculty 115,AU-151
3013,Diploma,Automobile Engineering,TY,6,B,Friday,09:00,10:00,Computer Networks,Prof. Faculty 156,AU-180
3014,Diploma,Automobile Engineering,TY,6,B,Friday,10:00,11:00,Cyber Security,Prof. Faculty 014,AU-289
3015,Diploma,Automobile Engineering,TY,6,B,Friday,11:15,12:15,Cloud Computing,Prof. Faculty 168,AU-213
3016,Diploma,Automobile Engineering,TY,6,B,Friday,12:15,01:15,Java Programming,Prof. Faculty 011,AU-106
3017,Diploma,Automobile Engineering,TY,6,B,Friday,02:00,03:00,Web Development,Prof. Faculty 098,AU-313
3018,Diploma,Automobile Engineering,TY,6,B,Friday,03:00,04:00,Mathematics,Prof. Faculty 175,AU-114
3019,Diploma,Automobile Engineering,TY,6,B,Saturday,09:00,10:00,Machine Learning,Prof. Faculty 069,AU-198
3020,Diploma,Automobile Engineering,TY,6,B,Saturday,10:00,11:00,AI Fundamentals,Prof. Faculty 109,AU-166
3021,Diploma,Automobile Engineering,TY,6,B,Saturday,11:15,12:15,Web Development,Prof. Faculty 229,AU-213
3022,Diploma,Automobile Engineering,TY,6,B,Saturday,12:15,01:15,Surveying,Prof. Faculty 115,AU-227
3023,Diploma,Automobile Engineering,TY,6,B,Saturday,02:00,03:00,Python Programming,Prof. Faculty 096,AU-215
3024,Diploma,Automobile Engineering,TY,6,B,Saturday,03:00,04:00,Cyber Security,Prof. Faculty 188,AU-202
3025,BE,Computer Engineering,FY,1,A,Monday,09:00,10:00,DBMS,Prof. Faculty 040,CO-152
3026,BE,Computer Engineering,FY,1,A,Monday,10:00,11:00,Mathematics,Prof. Faculty 060,CO-303
3027,BE,Computer Engineering,FY,1,A,Monday,11:15,12:15,Python Programming,Prof. Faculty 060,CO-290
3028,BE,Computer Engineering,FY,1,A,Monday,12:15,01:15,Mathematics,Prof. Faculty 032,CO-232
3029,BE,Computer Engineering,FY,1,A,Monday,02:00,03:00,Python Programming,Prof. Faculty 244,CO-108
3030,BE,Computer Engineering,FY,1,A,Monday,03:00,04:00,Mathematics,Prof. Faculty 028,CO-189
3031,BE,Computer Engineering,FY,1,A,Tuesday,09:00,10:00,Python Programming,Prof. Faculty 027,CO-312
3032,BE,Computer Engineering,FY,1,A,Tuesday,10:00,11:00,AI Fundamentals,Prof. Faculty 182,CO-121
3033,BE,Computer Engineering,FY,1,A,Tuesday,11:15,12:15,Data Structures,Prof. Faculty 109,CO-164
3034,BE,Computer Engineering,FY,1,A,Tuesday,12:15,01:15,Electrical Machines,Prof. Faculty 230,CO-196
3035,BE,Computer Engineering,FY,1,A,Tuesday,02:00,03:00,Physics,Prof. Faculty 069,CO-270
3036,BE,Computer Engineering,FY,1,A,Tuesday,03:00,04:00,Electrical Machines,Prof. Faculty 104,CO-242
3037,BE,Computer Engineering,FY,1,A,Wednesday,09:00,10:00,AI Fundamentals,Prof. Faculty 018,CO-146
3038,BE,Computer Engineering,FY,1,A,Wednesday,10:00,11:00,Data Structures,Prof. Faculty 170,CO-255
3039,BE,Computer Engineering,FY,1,A,Wednesday,11:15,12:15,Digital Electronics,Prof. Faculty 216,CO-259
3040,BE,Computer Engineering,FY,1,A,Wednesday,12:15,01:15,Physics,Prof. Faculty 218,CO-293
3041,BE,Computer Engineering,FY,1,A,Wednesday,02:00,03:00,Machine Learning,Prof. Faculty 105,CO-266
3042,BE,Computer Engineering,FY,1,A,Wednesday,03:00,04:00,Python Programming,Prof. Faculty 049,CO-227
3043,BE,Computer Engineering,FY,1,A,Thursday,09:00,10:00,Cloud Computing,Prof. Faculty 240,CO-101
3044,BE,Computer Engineering,FY,1,A,Thursday,10:00,11:00,AI Fundamentals,Prof. Faculty 037,CO-255
3045,BE,Computer Engineering,FY,1,A,Thursday,11:15,12:15,Mathematics,Prof. Faculty 171,CO-145
3046,BE,Computer Engineering,FY,1,A,Thursday,12:15,01:15,Digital Electronics,Prof. Faculty 059,CO-140
3047,BE,Computer Engineering,FY,1,A,Thursday,02:00,03:00,Python Programming,Prof. Faculty 186,CO-290
3048,BE,Computer Engineering,FY,1,A,Thursday,03:00,04:00,Operating Systems,Prof. Faculty 206,CO-196
3049,BE,Computer Engineering,FY,1,A,Friday,09:00,10:00,AI Fundamentals,Prof. Faculty 124,CO-315
3050,BE,Computer Engineering,FY,1,A,Friday,10:00,11:00,Python Programming,Prof. Faculty 030,CO-269
3051,BE,Computer Engineering,FY,1,A,Friday,11:15,12:15,Python Programming,Prof. Faculty 158,CO-108
3052,BE,Computer Engineering,FY,1,A,Friday,12:15,01:15,Data Structures,Prof. Faculty 178,CO-273
3053,BE,Computer Engineering,FY,1,A,Friday,02:00,03:00,Java Programming,Prof. Faculty 121,CO-168
3054,BE,Computer Engineering,FY,1,A,Friday,03:00,04:00,Surveying,Prof. Faculty 024,CO-154
3055,BE,Computer Engineering,FY,1,A,Saturday,09:00,10:00,Electrical Machines,Prof. Faculty 086,CO-187
3056,BE,Computer Engineering,FY,1,A,Saturday,10:00,11:00,CAD/CAM,Prof. Faculty 099,CO-181
3057,BE,Computer Engineering,FY,1,A,Saturday,11:15,12:15,Electrical Machines,Prof. Faculty 132,CO-211
3058,BE,Computer Engineering,FY,1,A,Saturday,12:15,01:15,CAD/CAM,Prof. Faculty 151,CO-135
3059,BE,Computer Engineering,FY,1,A,Saturday,02:00,03:00,Physics,Prof. Faculty 024,CO-202
3060,BE,Computer Engineering,FY,1,A,Saturday,03:00,04:00,Project Lab,Prof. Faculty 085,CO-213
3061,BE,Computer Engineering,FY,1,B,Monday,09:00,10:00,Electrical Machines,Prof. Faculty 013,CO-136
3062,BE,Computer Engineering,FY,1,B,Monday,10:00,11:00,Cyber Security,Prof. Faculty 224,CO-284
3063,BE,Computer Engineering,FY,1,B,Monday,11:15,12:15,CAD/CAM,Prof. Faculty 004,CO-106
3064,BE,Computer Engineering,FY,1,B,Monday,12:15,01:15,Electrical Machines,Prof. Faculty 068,CO-202
3065,BE,Computer Engineering,FY,1,B,Monday,02:00,03:00,Project Lab,Prof. Faculty 018,CO-145
3066,BE,Computer Engineering,FY,1,B,Monday,03:00,04:00,CAD/CAM,Prof. Faculty 208,CO-192
3067,BE,Computer Engineering,FY,1,B,Tuesday,09:00,10:00,AI Fundamentals,Prof. Faculty 006,CO-104
3068,BE,Computer Engineering,FY,1,B,Tuesday,10:00,11:00,Software Engineering,Prof. Faculty 087,CO-144
3069,BE,Computer Engineering,FY,1,B,Tuesday,11:15,12:15,Physics,Prof. Faculty 074,CO-176
3070,BE,Computer Engineering,FY,1,B,Tuesday,12:15,01:15,Electrical Machines,Prof. Faculty 142,CO-288
3071,BE,Computer Engineering,FY,1,B,Tuesday,02:00,03:00,Operating Systems,Prof. Faculty 227,CO-110
3072,BE,Computer Engineering,FY,1,B,Tuesday,03:00,04:00,Thermodynamics,Prof. Faculty 208,CO-111
3073,BE,Computer Engineering,FY,1,B,Wednesday,09:00,10:00,Data Structures,Prof. Faculty 226,CO-299
3074,BE,Computer Engineering,FY,1,B,Wednesday,10:00,11:00,CAD/CAM,Prof. Faculty 174,CO-110
3075,BE,Computer Engineering,FY,1,B,Wednesday,11:15,12:15,Thermodynamics,Prof. Faculty 114,CO-101
3076,BE,Computer Engineering,FY,1,B,Wednesday,12:15,01:15,Physics,Prof. Faculty 217,CO-223
3077,BE,Computer Engineering,FY,1,B,Wednesday,02:00,03:00,Python Programming,Prof. Faculty 201,CO-191
3078,BE,Computer Engineering,FY,1,B,Wednesday,03:00,04:00,Machine Learning,Prof. Faculty 087,CO-169
3079,BE,Computer Engineering,FY,1,B,Thursday,09:00,10:00,Cloud Computing,Prof. Faculty 099,CO-232
3080,BE,Computer Engineering,FY,1,B,Thursday,10:00,11:00,Data Structures,Prof. Faculty 223,CO-148
3081,BE,Computer Engineering,FY,1,B,Thursday,11:15,12:15,Cloud Computing,Prof. Faculty 146,CO-210
3082,BE,Computer Engineering,FY,1,B,Thursday,12:15,01:15,Electrical Machines,Prof. Faculty 214,CO-215
3083,BE,Computer Engineering,FY,1,B,Thursday,02:00,03:00,AI Fundamentals,Prof. Faculty 193,CO-121
3084,BE,Computer Engineering,FY,1,B,Thursday,03:00,04:00,Digital Electronics,Prof. Faculty 016,CO-177
3085,BE,Computer Engineering,FY,1,B,Friday,09:00,10:00,Thermodynamics,Prof. Faculty 136,CO-201
3086,BE,Computer Engineering,FY,1,B,Friday,10:00,11:00,Operating Systems,Prof. Faculty 119,CO-272
3087,BE,Computer Engineering,FY,1,B,Friday,11:15,12:15,Software Engineering,Prof. Faculty 162,CO-284
3088,BE,Computer Engineering,FY,1,B,Friday,12:15,01:15,Surveying,Prof. Faculty 067,CO-183
3089,BE,Computer Engineering,FY,1,B,Friday,02:00,03:00,Python Programming,Prof. Faculty 056,CO-212
3090,BE,Computer Engineering,FY,1,B,Friday,03:00,04:00,DBMS,Prof. Faculty 227,CO-308
3091,BE,Computer Engineering,FY,1,B,Saturday,09:00,10:00,Software Engineering,Prof. Faculty 044,CO-308
3092,BE,Computer Engineering,FY,1,B,Saturday,10:00,11:00,Machine Learning,Prof. Faculty 196,CO-212
3093,BE,Computer Engineering,FY,1,B,Saturday,11:15,12:15,Cyber Security,Prof. Faculty 121,CO-187
3094,BE,Computer Engineering,FY,1,B,Saturday,12:15,01:15,Operating Systems,Prof. Faculty 028,CO-316
3095,BE,Computer Engineering,FY,1,B,Saturday,02:00,03:00,Data Structures,Prof. Faculty 061,CO-301
3096,BE,Computer Engineering,FY,1,B,Saturday,03:00,04:00,Operating Systems,Prof. Faculty 142,CO-180
3097,BE,Computer Engineering,FY,2,A,Monday,09:00,10:00,Physics,Prof. Faculty 001,CO-315
3098,BE,Computer Engineering,FY,2,A,Monday,10:00,11:00,Thermodynamics,Prof. Faculty 136,CO-103
3099,BE,Computer Engineering,FY,2,A,Monday,11:15,12:15,Cyber Security,Prof. Faculty 215,CO-169
3100,BE,Computer Engineering,FY,2,A,Monday,12:15,01:15,Surveying,Prof. Faculty 100,CO-267
3101,BE,Computer Engineering,FY,2,A,Monday,02:00,03:00,Thermodynamics,Prof. Faculty 242,CO-249
3102,BE,Computer Engineering,FY,2,A,Monday,03:00,04:00,Physics,Prof. Faculty 002,CO-164
3103,BE,Computer Engineering,FY,2,A,Tuesday,09:00,10:00,Project Lab,Prof. Faculty 179,CO-272
3104,BE,Computer Engineering,FY,2,A,Tuesday,10:00,11:00,CAD/CAM,Prof. Faculty 052,CO-250
3105,BE,Computer Engineering,FY,2,A,Tuesday,11:15,12:15,Machine Learning,Prof. Faculty 198,CO-275
3106,BE,Computer Engineering,FY,2,A,Tuesday,12:15,01:15,Cyber Security,Prof. Faculty 154,CO-251
3107,BE,Computer Engineering,FY,2,A,Tuesday,02:00,03:00,Web Development,Prof. Faculty 043,CO-226
3108,BE,Computer Engineering,FY,2,A,Tuesday,03:00,04:00,Software Engineering,Prof. Faculty 096,CO-120
3109,BE,Computer Engineering,FY,2,A,Wednesday,09:00,10:00,Operating Systems,Prof. Faculty 099,CO-152
3110,BE,Computer Engineering,FY,2,A,Wednesday,10:00,11:00,Thermodynamics,Prof. Faculty 103,CO-232
3111,BE,Computer Engineering,FY,2,A,Wednesday,11:15,12:15,Physics,Prof. Faculty 198,CO-273
3112,BE,Computer Engineering,FY,2,A,Wednesday,12:15,01:15,Thermodynamics,Prof. Faculty 209,CO-270
3113,BE,Computer Engineering,FY,2,A,Wednesday,02:00,03:00,Cyber Security,Prof. Faculty 177,CO-192
3114,BE,Computer Engineering,FY,2,A,Wednesday,03:00,04:00,Machine Learning,Prof. Faculty 106,CO-214
3115,BE,Computer Engineering,FY,2,A,Thursday,09:00,10:00,Cyber Security,Prof. Faculty 099,CO-301
3116,BE,Computer Engineering,FY,2,A,Thursday,10:00,11:00,Surveying,Prof. Faculty 051,CO-196
3117,BE,Computer Engineering,FY,2,A,Thursday,11:15,12:15,Project Lab,Prof. Faculty 175,CO-181
3118,BE,Computer Engineering,FY,2,A,Thursday,12:15,01:15,Cloud Computing,Prof. Faculty 119,CO-138
3119,BE,Computer Engineering,FY,2,A,Thursday,02:00,03:00,Operating Systems,Prof. Faculty 183,CO-300
3120,BE,Computer Engineering,FY,2,A,Thursday,03:00,04:00,Digital Electronics,Prof. Faculty 054,CO-255
3121,BE,Computer Engineering,FY,2,A,Friday,09:00,10:00,Mathematics,Prof. Faculty 220,CO-148
3122,BE,Computer Engineering,FY,2,A,Friday,10:00,11:00,Mathematics,Prof. Faculty 128,CO-225
3123,BE,Computer Engineering,FY,2,A,Friday,11:15,12:15,Surveying,Prof. Faculty 221,CO-159
3124,BE,Computer Engineering,FY,2,A,Friday,12:15,01:15,Project Lab,Prof. Faculty 227,CO-177
3125,BE,Computer Engineering,FY,2,A,Friday,02:00,03:00,Thermodynamics,Prof. Faculty 062,CO-219
3126,BE,Computer Engineering,FY,2,A,Friday,03:00,04:00,Surveying,Prof. Faculty 156,CO-187
3127,BE,Computer Engineering,FY,2,A,Saturday,09:00,10:00,Surveying,Prof. Faculty 119,CO-154
3128,BE,Computer Engineering,FY,2,A,Saturday,10:00,11:00,CAD/CAM,Prof. Faculty 072,CO-175
3129,BE,Computer Engineering,FY,2,A,Saturday,11:15,12:15,Python Programming,Prof. Faculty 136,CO-217
3130,BE,Computer Engineering,FY,2,A,Saturday,12:15,01:15,CAD/CAM,Prof. Faculty 153,CO-308
3131,BE,Computer Engineering,FY,2,A,Saturday,02:00,03:00,Computer Networks,Prof. Faculty 069,CO-251
3132,BE,Computer Engineering,FY,2,A,Saturday,03:00,04:00,Mathematics,Prof. Faculty 237,CO-283
3133,BE,Computer Engineering,FY,2,B,Monday,09:00,10:00,AI Fundamentals,Prof. Faculty 062,CO-249
3134,BE,Computer Engineering,FY,2,B,Monday,10:00,11:00,Electrical Machines,Prof. Faculty 248,CO-249
3135,BE,Computer Engineering,FY,2,B,Monday,11:15,12:15,Software Engineering,Prof. Faculty 243,CO-233
3136,BE,Computer Engineering,FY,2,B,Monday,12:15,01:15,Python Programming,Prof. Faculty 141,CO-180
3137,BE,Computer Engineering,FY,2,B,Monday,02:00,03:00,Mathematics,Prof. Faculty 082,CO-152
3138,BE,Computer Engineering,FY,2,B,Monday,03:00,04:00,Web Development,Prof. Faculty 175,CO-188
3139,BE,Computer Engineering,FY,2,B,Tuesday,09:00,10:00,Mathematics,Prof. Faculty 250,CO-201
3140,BE,Computer Engineering,FY,2,B,Tuesday,10:00,11:00,Cyber Security,Prof. Faculty 022,CO-306
3141,BE,Computer Engineering,FY,2,B,Tuesday,11:15,12:15,Project Lab,Prof. Faculty 229,CO-269
3142,BE,Computer Engineering,FY,2,B,Tuesday,12:15,01:15,Web Development,Prof. Faculty 029,CO-231
3143,BE,Computer Engineering,FY,2,B,Tuesday,02:00,03:00,Cyber Security,Prof. Faculty 027,CO-295
3144,BE,Computer Engineering,FY,2,B,Tuesday,03:00,04:00,Electrical Machines,Prof. Faculty 223,CO-303
3145,BE,Computer Engineering,FY,2,B,Wednesday,09:00,10:00,Data Structures,Prof. Faculty 110,CO-185
3146,BE,Computer Engineering,FY,2,B,Wednesday,10:00,11:00,Cyber Security,Prof. Faculty 081,CO-151
3147,BE,Computer Engineering,FY,2,B,Wednesday,11:15,12:15,Data Structures,Prof. Faculty 018,CO-183
3148,BE,Computer Engineering,FY,2,B,Wednesday,12:15,01:15,Machine Learning,Prof. Faculty 198,CO-181
3149,BE,Computer Engineering,FY,2,B,Wednesday,02:00,03:00,Operating Systems,Prof. Faculty 064,CO-192
3150,BE,Computer Engineering,FY,2,B,Wednesday,03:00,04:00,AI Fundamentals,Prof. Faculty 165,CO-218
3151,BE,Computer Engineering,FY,2,B,Thursday,09:00,10:00,Operating Systems,Prof. Faculty 039,CO-306
3152,BE,Computer Engineering,FY,2,B,Thursday,10:00,11:00,Machine Learning,Prof. Faculty 222,CO-217
3153,BE,Computer Engineering,FY,2,B,Thursday,11:15,12:15,Java Programming,Prof. Faculty 124,CO-293
3154,BE,Computer Engineering,FY,2,B,Thursday,12:15,01:15,Cyber Security,Prof. Faculty 067,CO-147
3155,BE,Computer Engineering,FY,2,B,Thursday,02:00,03:00,Web Development,Prof. Faculty 208,CO-145
3156,BE,Computer Engineering,FY,2,B,Thursday,03:00,04:00,Machine Learning,Prof. Faculty 120,CO-241
3157,BE,Computer Engineering,FY,2,B,Friday,09:00,10:00,Computer Networks,Prof. Faculty 092,CO-233
3158,BE,Computer Engineering,FY,2,B,Friday,10:00,11:00,Python Programming,Prof. Faculty 133,CO-202
3159,BE,Computer Engineering,FY,2,B,Friday,11:15,12:15,Operating Systems,Prof. Faculty 153,CO-289
3160,BE,Computer Engineering,FY,2,B,Friday,12:15,01:15,Mathematics,Prof. Faculty 180,CO-277
3161,BE,Computer Engineering,FY,2,B,Friday,02:00,03:00,Machine Learning,Prof. Faculty 064,CO-246
3162,BE,Computer Engineering,FY,2,B,Friday,03:00,04:00,Java Programming,Prof. Faculty 118,CO-245
3163,BE,Computer Engineering,FY,2,B,Saturday,09:00,10:00,Project Lab,Prof. Faculty 043,CO-157
3164,BE,Computer Engineering,FY,2,B,Saturday,10:00,11:00,Operating Systems,Prof. Faculty 240,CO-232
3165,BE,Computer Engineering,FY,2,B,Saturday,11:15,12:15,Computer Networks,Prof. Faculty 239,CO-196
3166,BE,Computer Engineering,FY,2,B,Saturday,12:15,01:15,Surveying,Prof. Faculty 067,CO-165
3167,BE,Computer Engineering,FY,2,B,Saturday,02:00,03:00,Cyber Security,Prof. Faculty 110,CO-267
3168,BE,Computer Engineering,FY,2,B,Saturday,03:00,04:00,Cyber Security,Prof. Faculty 045,CO-282
3169,BE,Computer Engineering,SY,3,A,Monday,09:00,10:00,Cloud Computing,Prof. Faculty 078,CO-224
3170,BE,Computer Engineering,SY,3,A,Monday,10:00,11:00,Thermodynamics,Prof. Faculty 013,CO-304
3171,BE,Computer Engineering,SY,3,A,Monday,11:15,12:15,Digital Electronics,Prof. Faculty 169,CO-283
3172,BE,Computer Engineering,SY,3,A,Monday,12:15,01:15,Python Programming,Prof. Faculty 070,CO-163
3173,BE,Computer Engineering,SY,3,A,Monday,02:00,03:00,AI Fundamentals,Prof. Faculty 148,CO-201
3174,BE,Computer Engineering,SY,3,A,Monday,03:00,04:00,Thermodynamics,Prof. Faculty 131,CO-211
3175,BE,Computer Engineering,SY,3,A,Tuesday,09:00,10:00,Computer Networks,Prof. Faculty 081,CO-291
3176,BE,Computer Engineering,SY,3,A,Tuesday,10:00,11:00,Surveying,Prof. Faculty 081,CO-289
3177,BE,Computer Engineering,SY,3,A,Tuesday,11:15,12:15,Cloud Computing,Prof. Faculty 164,CO-105
3178,BE,Computer Engineering,SY,3,A,Tuesday,12:15,01:15,Operating Systems,Prof. Faculty 020,CO-307
3179,BE,Computer Engineering,SY,3,A,Tuesday,02:00,03:00,DBMS,Prof. Faculty 219,CO-131
3180,BE,Computer Engineering,SY,3,A,Tuesday,03:00,04:00,DBMS,Prof. Faculty 215,CO-308
3181,BE,Computer Engineering,SY,3,A,Wednesday,09:00,10:00,Web Development,Prof. Faculty 019,CO-122
3182,BE,Computer Engineering,SY,3,A,Wednesday,10:00,11:00,Digital Electronics,Prof. Faculty 219,CO-139
3183,BE,Computer Engineering,SY,3,A,Wednesday,11:15,12:15,Operating Systems,Prof. Faculty 051,CO-178
3184,BE,Computer Engineering,SY,3,A,Wednesday,12:15,01:15,AI Fundamentals,Prof. Faculty 034,CO-160
3185,BE,Computer Engineering,SY,3,A,Wednesday,02:00,03:00,Project Lab,Prof. Faculty 081,CO-145
3186,BE,Computer Engineering,SY,3,A,Wednesday,03:00,04:00,Project Lab,Prof. Faculty 187,CO-104
3187,BE,Computer Engineering,SY,3,A,Thursday,09:00,10:00,Java Programming,Prof. Faculty 034,CO-247
3188,BE,Computer Engineering,SY,3,A,Thursday,10:00,11:00,Computer Networks,Prof. Faculty 151,CO-305
3189,BE,Computer Engineering,SY,3,A,Thursday,11:15,12:15,Data Structures,Prof. Faculty 197,CO-110
3190,BE,Computer Engineering,SY,3,A,Thursday,12:15,01:15,Cyber Security,Prof. Faculty 159,CO-296
3191,BE,Computer Engineering,SY,3,A,Thursday,02:00,03:00,Electrical Machines,Prof. Faculty 183,CO-158
3192,BE,Computer Engineering,SY,3,A,Thursday,03:00,04:00,Project Lab,Prof. Faculty 005,CO-299
3193,BE,Computer Engineering,SY,3,A,Friday,09:00,10:00,Thermodynamics,Prof. Faculty 176,CO-161
3194,BE,Computer Engineering,SY,3,A,Friday,10:00,11:00,Surveying,Prof. Faculty 222,CO-156
3195,BE,Computer Engineering,SY,3,A,Friday,11:15,12:15,Cloud Computing,Prof. Faculty 081,CO-159
3196,BE,Computer Engineering,SY,3,A,Friday,12:15,01:15,CAD/CAM,Prof. Faculty 007,CO-304
3197,BE,Computer Engineering,SY,3,A,Friday,02:00,03:00,Thermodynamics,Prof. Faculty 049,CO-128
3198,BE,Computer Engineering,SY,3,A,Friday,03:00,04:00,Web Development,Prof. Faculty 134,CO-294
3199,BE,Computer Engineering,SY,3,A,Saturday,09:00,10:00,Computer Networks,Prof. Faculty 101,CO-309
3200,BE,Computer Engineering,SY,3,A,Saturday,10:00,11:00,Cyber Security,Prof. Faculty 053,CO-218
3201,BE,Computer Engineering,SY,3,A,Saturday,11:15,12:15,Electrical Machines,Prof. Faculty 150,CO-268
3202,BE,Computer Engineering,SY,3,A,Saturday,12:15,01:15,Web Development,Prof. Faculty 128,CO-235
3203,BE,Computer Engineering,SY,3,A,Saturday,02:00,03:00,Cyber Security,Prof. Faculty 037,CO-258
3204,BE,Computer Engineering,SY,3,A,Saturday,03:00,04:00,Software Engineering,Prof. Faculty 004,CO-278
3205,BE,Computer Engineering,SY,3,B,Monday,09:00,10:00,Operating Systems,Prof. Faculty 153,CO-263
3206,BE,Computer Engineering,SY,3,B,Monday,10:00,11:00,Cloud Computing,Prof. Faculty 103,CO-241
3207,BE,Computer Engineering,SY,3,B,Monday,11:15,12:15,Computer Networks,Prof. Faculty 095,CO-257
3208,BE,Computer Engineering,SY,3,B,Monday,12:15,01:15,Surveying,Prof. Faculty 020,CO-260
3209,BE,Computer Engineering,SY,3,B,Monday,02:00,03:00,Cloud Computing,Prof. Faculty 137,CO-286
3210,BE,Computer Engineering,SY,3,B,Monday,03:00,04:00,Machine Learning,Prof. Faculty 143,CO-297
3211,BE,Computer Engineering,SY,3,B,Tuesday,09:00,10:00,Digital Electronics,Prof. Faculty 048,CO-186
3212,BE,Computer Engineering,SY,3,B,Tuesday,10:00,11:00,Project Lab,Prof. Faculty 020,CO-179
3213,BE,Computer Engineering,SY,3,B,Tuesday,11:15,12:15,Thermodynamics,Prof. Faculty 136,CO-307
3214,BE,Computer Engineering,SY,3,B,Tuesday,12:15,01:15,Python Programming,Prof. Faculty 055,CO-271
3215,BE,Computer Engineering,SY,3,B,Tuesday,02:00,03:00,Python Programming,Prof. Faculty 041,CO-200
3216,BE,Computer Engineering,SY,3,B,Tuesday,03:00,04:00,Operating Systems,Prof. Faculty 173,CO-191
3217,BE,Computer Engineering,SY,3,B,Wednesday,09:00,10:00,Surveying,Prof. Faculty 066,CO-267
3218,BE,Computer Engineering,SY,3,B,Wednesday,10:00,11:00,Thermodynamics,Prof. Faculty 203,CO-317
3219,BE,Computer Engineering,SY,3,B,Wednesday,11:15,12:15,Java Programming,Prof. Faculty 028,CO-243
3220,BE,Computer Engineering,SY,3,B,Wednesday,12:15,01:15,Surveying,Prof. Faculty 220,CO-271
3221,BE,Computer Engineering,SY,3,B,Wednesday,02:00,03:00,Machine Learning,Prof. Faculty 100,CO-285
3222,BE,Computer Engineering,SY,3,B,Wednesday,03:00,04:00,Physics,Prof. Faculty 060,CO-151
3223,BE,Computer Engineering,SY,3,B,Thursday,09:00,10:00,Cyber Security,Prof. Faculty 214,CO-142
3224,BE,Computer Engineering,SY,3,B,Thursday,10:00,11:00,Computer Networks,Prof. Faculty 113,CO-115
3225,BE,Computer Engineering,SY,3,B,Thursday,11:15,12:15,Digital Electronics,Prof. Faculty 039,CO-206
3226,BE,Computer Engineering,SY,3,B,Thursday,12:15,01:15,Python Programming,Prof. Faculty 188,CO-133
3227,BE,Computer Engineering,SY,3,B,Thursday,02:00,03:00,Machine Learning,Prof. Faculty 167,CO-304
3228,BE,Computer Engineering,SY,3,B,Thursday,03:00,04:00,Electrical Machines,Prof. Faculty 104,CO-311
3229,BE,Computer Engineering,SY,3,B,Friday,09:00,10:00,Electrical Machines,Prof. Faculty 073,CO-276
3230,BE,Computer Engineering,SY,3,B,Friday,10:00,11:00,Cyber Security,Prof. Faculty 147,CO-291
3231,BE,Computer Engineering,SY,3,B,Friday,11:15,12:15,Machine Learning,Prof. Faculty 200,CO-113
3232,BE,Computer Engineering,SY,3,B,Friday,12:15,01:15,Surveying,Prof. Faculty 103,CO-132
3233,BE,Computer Engineering,SY,3,B,Friday,02:00,03:00,Mathematics,Prof. Faculty 049,CO-178
3234,BE,Computer Engineering,SY,3,B,Friday,03:00,04:00,Operating Systems,Prof. Faculty 090,CO-172
3235,BE,Computer Engineering,SY,3,B,Saturday,09:00,10:00,Java Programming,Prof. Faculty 110,CO-106
3236,BE,Computer Engineering,SY,3,B,Saturday,10:00,11:00,DBMS,Prof. Faculty 024,CO-164
3237,BE,Computer Engineering,SY,3,B,Saturday,11:15,12:15,Computer Networks,Prof. Faculty 016,CO-156
3238,BE,Computer Engineering,SY,3,B,Saturday,12:15,01:15,Computer Networks,Prof. Faculty 246,CO-317
3239,BE,Computer Engineering,SY,3,B,Saturday,02:00,03:00,Python Programming,Prof. Faculty 209,CO-241
3240,BE,Computer Engineering,SY,3,B,Saturday,03:00,04:00,Electrical Machines,Prof. Faculty 209,CO-178
3241,BE,Computer Engineering,SY,4,A,Monday,09:00,10:00,Physics,Prof. Faculty 103,CO-308
3242,BE,Computer Engineering,SY,4,A,Monday,10:00,11:00,Mathematics,Prof. Faculty 068,CO-214
3243,BE,Computer Engineering,SY,4,A,Monday,11:15,12:15,Software Engineering,Prof. Faculty 169,CO-274
3244,BE,Computer Engineering,SY,4,A,Monday,12:15,01:15,Java Programming,Prof. Faculty 148,CO-303
3245,BE,Computer Engineering,SY,4,A,Monday,02:00,03:00,Project Lab,Prof. Faculty 192,CO-137
3246,BE,Computer Engineering,SY,4,A,Monday,03:00,04:00,Cyber Security,Prof. Faculty 097,CO-206
3247,BE,Computer Engineering,SY,4,A,Tuesday,09:00,10:00,CAD/CAM,Prof. Faculty 129,CO-120
3248,BE,Computer Engineering,SY,4,A,Tuesday,10:00,11:00,Mathematics,Prof. Faculty 199,CO-187
3249,BE,Computer Engineering,SY,4,A,Tuesday,11:15,12:15,Cyber Security,Prof. Faculty 083,CO-298
3250,BE,Computer Engineering,SY,4,A,Tuesday,12:15,01:15,Software Engineering,Prof. Faculty 028,CO-183
3251,BE,Computer Engineering,SY,4,A,Tuesday,02:00,03:00,Surveying,Prof. Faculty 216,CO-311
3252,BE,Computer Engineering,SY,4,A,Tuesday,03:00,04:00,Web Development,Prof. Faculty 230,CO-279
3253,BE,Computer Engineering,SY,4,A,Wednesday,09:00,10:00,Mathematics,Prof. Faculty 152,CO-252
3254,BE,Computer Engineering,SY,4,A,Wednesday,10:00,11:00,CAD/CAM,Prof. Faculty 130,CO-308
3255,BE,Computer Engineering,SY,4,A,Wednesday,11:15,12:15,Thermodynamics,Prof. Faculty 098,CO-133
3256,BE,Computer Engineering,SY,4,A,Wednesday,12:15,01:15,DBMS,Prof. Faculty 093,CO-275
3257,BE,Computer Engineering,SY,4,A,Wednesday,02:00,03:00,Computer Networks,Prof. Faculty 185,CO-315
3258,BE,Computer Engineering,SY,4,A,Wednesday,03:00,04:00,Surveying,Prof. Faculty 221,CO-132
3259,BE,Computer Engineering,SY,4,A,Thursday,09:00,10:00,Computer Networks,Prof. Faculty 161,CO-180
3260,BE,Computer Engineering,SY,4,A,Thursday,10:00,11:00,Python Programming,Prof. Faculty 231,CO-196
3261,BE,Computer Engineering,SY,4,A,Thursday,11:15,12:15,Python Programming,Prof. Faculty 110,CO-284
3262,BE,Computer Engineering,SY,4,A,Thursday,12:15,01:15,Cyber Security,Prof. Faculty 169,CO-268
3263,BE,Computer Engineering,SY,4,A,Thursday,02:00,03:00,Cloud Computing,Prof. Faculty 082,CO-262
3264,BE,Computer Engineering,SY,4,A,Thursday,03:00,04:00,Physics,Prof. Faculty 120,CO-236
3265,BE,Computer Engineering,SY,4,A,Friday,09:00,10:00,Project Lab,Prof. Faculty 215,CO-225
3266,BE,Computer Engineering,SY,4,A,Friday,10:00,11:00,Machine Learning,Prof. Faculty 216,CO-219
3267,BE,Computer Engineering,SY,4,A,Friday,11:15,12:15,Data Structures,Prof. Faculty 244,CO-287
3268,BE,Computer Engineering,SY,4,A,Friday,12:15,01:15,DBMS,Prof. Faculty 227,CO-266
3269,BE,Computer Engineering,SY,4,A,Friday,02:00,03:00,DBMS,Prof. Faculty 144,CO-313
3270,BE,Computer Engineering,SY,4,A,Friday,03:00,04:00,Python Programming,Prof. Faculty 048,CO-199
3271,BE,Computer Engineering,SY,4,A,Saturday,09:00,10:00,Computer Networks,Prof. Faculty 002,CO-190
3272,BE,Computer Engineering,SY,4,A,Saturday,10:00,11:00,CAD/CAM,Prof. Faculty 003,CO-258
3273,BE,Computer Engineering,SY,4,A,Saturday,11:15,12:15,Software Engineering,Prof. Faculty 245,CO-241
3274,BE,Computer Engineering,SY,4,A,Saturday,12:15,01:15,Software Engineering,Prof. Faculty 096,CO-282
3275,BE,Computer Engineering,SY,4,A,Saturday,02:00,03:00,Data Structures,Prof. Faculty 191,CO-168
3276,BE,Computer Engineering,SY,4,A,Saturday,03:00,04:00,Physics,Prof. Faculty 249,CO-140
3277,BE,Computer Engineering,SY,4,B,Monday,09:00,10:00,AI Fundamentals,Prof. Faculty 152,CO-301
3278,BE,Computer Engineering,SY,4,B,Monday,10:00,11:00,Computer Networks,Prof. Faculty 004,CO-156
3279,BE,Computer Engineering,SY,4,B,Monday,11:15,12:15,Operating Systems,Prof. Faculty 133,CO-309
3280,BE,Computer Engineering,SY,4,B,Monday,12:15,01:15,Thermodynamics,Prof. Faculty 077,CO-292
3281,BE,Computer Engineering,SY,4,B,Monday,02:00,03:00,Digital Electronics,Prof. Faculty 050,CO-114
3282,BE,Computer Engineering,SY,4,B,Monday,03:00,04:00,Digital Electronics,Prof. Faculty 111,CO-190
3283,BE,Computer Engineering,SY,4,B,Tuesday,09:00,10:00,Software Engineering,Prof. Faculty 081,CO-180
3284,BE,Computer Engineering,SY,4,B,Tuesday,10:00,11:00,Mathematics,Prof. Faculty 125,CO-244
3285,BE,Computer Engineering,SY,4,B,Tuesday,11:15,12:15,Thermodynamics,Prof. Faculty 089,CO-109
3286,BE,Computer Engineering,SY,4,B,Tuesday,12:15,01:15,Physics,Prof. Faculty 068,CO-276
3287,BE,Computer Engineering,SY,4,B,Tuesday,02:00,03:00,Surveying,Prof. Faculty 095,CO-119
3288,BE,Computer Engineering,SY,4,B,Tuesday,03:00,04:00,AI Fundamentals,Prof. Faculty 236,CO-190
3289,BE,Computer Engineering,SY,4,B,Wednesday,09:00,10:00,Digital Electronics,Prof. Faculty 207,CO-129
3290,BE,Computer Engineering,SY,4,B,Wednesday,10:00,11:00,Python Programming,Prof. Faculty 127,CO-162
3291,BE,Computer Engineering,SY,4,B,Wednesday,11:15,12:15,Python Programming,Prof. Faculty 244,CO-242
3292,BE,Computer Engineering,SY,4,B,Wednesday,12:15,01:15,DBMS,Prof. Faculty 110,CO-152
3293,BE,Computer Engineering,SY,4,B,Wednesday,02:00,03:00,Mathematics,Prof. Faculty 125,CO-199
3294,BE,Computer Engineering,SY,4,B,Wednesday,03:00,04:00,Web Development,Prof. Faculty 250,CO-210
3295,BE,Computer Engineering,SY,4,B,Thursday,09:00,10:00,Electrical Machines,Prof. Faculty 004,CO-216
3296,BE,Computer Engineering,SY,4,B,Thursday,10:00,11:00,Cyber Security,Prof. Faculty 074,CO-308
3297,BE,Computer Engineering,SY,4,B,Thursday,11:15,12:15,Python Programming,Prof. Faculty 090,CO-117
3298,BE,Computer Engineering,SY,4,B,Thursday,12:15,01:15,DBMS,Prof. Faculty 040,CO-267
3299,BE,Computer Engineering,SY,4,B,Thursday,02:00,03:00,AI Fundamentals,Prof. Faculty 135,CO-254
3300,BE,Computer Engineering,SY,4,B,Thursday,03:00,04:00,Operating Systems,Prof. Faculty 131,CO-283
3301,BE,Computer Engineering,SY,4,B,Friday,09:00,10:00,Data Structures,Prof. Faculty 223,CO-239
3302,BE,Computer Engineering,SY,4,B,Friday,10:00,11:00,Mathematics,Prof. Faculty 244,CO-215
3303,BE,Computer Engineering,SY,4,B,Friday,11:15,12:15,Project Lab,Prof. Faculty 086,CO-133
3304,BE,Computer Engineering,SY,4,B,Friday,12:15,01:15,Electrical Machines,Prof. Faculty 087,CO-197
3305,BE,Computer Engineering,SY,4,B,Friday,02:00,03:00,Cloud Computing,Prof. Faculty 215,CO-281
3306,BE,Computer Engineering,SY,4,B,Friday,03:00,04:00,Web Development,Prof. Faculty 170,CO-267
3307,BE,Computer Engineering,SY,4,B,Saturday,09:00,10:00,Web Development,Prof. Faculty 101,CO-212
3308,BE,Computer Engineering,SY,4,B,Saturday,10:00,11:00,Thermodynamics,Prof. Faculty 181,CO-209
3309,BE,Computer Engineering,SY,4,B,Saturday,11:15,12:15,Python Programming,Prof. Faculty 070,CO-288
3310,BE,Computer Engineering,SY,4,B,Saturday,12:15,01:15,Surveying,Prof. Faculty 125,CO-295
3311,BE,Computer Engineering,SY,4,B,Saturday,02:00,03:00,Cyber Security,Prof. Faculty 245,CO-114
3312,BE,Computer Engineering,SY,4,B,Saturday,03:00,04:00,Software Engineering,Prof. Faculty 197,CO-199
3313,BE,Computer Engineering,TY,5,A,Monday,09:00,10:00,Mathematics,Prof. Faculty 098,CO-265
3314,BE,Computer Engineering,TY,5,A,Monday,10:00,11:00,AI Fundamentals,Prof. Faculty 105,CO-320
3315,BE,Computer Engineering,TY,5,A,Monday,11:15,12:15,CAD/CAM,Prof. Faculty 217,CO-189
3316,BE,Computer Engineering,TY,5,A,Monday,12:15,01:15,Electrical Machines,Prof. Faculty 080,CO-307
3317,BE,Computer Engineering,TY,5,A,Monday,02:00,03:00,Cloud Computing,Prof. Faculty 038,CO-166
3318,BE,Computer Engineering,TY,5,A,Monday,03:00,04:00,CAD/CAM,Prof. Faculty 118,CO-116
3319,BE,Computer Engineering,TY,5,A,Tuesday,09:00,10:00,Project Lab,Prof. Faculty 067,CO-186
3320,BE,Computer Engineering,TY,5,A,Tuesday,10:00,11:00,Software Engineering,Prof. Faculty 060,CO-181
3321,BE,Computer Engineering,TY,5,A,Tuesday,11:15,12:15,Java Programming,Prof. Faculty 139,CO-222
3322,BE,Computer Engineering,TY,5,A,Tuesday,12:15,01:15,Physics,Prof. Faculty 182,CO-148
3323,BE,Computer Engineering,TY,5,A,Tuesday,02:00,03:00,Machine Learning,Prof. Faculty 236,CO-251
3324,BE,Computer Engineering,TY,5,A,Tuesday,03:00,04:00,Python Programming,Prof. Faculty 102,CO-232
3325,BE,Computer Engineering,TY,5,A,Wednesday,09:00,10:00,Cyber Security,Prof. Faculty 050,CO-295
3326,BE,Computer Engineering,TY,5,A,Wednesday,10:00,11:00,Project Lab,Prof. Faculty 187,CO-258
3327,BE,Computer Engineering,TY,5,A,Wednesday,11:15,12:15,Physics,Prof. Faculty 153,CO-180
3328,BE,Computer Engineering,TY,5,A,Wednesday,12:15,01:15,Digital Electronics,Prof. Faculty 042,CO-218
3329,BE,Computer Engineering,TY,5,A,Wednesday,02:00,03:00,DBMS,Prof. Faculty 016,CO-141
3330,BE,Computer Engineering,TY,5,A,Wednesday,03:00,04:00,Machine Learning,Prof. Faculty 176,CO-176
3331,BE,Computer Engineering,TY,5,A,Thursday,09:00,10:00,CAD/CAM,Prof. Faculty 208,CO-116
3332,BE,Computer Engineering,TY,5,A,Thursday,10:00,11:00,Surveying,Prof. Faculty 198,CO-251
3333,BE,Computer Engineering,TY,5,A,Thursday,11:15,12:15,CAD/CAM,Prof. Faculty 061,CO-257
3334,BE,Computer Engineering,TY,5,A,Thursday,12:15,01:15,AI Fundamentals,Prof. Faculty 148,CO-149
3335,BE,Computer Engineering,TY,5,A,Thursday,02:00,03:00,Cyber Security,Prof. Faculty 217,CO-173
3336,BE,Computer Engineering,TY,5,A,Thursday,03:00,04:00,Web Development,Prof. Faculty 132,CO-283
3337,BE,Computer Engineering,TY,5,A,Friday,09:00,10:00,Machine Learning,Prof. Faculty 057,CO-260
3338,BE,Computer Engineering,TY,5,A,Friday,10:00,11:00,Python Programming,Prof. Faculty 027,CO-236
3339,BE,Computer Engineering,TY,5,A,Friday,11:15,12:15,Cloud Computing,Prof. Faculty 008,CO-251
3340,BE,Computer Engineering,TY,5,A,Friday,12:15,01:15,Mathematics,Prof. Faculty 089,CO-265
3341,BE,Computer Engineering,TY,5,A,Friday,02:00,03:00,Digital Electronics,Prof. Faculty 100,CO-235
3342,BE,Computer Engineering,TY,5,A,Friday,03:00,04:00,Machine Learning,Prof. Faculty 034,CO-218
3343,BE,Computer Engineering,TY,5,A,Saturday,09:00,10:00,Software Engineering,Prof. Faculty 053,CO-102
3344,BE,Computer Engineering,TY,5,A,Saturday,10:00,11:00,Computer Networks,Prof. Faculty 154,CO-134
3345,BE,Computer Engineering,TY,5,A,Saturday,11:15,12:15,AI Fundamentals,Prof. Faculty 225,CO-255
3346,BE,Computer Engineering,TY,5,A,Saturday,12:15,01:15,Physics,Prof. Faculty 146,CO-265
3347,BE,Computer Engineering,TY,5,A,Saturday,02:00,03:00,Operating Systems,Prof. Faculty 190,CO-172
3348,BE,Computer Engineering,TY,5,A,Saturday,03:00,04:00,Machine Learning,Prof. Faculty 149,CO-102
3349,BE,Computer Engineering,TY,5,B,Monday,09:00,10:00,Web Development,Prof. Faculty 137,CO-267
3350,BE,Computer Engineering,TY,5,B,Monday,10:00,11:00,Mathematics,Prof. Faculty 220,CO-116
3351,BE,Computer Engineering,TY,5,B,Monday,11:15,12:15,Computer Networks,Prof. Faculty 093,CO-312
3352,BE,Computer Engineering,TY,5,B,Monday,12:15,01:15,Surveying,Prof. Faculty 011,CO-151
3353,BE,Computer Engineering,TY,5,B,Monday,02:00,03:00,Machine Learning,Prof. Faculty 218,CO-278
3354,BE,Computer Engineering,TY,5,B,Monday,03:00,04:00,Cloud Computing,Prof. Faculty 016,CO-187
3355,BE,Computer Engineering,TY,5,B,Tuesday,09:00,10:00,Machine Learning,Prof. Faculty 078,CO-122
3356,BE,Computer Engineering,TY,5,B,Tuesday,10:00,11:00,Computer Networks,Prof. Faculty 100,CO-293
3357,BE,Computer Engineering,TY,5,B,Tuesday,11:15,12:15,Cloud Computing,Prof. Faculty 162,CO-150
3358,BE,Computer Engineering,TY,5,B,Tuesday,12:15,01:15,Operating Systems,Prof. Faculty 077,CO-247
3359,BE,Computer Engineering,TY,5,B,Tuesday,02:00,03:00,Machine Learning,Prof. Faculty 072,CO-247
3360,BE,Computer Engineering,TY,5,B,Tuesday,03:00,04:00,Operating Systems,Prof. Faculty 159,CO-223
3361,BE,Computer Engineering,TY,5,B,Wednesday,09:00,10:00,Digital Electronics,Prof. Faculty 087,CO-242
3362,BE,Computer Engineering,TY,5,B,Wednesday,10:00,11:00,Electrical Machines,Prof. Faculty 066,CO-240
3363,BE,Computer Engineering,TY,5,B,Wednesday,11:15,12:15,Cyber Security,Prof. Faculty 215,CO-186
3364,BE,Computer Engineering,TY,5,B,Wednesday,12:15,01:15,Surveying,Prof. Faculty 223,CO-210
3365,BE,Computer Engineering,TY,5,B,Wednesday,02:00,03:00,CAD/CAM,Prof. Faculty 025,CO-234
3366,BE,Computer Engineering,TY,5,B,Wednesday,03:00,04:00,Machine Learning,Prof. Faculty 027,CO-255
3367,BE,Computer Engineering,TY,5,B,Thursday,09:00,10:00,Web Development,Prof. Faculty 113,CO-108
3368,BE,Computer Engineering,TY,5,B,Thursday,10:00,11:00,CAD/CAM,Prof. Faculty 230,CO-161
3369,BE,Computer Engineering,TY,5,B,Thursday,11:15,12:15,Surveying,Prof. Faculty 194,CO-127
3370,BE,Computer Engineering,TY,5,B,Thursday,12:15,01:15,Project Lab,Prof. Faculty 147,CO-320
3371,BE,Computer Engineering,TY,5,B,Thursday,02:00,03:00,Web Development,Prof. Faculty 120,CO-202
3372,BE,Computer Engineering,TY,5,B,Thursday,03:00,04:00,Cloud Computing,Prof. Faculty 202,CO-211
3373,BE,Computer Engineering,TY,5,B,Friday,09:00,10:00,AI Fundamentals,Prof. Faculty 187,CO-219
3374,BE,Computer Engineering,TY,5,B,Friday,10:00,11:00,CAD/CAM,Prof. Faculty 068,CO-302
3375,BE,Computer Engineering,TY,5,B,Friday,11:15,12:15,Web Development,Prof. Faculty 198,CO-231
3376,BE,Computer Engineering,TY,5,B,Friday,12:15,01:15,Operating Systems,Prof. Faculty 196,CO-166
3377,BE,Computer Engineering,TY,5,B,Friday,02:00,03:00,Cloud Computing,Prof. Faculty 128,CO-226
3378,BE,Computer Engineering,TY,5,B,Friday,03:00,04:00,Thermodynamics,Prof. Faculty 109,CO-132
3379,BE,Computer Engineering,TY,5,B,Saturday,09:00,10:00,Software Engineering,Prof. Faculty 024,CO-159
3380,BE,Computer Engineering,TY,5,B,Saturday,10:00,11:00,Operating Systems,Prof. Faculty 185,CO-228
3381,BE,Computer Engineering,TY,5,B,Saturday,11:15,12:15,Machine Learning,Prof. Faculty 099,CO-115
3382,BE,Computer Engineering,TY,5,B,Saturday,12:15,01:15,Data Structures,Prof. Faculty 178,CO-108
3383,BE,Computer Engineering,TY,5,B,Saturday,02:00,03:00,Software Engineering,Prof. Faculty 144,CO-135
3384,BE,Computer Engineering,TY,5,B,Saturday,03:00,04:00,Web Development,Prof. Faculty 167,CO-229
3385,BE,Computer Engineering,TY,6,A,Monday,09:00,10:00,Cyber Security,Prof. Faculty 073,CO-184
3386,BE,Computer Engineering,TY,6,A,Monday,10:00,11:00,Data Structures,Prof. Faculty 188,CO-142
3387,BE,Computer Engineering,TY,6,A,Monday,11:15,12:15,AI Fundamentals,Prof. Faculty 232,CO-281
3388,BE,Computer Engineering,TY,6,A,Monday,12:15,01:15,CAD/CAM,Prof. Faculty 238,CO-266
3389,BE,Computer Engineering,TY,6,A,Monday,02:00,03:00,Surveying,Prof. Faculty 219,CO-301
3390,BE,Computer Engineering,TY,6,A,Monday,03:00,04:00,Data Structures,Prof. Faculty 199,CO-293
3391,BE,Computer Engineering,TY,6,A,Tuesday,09:00,10:00,Java Programming,Prof. Faculty 121,CO-176
3392,BE,Computer Engineering,TY,6,A,Tuesday,10:00,11:00,Data Structures,Prof. Faculty 197,CO-286
3393,BE,Computer Engineering,TY,6,A,Tuesday,11:15,12:15,AI Fundamentals,Prof. Faculty 137,CO-147
3394,BE,Computer Engineering,TY,6,A,Tuesday,12:15,01:15,Thermodynamics,Prof. Faculty 250,CO-215
3395,BE,Computer Engineering,TY,6,A,Tuesday,02:00,03:00,Cyber Security,Prof. Faculty 144,CO-270
3396,BE,Computer Engineering,TY,6,A,Tuesday,03:00,04:00,Python Programming,Prof. Faculty 087,CO-175
3397,BE,Computer Engineering,TY,6,A,Wednesday,09:00,10:00,CAD/CAM,Prof. Faculty 232,CO-309
3398,BE,Computer Engineering,TY,6,A,Wednesday,10:00,11:00,Electrical Machines,Prof. Faculty 131,CO-157
3399,BE,Computer Engineering,TY,6,A,Wednesday,11:15,12:15,Digital Electronics,Prof. Faculty 231,CO-118
3400,BE,Computer Engineering,TY,6,A,Wednesday,12:15,01:15,Thermodynamics,Prof. Faculty 067,CO-196
3401,BE,Computer Engineering,TY,6,A,Wednesday,02:00,03:00,Cyber Security,Prof. Faculty 178,CO-192
3402,BE,Computer Engineering,TY,6,A,Wednesday,03:00,04:00,Physics,Prof. Faculty 131,CO-193
3403,BE,Computer Engineering,TY,6,A,Thursday,09:00,10:00,Python Programming,Prof. Faculty 070,CO-104
3404,BE,Computer Engineering,TY,6,A,Thursday,10:00,11:00,Electrical Machines,Prof. Faculty 113,CO-313
3405,BE,Computer Engineering,TY,6,A,Thursday,11:15,12:15,Machine Learning,Prof. Faculty 234,CO-240
3406,BE,Computer Engineering,TY,6,A,Thursday,12:15,01:15,Cyber Security,Prof. Faculty 190,CO-198
3407,BE,Computer Engineering,TY,6,A,Thursday,02:00,03:00,Cloud Computing,Prof. Faculty 152,CO-289
3408,BE,Computer Engineering,TY,6,A,Thursday,03:00,04:00,AI Fundamentals,Prof. Faculty 080,CO-252
3409,BE,Computer Engineering,TY,6,A,Friday,09:00,10:00,Data Structures,Prof. Faculty 224,CO-132
3410,BE,Computer Engineering,TY,6,A,Friday,10:00,11:00,Physics,Prof. Faculty 025,CO-244
3411,BE,Computer Engineering,TY,6,A,Friday,11:15,12:15,Java Programming,Prof. Faculty 135,CO-312
3412,BE,Computer Engineering,TY,6,A,Friday,12:15,01:15,AI Fundamentals,Prof. Faculty 082,CO-235
3413,BE,Computer Engineering,TY,6,A,Friday,02:00,03:00,Machine Learning,Prof. Faculty 214,CO-317
3414,BE,Computer Engineering,TY,6,A,Friday,03:00,04:00,Java Programming,Prof. Faculty 159,CO-228
3415,BE,Computer Engineering,TY,6,A,Saturday,09:00,10:00,Electrical Machines,Prof. Faculty 205,CO-270
3416,BE,Computer Engineering,TY,6,A,Saturday,10:00,11:00,Operating Systems,Prof. Faculty 208,CO-107
3417,BE,Computer Engineering,TY,6,A,Saturday,11:15,12:15,Cloud Computing,Prof. Faculty 032,CO-185
3418,BE,Computer Engineering,TY,6,A,Saturday,12:15,01:15,Physics,Prof. Faculty 132,CO-195
3419,BE,Computer Engineering,TY,6,A,Saturday,02:00,03:00,Software Engineering,Prof. Faculty 118,CO-198
3420,BE,Computer Engineering,TY,6,A,Saturday,03:00,04:00,Python Programming,Prof. Faculty 225,CO-132
3421,BE,Computer Engineering,TY,6,B,Monday,09:00,10:00,Thermodynamics,Prof. Faculty 103,CO-211
3422,BE,Computer Engineering,TY,6,B,Monday,10:00,11:00,Digital Electronics,Prof. Faculty 130,CO-126
3423,BE,Computer Engineering,TY,6,B,Monday,11:15,12:15,Physics,Prof. Faculty 008,CO-139
3424,BE,Computer Engineering,TY,6,B,Monday,12:15,01:15,Thermodynamics,Prof. Faculty 052,CO-273
3425,BE,Computer Engineering,TY,6,B,Monday,02:00,03:00,Machine Learning,Prof. Faculty 190,CO-316
3426,BE,Computer Engineering,TY,6,B,Monday,03:00,04:00,Surveying,Prof. Faculty 096,CO-193
3427,BE,Computer Engineering,TY,6,B,Tuesday,09:00,10:00,DBMS,Prof. Faculty 144,CO-129
3428,BE,Computer Engineering,TY,6,B,Tuesday,10:00,11:00,Digital Electronics,Prof. Faculty 233,CO-163
3429,BE,Computer Engineering,TY,6,B,Tuesday,11:15,12:15,Cyber Security,Prof. Faculty 084,CO-300
3430,BE,Computer Engineering,TY,6,B,Tuesday,12:15,01:15,Computer Networks,Prof. Faculty 179,CO-174
3431,BE,Computer Engineering,TY,6,B,Tuesday,02:00,03:00,Digital Electronics,Prof. Faculty 223,CO-203
3432,BE,Computer Engineering,TY,6,B,Tuesday,03:00,04:00,Digital Electronics,Prof. Faculty 224,CO-149
3433,BE,Computer Engineering,TY,6,B,Wednesday,09:00,10:00,DBMS,Prof. Faculty 160,CO-104
3434,BE,Computer Engineering,TY,6,B,Wednesday,10:00,11:00,DBMS,Prof. Faculty 245,CO-224
3435,BE,Computer Engineering,TY,6,B,Wednesday,11:15,12:15,DBMS,Prof. Faculty 229,CO-200
3436,BE,Computer Engineering,TY,6,B,Wednesday,12:15,01:15,Cyber Security,Prof. Faculty 034,CO-193
3437,BE,Computer Engineering,TY,6,B,Wednesday,02:00,03:00,Java Programming,Prof. Faculty 072,CO-167
3438,BE,Computer Engineering,TY,6,B,Wednesday,03:00,04:00,Physics,Prof. Faculty 105,CO-265
3439,BE,Computer Engineering,TY,6,B,Thursday,09:00,10:00,Computer Networks,Prof. Faculty 103,CO-186
3440,BE,Computer Engineering,TY,6,B,Thursday,10:00,11:00,Data Structures,Prof. Faculty 057,CO-107
3441,BE,Computer Engineering,TY,6,B,Thursday,11:15,12:15,Physics,Prof. Faculty 166,CO-203
3442,BE,Computer Engineering,TY,6,B,Thursday,12:15,01:15,Mathematics,Prof. Faculty 061,CO-163
3443,BE,Computer Engineering,TY,6,B,Thursday,02:00,03:00,Thermodynamics,Prof. Faculty 040,CO-308
3444,BE,Computer Engineering,TY,6,B,Thursday,03:00,04:00,Thermodynamics,Prof. Faculty 094,CO-177
3445,BE,Computer Engineering,TY,6,B,Friday,09:00,10:00,Digital Electronics,Prof. Faculty 225,CO-115
3446,BE,Computer Engineering,TY,6,B,Friday,10:00,11:00,Surveying,Prof. Faculty 131,CO-126
3447,BE,Computer Engineering,TY,6,B,Friday,11:15,12:15,DBMS,Prof. Faculty 179,CO-102
3448,BE,Computer Engineering,TY,6,B,Friday,12:15,01:15,Cloud Computing,Prof. Faculty 153,CO-123
3449,BE,Computer Engineering,TY,6,B,Friday,02:00,03:00,Cloud Computing,Prof. Faculty 115,CO-127
3450,BE,Computer Engineering,TY,6,B,Friday,03:00,04:00,Python Programming,Prof. Faculty 225,CO-276
3451,BE,Computer Engineering,TY,6,B,Saturday,09:00,10:00,Software Engineering,Prof. Faculty 004,CO-247
3452,BE,Computer Engineering,TY,6,B,Saturday,10:00,11:00,Physics,Prof. Faculty 078,CO-187
3453,BE,Computer Engineering,TY,6,B,Saturday,11:15,12:15,Web Development,Prof. Faculty 166,CO-221
3454,BE,Computer Engineering,TY,6,B,Saturday,12:15,01:15,Electrical Machines,Prof. Faculty 069,CO-185
3455,BE,Computer Engineering,TY,6,B,Saturday,02:00,03:00,DBMS,Prof. Faculty 034,CO-288
3456,BE,Computer Engineering,TY,6,B,Saturday,03:00,04:00,Digital Electronics,Prof. Faculty 003,CO-169
3457,BE,Computer Engineering,LY,7,A,Monday,09:00,10:00,Mathematics,Prof. Faculty 145,CO-147
3458,BE,Computer Engineering,LY,7,A,Monday,10:00,11:00,Surveying,Prof. Faculty 249,CO-181
3459,BE,Computer Engineering,LY,7,A,Monday,11:15,12:15,Surveying,Prof. Faculty 116,CO-113
3460,BE,Computer Engineering,LY,7,A,Monday,12:15,01:15,Software Engineering,Prof. Faculty 092,CO-279
3461,BE,Computer Engineering,LY,7,A,Monday,02:00,03:00,Physics,Prof. Faculty 105,CO-226
3462,BE,Computer Engineering,LY,7,A,Monday,03:00,04:00,Cloud Computing,Prof. Faculty 161,CO-207
3463,BE,Computer Engineering,LY,7,A,Tuesday,09:00,10:00,Data Structures,Prof. Faculty 133,CO-227
3464,BE,Computer Engineering,LY,7,A,Tuesday,10:00,11:00,Machine Learning,Prof. Faculty 047,CO-200
3465,BE,Computer Engineering,LY,7,A,Tuesday,11:15,12:15,Java Programming,Prof. Faculty 067,CO-251
3466,BE,Computer Engineering,LY,7,A,Tuesday,12:15,01:15,Web Development,Prof. Faculty 241,CO-173
3467,BE,Computer Engineering,LY,7,A,Tuesday,02:00,03:00,Digital Electronics,Prof. Faculty 054,CO-136
3468,BE,Computer Engineering,LY,7,A,Tuesday,03:00,04:00,Machine Learning,Prof. Faculty 073,CO-190
3469,BE,Computer Engineering,LY,7,A,Wednesday,09:00,10:00,DBMS,Prof. Faculty 223,CO-269
3470,BE,Computer Engineering,LY,7,A,Wednesday,10:00,11:00,Surveying,Prof. Faculty 193,CO-274
3471,BE,Computer Engineering,LY,7,A,Wednesday,11:15,12:15,Cyber Security,Prof. Faculty 002,CO-262
3472,BE,Computer Engineering,LY,7,A,Wednesday,12:15,01:15,Software Engineering,Prof. Faculty 088,CO-210
3473,BE,Computer Engineering,LY,7,A,Wednesday,02:00,03:00,Java Programming,Prof. Faculty 078,CO-297
3474,BE,Computer Engineering,LY,7,A,Wednesday,03:00,04:00,Digital Electronics,Prof. Faculty 145,CO-256
3475,BE,Computer Engineering,LY,7,A,Thursday,09:00,10:00,Software Engineering,Prof. Faculty 196,CO-292
3476,BE,Computer Engineering,LY,7,A,Thursday,10:00,11:00,Cyber Security,Prof. Faculty 159,CO-310
3477,BE,Computer Engineering,LY,7,A,Thursday,11:15,12:15,Project Lab,Prof. Faculty 068,CO-186
3478,BE,Computer Engineering,LY,7,A,Thursday,12:15,01:15,CAD/CAM,Prof. Faculty 094,CO-102
3479,BE,Computer Engineering,LY,7,A,Thursday,02:00,03:00,Computer Networks,Prof. Faculty 027,CO-171
3480,BE,Computer Engineering,LY,7,A,Thursday,03:00,04:00,Project Lab,Prof. Faculty 046,CO-151
3481,BE,Computer Engineering,LY,7,A,Friday,09:00,10:00,Thermodynamics,Prof. Faculty 131,CO-259
3482,BE,Computer Engineering,LY,7,A,Friday,10:00,11:00,Machine Learning,Prof. Faculty 084,CO-280
3483,BE,Computer Engineering,LY,7,A,Friday,11:15,12:15,Machine Learning,Prof. Faculty 239,CO-203
3484,BE,Computer Engineering,LY,7,A,Friday,12:15,01:15,Cyber Security,Prof. Faculty 194,CO-114
3485,BE,Computer Engineering,LY,7,A,Friday,02:00,03:00,Web Development,Prof. Faculty 018,CO-147
3486,BE,Computer Engineering,LY,7,A,Friday,03:00,04:00,DBMS,Prof. Faculty 146,CO-210
3487,BE,Computer Engineering,LY,7,A,Saturday,09:00,10:00,Cloud Computing,Prof. Faculty 112,CO-281
3488,BE,Computer Engineering,LY,7,A,Saturday,10:00,11:00,Computer Networks,Prof. Faculty 181,CO-130
3489,BE,Computer Engineering,LY,7,A,Saturday,11:15,12:15,Project Lab,Prof. Faculty 211,CO-245
3490,BE,Computer Engineering,LY,7,A,Saturday,12:15,01:15,Software Engineering,Prof. Faculty 235,CO-228
3491,BE,Computer Engineering,LY,7,A,Saturday,02:00,03:00,Web Development,Prof. Faculty 141,CO-284
3492,BE,Computer Engineering,LY,7,A,Saturday,03:00,04:00,Project Lab,Prof. Faculty 008,CO-268
3493,BE,Computer Engineering,LY,7,B,Monday,09:00,10:00,Digital Electronics,Prof. Faculty 076,CO-131
3494,BE,Computer Engineering,LY,7,B,Monday,10:00,11:00,Thermodynamics,Prof. Faculty 065,CO-278
3495,BE,Computer Engineering,LY,7,B,Monday,11:15,12:15,DBMS,Prof. Faculty 187,CO-188
3496,BE,Computer Engineering,LY,7,B,Monday,12:15,01:15,Digital Electronics,Prof. Faculty 141,CO-188
3497,BE,Computer Engineering,LY,7,B,Monday,02:00,03:00,Python Programming,Prof. Faculty 018,CO-123
3498,BE,Computer Engineering,LY,7,B,Monday,03:00,04:00,Software Engineering,Prof. Faculty 025,CO-310
3499,BE,Computer Engineering,LY,7,B,Tuesday,09:00,10:00,Digital Electronics,Prof. Faculty 049,CO-242
3500,BE,Computer Engineering,LY,7,B,Tuesday,10:00,11:00,Mathematics,Prof. Faculty 028,CO-287
3501,BE,Computer Engineering,LY,7,B,Tuesday,11:15,12:15,Computer Networks,Prof. Faculty 093,CO-131
3502,BE,Computer Engineering,LY,7,B,Tuesday,12:15,01:15,DBMS,Prof. Faculty 244,CO-149
3503,BE,Computer Engineering,LY,7,B,Tuesday,02:00,03:00,Cyber Security,Prof. Faculty 092,CO-277
3504,BE,Computer Engineering,LY,7,B,Tuesday,03:00,04:00,Surveying,Prof. Faculty 194,CO-305
3505,BE,Computer Engineering,LY,7,B,Wednesday,09:00,10:00,AI Fundamentals,Prof. Faculty 223,CO-290
3506,BE,Computer Engineering,LY,7,B,Wednesday,10:00,11:00,DBMS,Prof. Faculty 087,CO-180
3507,BE,Computer Engineering,LY,7,B,Wednesday,11:15,12:15,Python Programming,Prof. Faculty 162,CO-255
3508,BE,Computer Engineering,LY,7,B,Wednesday,12:15,01:15,Machine Learning,Prof. Faculty 214,CO-283
3509,BE,Computer Engineering,LY,7,B,Wednesday,02:00,03:00,Electrical Machines,Prof. Faculty 242,CO-311
3510,BE,Computer Engineering,LY,7,B,Wednesday,03:00,04:00,Physics,Prof. Faculty 102,CO-313
3511,BE,Computer Engineering,LY,7,B,Thursday,09:00,10:00,Operating Systems,Prof. Faculty 126,CO-301
3512,BE,Computer Engineering,LY,7,B,Thursday,10:00,11:00,Cloud Computing,Prof. Faculty 018,CO-303
3513,BE,Computer Engineering,LY,7,B,Thursday,11:15,12:15,DBMS,Prof. Faculty 176,CO-137
3514,BE,Computer Engineering,LY,7,B,Thursday,12:15,01:15,Physics,Prof. Faculty 063,CO-149
3515,BE,Computer Engineering,LY,7,B,Thursday,02:00,03:00,Web Development,Prof. Faculty 082,CO-107
3516,BE,Computer Engineering,LY,7,B,Thursday,03:00,04:00,Physics,Prof. Faculty 105,CO-185
3517,BE,Computer Engineering,LY,7,B,Friday,09:00,10:00,Electrical Machines,Prof. Faculty 028,CO-166
3518,BE,Computer Engineering,LY,7,B,Friday,10:00,11:00,Physics,Prof. Faculty 203,CO-255
3519,BE,Computer Engineering,LY,7,B,Friday,11:15,12:15,Software Engineering,Prof. Faculty 045,CO-219
3520,BE,Computer Engineering,LY,7,B,Friday,12:15,01:15,Java Programming,Prof. Faculty 086,CO-182
3521,BE,Computer Engineering,LY,7,B,Friday,02:00,03:00,Surveying,Prof. Faculty 129,CO-297
3522,BE,Computer Engineering,LY,7,B,Friday,03:00,04:00,Electrical Machines,Prof. Faculty 227,CO-101
3523,BE,Computer Engineering,LY,7,B,Saturday,09:00,10:00,Machine Learning,Prof. Faculty 029,CO-217
3524,BE,Computer Engineering,LY,7,B,Saturday,10:00,11:00,Surveying,Prof. Faculty 154,CO-304
3525,BE,Computer Engineering,LY,7,B,Saturday,11:15,12:15,Machine Learning,Prof. Faculty 135,CO-201
3526,BE,Computer Engineering,LY,7,B,Saturday,12:15,01:15,Python Programming,Prof. Faculty 166,CO-173
3527,BE,Computer Engineering,LY,7,B,Saturday,02:00,03:00,Cyber Security,Prof. Faculty 244,CO-316
3528,BE,Computer Engineering,LY,7,B,Saturday,03:00,04:00,Machine Learning,Prof. Faculty 050,CO-154
3529,BE,Computer Engineering,LY,8,A,Monday,09:00,10:00,Web Development,Prof. Faculty 173,CO-143
3530,BE,Computer Engineering,LY,8,A,Monday,10:00,11:00,Machine Learning,Prof. Faculty 050,CO-315
3531,BE,Computer Engineering,LY,8,A,Monday,11:15,12:15,Project Lab,Prof. Faculty 044,CO-101
3532,BE,Computer Engineering,LY,8,A,Monday,12:15,01:15,Thermodynamics,Prof. Faculty 060,CO-263
3533,BE,Computer Engineering,LY,8,A,Monday,02:00,03:00,Computer Networks,Prof. Faculty 249,CO-191
3534,BE,Computer Engineering,LY,8,A,Monday,03:00,04:00,CAD/CAM,Prof. Faculty 025,CO-147
3535,BE,Computer Engineering,LY,8,A,Tuesday,09:00,10:00,DBMS,Prof. Faculty 102,CO-110
3536,BE,Computer Engineering,LY,8,A,Tuesday,10:00,11:00,Operating Systems,Prof. Faculty 006,CO-191
3537,BE,Computer Engineering,LY,8,A,Tuesday,11:15,12:15,Data Structures,Prof. Faculty 155,CO-146
3538,BE,Computer Engineering,LY,8,A,Tuesday,12:15,01:15,Electrical Machines,Prof. Faculty 143,CO-240
3539,BE,Computer Engineering,LY,8,A,Tuesday,02:00,03:00,Java Programming,Prof. Faculty 200,CO-247
3540,BE,Computer Engineering,LY,8,A,Tuesday,03:00,04:00,Data Structures,Prof. Faculty 146,CO-172
3541,BE,Computer Engineering,LY,8,A,Wednesday,09:00,10:00,Thermodynamics,Prof. Faculty 034,CO-286
3542,BE,Computer Engineering,LY,8,A,Wednesday,10:00,11:00,Mathematics,Prof. Faculty 020,CO-202
3543,BE,Computer Engineering,LY,8,A,Wednesday,11:15,12:15,Surveying,Prof. Faculty 154,CO-201
3544,BE,Computer Engineering,LY,8,A,Wednesday,12:15,01:15,Thermodynamics,Prof. Faculty 225,CO-181
3545,BE,Computer Engineering,LY,8,A,Wednesday,02:00,03:00,Operating Systems,Prof. Faculty 191,CO-176
3546,BE,Computer Engineering,LY,8,A,Wednesday,03:00,04:00,Software Engineering,Prof. Faculty 155,CO-316
3547,BE,Computer Engineering,LY,8,A,Thursday,09:00,10:00,CAD/CAM,Prof. Faculty 149,CO-128
3548,BE,Computer Engineering,LY,8,A,Thursday,10:00,11:00,Electrical Machines,Prof. Faculty 057,CO-137
3549,BE,Computer Engineering,LY,8,A,Thursday,11:15,12:15,Data Structures,Prof. Faculty 241,CO-259
3550,BE,Computer Engineering,LY,8,A,Thursday,12:15,01:15,Python Programming,Prof. Faculty 088,CO-225
3551,BE,Computer Engineering,LY,8,A,Thursday,02:00,03:00,AI Fundamentals,Prof. Faculty 105,CO-230
3552,BE,Computer Engineering,LY,8,A,Thursday,03:00,04:00,CAD/CAM,Prof. Faculty 163,CO-185
3553,BE,Computer Engineering,LY,8,A,Friday,09:00,10:00,Cloud Computing,Prof. Faculty 163,CO-186
3554,BE,Computer Engineering,LY,8,A,Friday,10:00,11:00,Java Programming,Prof. Faculty 135,CO-301
3555,BE,Computer Engineering,LY,8,A,Friday,11:15,12:15,CAD/CAM,Prof. Faculty 035,CO-317
3556,BE,Computer Engineering,LY,8,A,Friday,12:15,01:15,Electrical Machines,Prof. Faculty 115,CO-113
3557,BE,Computer Engineering,LY,8,A,Friday,02:00,03:00,Digital Electronics,Prof. Faculty 197,CO-164
3558,BE,Computer Engineering,LY,8,A,Friday,03:00,04:00,AI Fundamentals,Prof. Faculty 084,CO-302
3559,BE,Computer Engineering,LY,8,A,Saturday,09:00,10:00,Web Development,Prof. Faculty 172,CO-114
3560,BE,Computer Engineering,LY,8,A,Saturday,10:00,11:00,Web Development,Prof. Faculty 006,CO-306
3561,BE,Computer Engineering,LY,8,A,Saturday,11:15,12:15,Machine Learning,Prof. Faculty 094,CO-183
3562,BE,Computer Engineering,LY,8,A,Saturday,12:15,01:15,Cloud Computing,Prof. Faculty 056,CO-160
3563,BE,Computer Engineering,LY,8,A,Saturday,02:00,03:00,Web Development,Prof. Faculty 170,CO-298
3564,BE,Computer Engineering,LY,8,A,Saturday,03:00,04:00,AI Fundamentals,Prof. Faculty 209,CO-185
3565,BE,Computer Engineering,LY,8,B,Monday,09:00,10:00,Cloud Computing,Prof. Faculty 128,CO-135
3566,BE,Computer Engineering,LY,8,B,Monday,10:00,11:00,Mathematics,Prof. Faculty 102,CO-162
3567,BE,Computer Engineering,LY,8,B,Monday,11:15,12:15,DBMS,Prof. Faculty 078,CO-264
3568,BE,Computer Engineering,LY,8,B,Monday,12:15,01:15,DBMS,Prof. Faculty 133,CO-141
3569,BE,Computer Engineering,LY,8,B,Monday,02:00,03:00,Python Programming,Prof. Faculty 181,CO-117
3570,BE,Computer Engineering,LY,8,B,Monday,03:00,04:00,Electrical Machines,Prof. Faculty 106,CO-210
3571,BE,Computer Engineering,LY,8,B,Tuesday,09:00,10:00,DBMS,Prof. Faculty 164,CO-235
3572,BE,Computer Engineering,LY,8,B,Tuesday,10:00,11:00,Data Structures,Prof. Faculty 114,CO-169
3573,BE,Computer Engineering,LY,8,B,Tuesday,11:15,12:15,AI Fundamentals,Prof. Faculty 144,CO-226
3574,BE,Computer Engineering,LY,8,B,Tuesday,12:15,01:15,Mathematics,Prof. Faculty 029,CO-155
3575,BE,Computer Engineering,LY,8,B,Tuesday,02:00,03:00,Project Lab,Prof. Faculty 238,CO-112
3576,BE,Computer Engineering,LY,8,B,Tuesday,03:00,04:00,Operating Systems,Prof. Faculty 171,CO-168
3577,BE,Computer Engineering,LY,8,B,Wednesday,09:00,10:00,Cyber Security,Prof. Faculty 198,CO-207
3578,BE,Computer Engineering,LY,8,B,Wednesday,10:00,11:00,Java Programming,Prof. Faculty 038,CO-181
3579,BE,Computer Engineering,LY,8,B,Wednesday,11:15,12:15,DBMS,Prof. Faculty 004,CO-275
3580,BE,Computer Engineering,LY,8,B,Wednesday,12:15,01:15,Cloud Computing,Prof. Faculty 042,CO-217
3581,BE,Computer Engineering,LY,8,B,Wednesday,02:00,03:00,Web Development,Prof. Faculty 046,CO-194
3582,BE,Computer Engineering,LY,8,B,Wednesday,03:00,04:00,Java Programming,Prof. Faculty 096,CO-116
3583,BE,Computer Engineering,LY,8,B,Thursday,09:00,10:00,Electrical Machines,Prof. Faculty 204,CO-127
3584,BE,Computer Engineering,LY,8,B,Thursday,10:00,11:00,CAD/CAM,Prof. Faculty 130,CO-162
3585,BE,Computer Engineering,LY,8,B,Thursday,11:15,12:15,Surveying,Prof. Faculty 060,CO-104
3586,BE,Computer Engineering,LY,8,B,Thursday,12:15,01:15,Python Programming,Prof. Faculty 052,CO-188
3587,BE,Computer Engineering,LY,8,B,Thursday,02:00,03:00,CAD/CAM,Prof. Faculty 070,CO-245
3588,BE,Computer Engineering,LY,8,B,Thursday,03:00,04:00,Data Structures,Prof. Faculty 215,CO-132
3589,BE,Computer Engineering,LY,8,B,Friday,09:00,10:00,Electrical Machines,Prof. Faculty 240,CO-217
3590,BE,Computer Engineering,LY,8,B,Friday,10:00,11:00,AI Fundamentals,Prof. Faculty 183,CO-219
3591,BE,Computer Engineering,LY,8,B,Friday,11:15,12:15,Electrical Machines,Prof. Faculty 145,CO-255
3592,BE,Computer Engineering,LY,8,B,Friday,12:15,01:15,Mathematics,Prof. Faculty 140,CO-154
3593,BE,Computer Engineering,LY,8,B,Friday,02:00,03:00,Operating Systems,Prof. Faculty 203,CO-307
3594,BE,Computer Engineering,LY,8,B,Friday,03:00,04:00,Web Development,Prof. Faculty 098,CO-205
3595,BE,Computer Engineering,LY,8,B,Saturday,09:00,10:00,Cloud Computing,Prof. Faculty 249,CO-143
3596,BE,Computer Engineering,LY,8,B,Saturday,10:00,11:00,Software Engineering,Prof. Faculty 041,CO-291
3597,BE,Computer Engineering,LY,8,B,Saturday,11:15,12:15,Electrical Machines,Prof. Faculty 226,CO-198
3598,BE,Computer Engineering,LY,8,B,Saturday,12:15,01:15,Digital Electronics,Prof. Faculty 143,CO-157
3599,BE,Computer Engineering,LY,8,B,Saturday,02:00,03:00,Mathematics,Prof. Faculty 235,CO-272
3600,BE,Computer Engineering,LY,8,B,Saturday,03:00,04:00,Project Lab,Prof. Faculty 246,CO-314
3601,BE,Information Technology,FY,1,A,Monday,09:00,10:00,Operating Systems,Prof. Faculty 123,IN-251
3602,BE,Information Technology,FY,1,A,Monday,10:00,11:00,Operating Systems,Prof. Faculty 160,IN-119
3603,BE,Information Technology,FY,1,A,Monday,11:15,12:15,DBMS,Prof. Faculty 138,IN-211
3604,BE,Information Technology,FY,1,A,Monday,12:15,01:15,DBMS,Prof. Faculty 005,IN-244
3605,BE,Information Technology,FY,1,A,Monday,02:00,03:00,Cloud Computing,Prof. Faculty 065,IN-241
3606,BE,Information Technology,FY,1,A,Monday,03:00,04:00,Web Development,Prof. Faculty 125,IN-173
3607,BE,Information Technology,FY,1,A,Tuesday,09:00,10:00,Electrical Machines,Prof. Faculty 232,IN-303
3608,BE,Information Technology,FY,1,A,Tuesday,10:00,11:00,Data Structures,Prof. Faculty 008,IN-212
3609,BE,Information Technology,FY,1,A,Tuesday,11:15,12:15,Web Development,Prof. Faculty 126,IN-315
3610,BE,Information Technology,FY,1,A,Tuesday,12:15,01:15,Physics,Prof. Faculty 111,IN-313
3611,BE,Information Technology,FY,1,A,Tuesday,02:00,03:00,Cyber Security,Prof. Faculty 014,IN-148
3612,BE,Information Technology,FY,1,A,Tuesday,03:00,04:00,CAD/CAM,Prof. Faculty 076,IN-171
3613,BE,Information Technology,FY,1,A,Wednesday,09:00,10:00,Surveying,Prof. Faculty 042,IN-184
3614,BE,Information Technology,FY,1,A,Wednesday,10:00,11:00,Project Lab,Prof. Faculty 113,IN-304
3615,BE,Information Technology,FY,1,A,Wednesday,11:15,12:15,Computer Networks,Prof. Faculty 162,IN-110
3616,BE,Information Technology,FY,1,A,Wednesday,12:15,01:15,Data Structures,Prof. Faculty 215,IN-251
3617,BE,Information Technology,FY,1,A,Wednesday,02:00,03:00,Computer Networks,Prof. Faculty 071,IN-312
3618,BE,Information Technology,FY,1,A,Wednesday,03:00,04:00,Web Development,Prof. Faculty 096,IN-243
3619,BE,Information Technology,FY,1,A,Thursday,09:00,10:00,Cyber Security,Prof. Faculty 060,IN-127
3620,BE,Information Technology,FY,1,A,Thursday,10:00,11:00,Cloud Computing,Prof. Faculty 159,IN-279
3621,BE,Information Technology,FY,1,A,Thursday,11:15,12:15,Cloud Computing,Prof. Faculty 244,IN-307
3622,BE,Information Technology,FY,1,A,Thursday,12:15,01:15,CAD/CAM,Prof. Faculty 121,IN-103
3623,BE,Information Technology,FY,1,A,Thursday,02:00,03:00,DBMS,Prof. Faculty 005,IN-118
3624,BE,Information Technology,FY,1,A,Thursday,03:00,04:00,Digital Electronics,Prof. Faculty 237,IN-154
3625,BE,Information Technology,FY,1,A,Friday,09:00,10:00,Physics,Prof. Faculty 237,IN-187
3626,BE,Information Technology,FY,1,A,Friday,10:00,11:00,DBMS,Prof. Faculty 033,IN-179
3627,BE,Information Technology,FY,1,A,Friday,11:15,12:15,Machine Learning,Prof. Faculty 241,IN-137
3628,BE,Information Technology,FY,1,A,Friday,12:15,01:15,Physics,Prof. Faculty 165,IN-270
3629,BE,Information Technology,FY,1,A,Friday,02:00,03:00,Surveying,Prof. Faculty 023,IN-316
3630,BE,Information Technology,FY,1,A,Friday,03:00,04:00,Project Lab,Prof. Faculty 141,IN-205
3631,BE,Information Technology,FY,1,A,Saturday,09:00,10:00,Surveying,Prof. Faculty 012,IN-308
3632,BE,Information Technology,FY,1,A,Saturday,10:00,11:00,Physics,Prof. Faculty 168,IN-181
3633,BE,Information Technology,FY,1,A,Saturday,11:15,12:15,Data Structures,Prof. Faculty 001,IN-131
3634,BE,Information Technology,FY,1,A,Saturday,12:15,01:15,Data Structures,Prof. Faculty 034,IN-158
3635,BE,Information Technology,FY,1,A,Saturday,02:00,03:00,Operating Systems,Prof. Faculty 122,IN-256
3636,BE,Information Technology,FY,1,A,Saturday,03:00,04:00,Mathematics,Prof. Faculty 203,IN-119
3637,BE,Information Technology,FY,1,B,Monday,09:00,10:00,Cloud Computing,Prof. Faculty 104,IN-298
3638,BE,Information Technology,FY,1,B,Monday,10:00,11:00,Java Programming,Prof. Faculty 232,IN-202
3639,BE,Information Technology,FY,1,B,Monday,11:15,12:15,CAD/CAM,Prof. Faculty 059,IN-282
3640,BE,Information Technology,FY,1,B,Monday,12:15,01:15,Web Development,Prof. Faculty 247,IN-208
3641,BE,Information Technology,FY,1,B,Monday,02:00,03:00,Java Programming,Prof. Faculty 238,IN-114
3642,BE,Information Technology,FY,1,B,Monday,03:00,04:00,Digital Electronics,Prof. Faculty 206,IN-120
3643,BE,Information Technology,FY,1,B,Tuesday,09:00,10:00,Java Programming,Prof. Faculty 089,IN-198
3644,BE,Information Technology,FY,1,B,Tuesday,10:00,11:00,Electrical Machines,Prof. Faculty 095,IN-127
3645,BE,Information Technology,FY,1,B,Tuesday,11:15,12:15,Cyber Security,Prof. Faculty 226,IN-226
3646,BE,Information Technology,FY,1,B,Tuesday,12:15,01:15,Physics,Prof. Faculty 203,IN-284
3647,BE,Information Technology,FY,1,B,Tuesday,02:00,03:00,DBMS,Prof. Faculty 229,IN-189
3648,BE,Information Technology,FY,1,B,Tuesday,03:00,04:00,Surveying,Prof. Faculty 218,IN-139
3649,BE,Information Technology,FY,1,B,Wednesday,09:00,10:00,Machine Learning,Prof. Faculty 053,IN-187
3650,BE,Information Technology,FY,1,B,Wednesday,10:00,11:00,Software Engineering,Prof. Faculty 190,IN-256
3651,BE,Information Technology,FY,1,B,Wednesday,11:15,12:15,Cyber Security,Prof. Faculty 149,IN-216
3652,BE,Information Technology,FY,1,B,Wednesday,12:15,01:15,Data Structures,Prof. Faculty 100,IN-294
3653,BE,Information Technology,FY,1,B,Wednesday,02:00,03:00,Mathematics,Prof. Faculty 099,IN-160
3654,BE,Information Technology,FY,1,B,Wednesday,03:00,04:00,Mathematics,Prof. Faculty 185,IN-295
3655,BE,Information Technology,FY,1,B,Thursday,09:00,10:00,Python Programming,Prof. Faculty 001,IN-254
3656,BE,Information Technology,FY,1,B,Thursday,10:00,11:00,Computer Networks,Prof. Faculty 209,IN-102
3657,BE,Information Technology,FY,1,B,Thursday,11:15,12:15,Computer Networks,Prof. Faculty 037,IN-320
3658,BE,Information Technology,FY,1,B,Thursday,12:15,01:15,Machine Learning,Prof. Faculty 193,IN-157
3659,BE,Information Technology,FY,1,B,Thursday,02:00,03:00,Java Programming,Prof. Faculty 217,IN-256
3660,BE,Information Technology,FY,1,B,Thursday,03:00,04:00,Physics,Prof. Faculty 027,IN-161
3661,BE,Information Technology,FY,1,B,Friday,09:00,10:00,Physics,Prof. Faculty 120,IN-156
3662,BE,Information Technology,FY,1,B,Friday,10:00,11:00,Project Lab,Prof. Faculty 227,IN-296
3663,BE,Information Technology,FY,1,B,Friday,11:15,12:15,Computer Networks,Prof. Faculty 190,IN-118
3664,BE,Information Technology,FY,1,B,Friday,12:15,01:15,Machine Learning,Prof. Faculty 080,IN-138
3665,BE,Information Technology,FY,1,B,Friday,02:00,03:00,DBMS,Prof. Faculty 248,IN-187
3666,BE,Information Technology,FY,1,B,Friday,03:00,04:00,Web Development,Prof. Faculty 229,IN-183
3667,BE,Information Technology,FY,1,B,Saturday,09:00,10:00,CAD/CAM,Prof. Faculty 083,IN-131
3668,BE,Information Technology,FY,1,B,Saturday,10:00,11:00,DBMS,Prof. Faculty 151,IN-135
3669,BE,Information Technology,FY,1,B,Saturday,11:15,12:15,Python Programming,Prof. Faculty 119,IN-135
3670,BE,Information Technology,FY,1,B,Saturday,12:15,01:15,Mathematics,Prof. Faculty 103,IN-250
3671,BE,Information Technology,FY,1,B,Saturday,02:00,03:00,Computer Networks,Prof. Faculty 043,IN-291
3672,BE,Information Technology,FY,1,B,Saturday,03:00,04:00,Thermodynamics,Prof. Faculty 029,IN-109
3673,BE,Information Technology,FY,2,A,Monday,09:00,10:00,Computer Networks,Prof. Faculty 016,IN-105
3674,BE,Information Technology,FY,2,A,Monday,10:00,11:00,CAD/CAM,Prof. Faculty 100,IN-140
3675,BE,Information Technology,FY,2,A,Monday,11:15,12:15,Data Structures,Prof. Faculty 169,IN-203
3676,BE,Information Technology,FY,2,A,Monday,12:15,01:15,Machine Learning,Prof. Faculty 172,IN-298
3677,BE,Information Technology,FY,2,A,Monday,02:00,03:00,Data Structures,Prof. Faculty 227,IN-300
3678,BE,Information Technology,FY,2,A,Monday,03:00,04:00,DBMS,Prof. Faculty 170,IN-226
3679,BE,Information Technology,FY,2,A,Tuesday,09:00,10:00,Computer Networks,Prof. Faculty 202,IN-201
3680,BE,Information Technology,FY,2,A,Tuesday,10:00,11:00,Web Development,Prof. Faculty 062,IN-181
3681,BE,Information Technology,FY,2,A,Tuesday,11:15,12:15,Mathematics,Prof. Faculty 211,IN-251
3682,BE,Information Technology,FY,2,A,Tuesday,12:15,01:15,Data Structures,Prof. Faculty 098,IN-276
3683,BE,Information Technology,FY,2,A,Tuesday,02:00,03:00,Mathematics,Prof. Faculty 069,IN-230
3684,BE,Information Technology,FY,2,A,Tuesday,03:00,04:00,Machine Learning,Prof. Faculty 107,IN-202
3685,BE,Information Technology,FY,2,A,Wednesday,09:00,10:00,Java Programming,Prof. Faculty 100,IN-140
3686,BE,Information Technology,FY,2,A,Wednesday,10:00,11:00,Python Programming,Prof. Faculty 030,IN-167
3687,BE,Information Technology,FY,2,A,Wednesday,11:15,12:15,Machine Learning,Prof. Faculty 173,IN-209
3688,BE,Information Technology,FY,2,A,Wednesday,12:15,01:15,DBMS,Prof. Faculty 114,IN-124
3689,BE,Information Technology,FY,2,A,Wednesday,02:00,03:00,AI Fundamentals,Prof. Faculty 051,IN-280
3690,BE,Information Technology,FY,2,A,Wednesday,03:00,04:00,Computer Networks,Prof. Faculty 170,IN-285
3691,BE,Information Technology,FY,2,A,Thursday,09:00,10:00,Software Engineering,Prof. Faculty 149,IN-175
3692,BE,Information Technology,FY,2,A,Thursday,10:00,11:00,Machine Learning,Prof. Faculty 047,IN-311
3693,BE,Information Technology,FY,2,A,Thursday,11:15,12:15,Machine Learning,Prof. Faculty 122,IN-127
3694,BE,Information Technology,FY,2,A,Thursday,12:15,01:15,Operating Systems,Prof. Faculty 063,IN-172
3695,BE,Information Technology,FY,2,A,Thursday,02:00,03:00,Surveying,Prof. Faculty 101,IN-126
3696,BE,Information Technology,FY,2,A,Thursday,03:00,04:00,Cloud Computing,Prof. Faculty 116,IN-209
3697,BE,Information Technology,FY,2,A,Friday,09:00,10:00,Cloud Computing,Prof. Faculty 005,IN-240
3698,BE,Information Technology,FY,2,A,Friday,10:00,11:00,Software Engineering,Prof. Faculty 179,IN-267
3699,BE,Information Technology,FY,2,A,Friday,11:15,12:15,Web Development,Prof. Faculty 187,IN-165
3700,BE,Information Technology,FY,2,A,Friday,12:15,01:15,Machine Learning,Prof. Faculty 035,IN-211
3701,BE,Information Technology,FY,2,A,Friday,02:00,03:00,Python Programming,Prof. Faculty 106,IN-276
3702,BE,Information Technology,FY,2,A,Friday,03:00,04:00,Digital Electronics,Prof. Faculty 175,IN-165
3703,BE,Information Technology,FY,2,A,Saturday,09:00,10:00,Machine Learning,Prof. Faculty 191,IN-111
3704,BE,Information Technology,FY,2,A,Saturday,10:00,11:00,Cloud Computing,Prof. Faculty 160,IN-141
3705,BE,Information Technology,FY,2,A,Saturday,11:15,12:15,Java Programming,Prof. Faculty 010,IN-185
3706,BE,Information Technology,FY,2,A,Saturday,12:15,01:15,Digital Electronics,Prof. Faculty 114,IN-269
3707,BE,Information Technology,FY,2,A,Saturday,02:00,03:00,Operating Systems,Prof. Faculty 101,IN-236
3708,BE,Information Technology,FY,2,A,Saturday,03:00,04:00,DBMS,Prof. Faculty 083,IN-194
3709,BE,Information Technology,FY,2,B,Monday,09:00,10:00,Java Programming,Prof. Faculty 101,IN-294
3710,BE,Information Technology,FY,2,B,Monday,10:00,11:00,AI Fundamentals,Prof. Faculty 176,IN-153
3711,BE,Information Technology,FY,2,B,Monday,11:15,12:15,Java Programming,Prof. Faculty 012,IN-209
3712,BE,Information Technology,FY,2,B,Monday,12:15,01:15,Physics,Prof. Faculty 084,IN-124
3713,BE,Information Technology,FY,2,B,Monday,02:00,03:00,Thermodynamics,Prof. Faculty 182,IN-263
3714,BE,Information Technology,FY,2,B,Monday,03:00,04:00,Machine Learning,Prof. Faculty 123,IN-155
3715,BE,Information Technology,FY,2,B,Tuesday,09:00,10:00,Electrical Machines,Prof. Faculty 155,IN-222
3716,BE,Information Technology,FY,2,B,Tuesday,10:00,11:00,Digital Electronics,Prof. Faculty 120,IN-258
3717,BE,Information Technology,FY,2,B,Tuesday,11:15,12:15,Operating Systems,Prof. Faculty 197,IN-226
3718,BE,Information Technology,FY,2,B,Tuesday,12:15,01:15,Electrical Machines,Prof. Faculty 100,IN-266
3719,BE,Information Technology,FY,2,B,Tuesday,02:00,03:00,Mathematics,Prof. Faculty 203,IN-252
3720,BE,Information Technology,FY,2,B,Tuesday,03:00,04:00,Cyber Security,Prof. Faculty 043,IN-115
3721,BE,Information Technology,FY,2,B,Wednesday,09:00,10:00,Cloud Computing,Prof. Faculty 198,IN-252
3722,BE,Information Technology,FY,2,B,Wednesday,10:00,11:00,Project Lab,Prof. Faculty 040,IN-206
3723,BE,Information Technology,FY,2,B,Wednesday,11:15,12:15,Machine Learning,Prof. Faculty 094,IN-120
3724,BE,Information Technology,FY,2,B,Wednesday,12:15,01:15,Machine Learning,Prof. Faculty 161,IN-161
3725,BE,Information Technology,FY,2,B,Wednesday,02:00,03:00,Operating Systems,Prof. Faculty 062,IN-113
3726,BE,Information Technology,FY,2,B,Wednesday,03:00,04:00,Data Structures,Prof. Faculty 009,IN-186
3727,BE,Information Technology,FY,2,B,Thursday,09:00,10:00,Web Development,Prof. Faculty 093,IN-202
3728,BE,Information Technology,FY,2,B,Thursday,10:00,11:00,Project Lab,Prof. Faculty 006,IN-262
3729,BE,Information Technology,FY,2,B,Thursday,11:15,12:15,Operating Systems,Prof. Faculty 009,IN-195
3730,BE,Information Technology,FY,2,B,Thursday,12:15,01:15,Mathematics,Prof. Faculty 125,IN-205
3731,BE,Information Technology,FY,2,B,Thursday,02:00,03:00,Software Engineering,Prof. Faculty 240,IN-272
3732,BE,Information Technology,FY,2,B,Thursday,03:00,04:00,Software Engineering,Prof. Faculty 103,IN-175
3733,BE,Information Technology,FY,2,B,Friday,09:00,10:00,Data Structures,Prof. Faculty 097,IN-223
3734,BE,Information Technology,FY,2,B,Friday,10:00,11:00,Project Lab,Prof. Faculty 028,IN-131
3735,BE,Information Technology,FY,2,B,Friday,11:15,12:15,CAD/CAM,Prof. Faculty 178,IN-311
3736,BE,Information Technology,FY,2,B,Friday,12:15,01:15,Operating Systems,Prof. Faculty 051,IN-206
3737,BE,Information Technology,FY,2,B,Friday,02:00,03:00,Project Lab,Prof. Faculty 064,IN-158
3738,BE,Information Technology,FY,2,B,Friday,03:00,04:00,Physics,Prof. Faculty 010,IN-206
3739,BE,Information Technology,FY,2,B,Saturday,09:00,10:00,Cloud Computing,Prof. Faculty 190,IN-281
3740,BE,Information Technology,FY,2,B,Saturday,10:00,11:00,Machine Learning,Prof. Faculty 201,IN-178
3741,BE,Information Technology,FY,2,B,Saturday,11:15,12:15,Software Engineering,Prof. Faculty 225,IN-246
3742,BE,Information Technology,FY,2,B,Saturday,12:15,01:15,Computer Networks,Prof. Faculty 094,IN-182
3743,BE,Information Technology,FY,2,B,Saturday,02:00,03:00,Web Development,Prof. Faculty 091,IN-254
3744,BE,Information Technology,FY,2,B,Saturday,03:00,04:00,Project Lab,Prof. Faculty 048,IN-109
3745,BE,Information Technology,SY,3,A,Monday,09:00,10:00,Java Programming,Prof. Faculty 226,IN-307
3746,BE,Information Technology,SY,3,A,Monday,10:00,11:00,DBMS,Prof. Faculty 206,IN-249
3747,BE,Information Technology,SY,3,A,Monday,11:15,12:15,Cloud Computing,Prof. Faculty 147,IN-198
3748,BE,Information Technology,SY,3,A,Monday,12:15,01:15,Project Lab,Prof. Faculty 226,IN-277
3749,BE,Information Technology,SY,3,A,Monday,02:00,03:00,Mathematics,Prof. Faculty 202,IN-301
3750,BE,Information Technology,SY,3,A,Monday,03:00,04:00,Web Development,Prof. Faculty 173,IN-232
3751,BE,Information Technology,SY,3,A,Tuesday,09:00,10:00,AI Fundamentals,Prof. Faculty 013,IN-167
3752,BE,Information Technology,SY,3,A,Tuesday,10:00,11:00,Web Development,Prof. Faculty 024,IN-312
3753,BE,Information Technology,SY,3,A,Tuesday,11:15,12:15,Cloud Computing,Prof. Faculty 119,IN-244
3754,BE,Information Technology,SY,3,A,Tuesday,12:15,01:15,Operating Systems,Prof. Faculty 204,IN-191
3755,BE,Information Technology,SY,3,A,Tuesday,02:00,03:00,Web Development,Prof. Faculty 204,IN-162
3756,BE,Information Technology,SY,3,A,Tuesday,03:00,04:00,Physics,Prof. Faculty 066,IN-162
3757,BE,Information Technology,SY,3,A,Wednesday,09:00,10:00,CAD/CAM,Prof. Faculty 206,IN-262
3758,BE,Information Technology,SY,3,A,Wednesday,10:00,11:00,CAD/CAM,Prof. Faculty 202,IN-120
3759,BE,Information Technology,SY,3,A,Wednesday,11:15,12:15,Electrical Machines,Prof. Faculty 222,IN-161
3760,BE,Information Technology,SY,3,A,Wednesday,12:15,01:15,Digital Electronics,Prof. Faculty 191,IN-114
3761,BE,Information Technology,SY,3,A,Wednesday,02:00,03:00,Mathematics,Prof. Faculty 063,IN-185
3762,BE,Information Technology,SY,3,A,Wednesday,03:00,04:00,Data Structures,Prof. Faculty 046,IN-237
3763,BE,Information Technology,SY,3,A,Thursday,09:00,10:00,Python Programming,Prof. Faculty 203,IN-199
3764,BE,Information Technology,SY,3,A,Thursday,10:00,11:00,Cyber Security,Prof. Faculty 014,IN-296
3765,BE,Information Technology,SY,3,A,Thursday,11:15,12:15,Surveying,Prof. Faculty 245,IN-304
3766,BE,Information Technology,SY,3,A,Thursday,12:15,01:15,Mathematics,Prof. Faculty 213,IN-187
3767,BE,Information Technology,SY,3,A,Thursday,02:00,03:00,Web Development,Prof. Faculty 164,IN-254
3768,BE,Information Technology,SY,3,A,Thursday,03:00,04:00,Mathematics,Prof. Faculty 235,IN-197
3769,BE,Information Technology,SY,3,A,Friday,09:00,10:00,Data Structures,Prof. Faculty 056,IN-178
3770,BE,Information Technology,SY,3,A,Friday,10:00,11:00,Data Structures,Prof. Faculty 072,IN-261
3771,BE,Information Technology,SY,3,A,Friday,11:15,12:15,Physics,Prof. Faculty 049,IN-160
3772,BE,Information Technology,SY,3,A,Friday,12:15,01:15,Project Lab,Prof. Faculty 239,IN-128
3773,BE,Information Technology,SY,3,A,Friday,02:00,03:00,Project Lab,Prof. Faculty 061,IN-191
3774,BE,Information Technology,SY,3,A,Friday,03:00,04:00,Electrical Machines,Prof. Faculty 011,IN-299
3775,BE,Information Technology,SY,3,A,Saturday,09:00,10:00,DBMS,Prof. Faculty 246,IN-122
3776,BE,Information Technology,SY,3,A,Saturday,10:00,11:00,Project Lab,Prof. Faculty 166,IN-212
3777,BE,Information Technology,SY,3,A,Saturday,11:15,12:15,CAD/CAM,Prof. Faculty 045,IN-206
3778,BE,Information Technology,SY,3,A,Saturday,12:15,01:15,Surveying,Prof. Faculty 016,IN-106
3779,BE,Information Technology,SY,3,A,Saturday,02:00,03:00,Digital Electronics,Prof. Faculty 024,IN-302
3780,BE,Information Technology,SY,3,A,Saturday,03:00,04:00,Physics,Prof. Faculty 195,IN-195
3781,BE,Information Technology,SY,3,B,Monday,09:00,10:00,Mathematics,Prof. Faculty 221,IN-302
3782,BE,Information Technology,SY,3,B,Monday,10:00,11:00,Cloud Computing,Prof. Faculty 081,IN-270
3783,BE,Information Technology,SY,3,B,Monday,11:15,12:15,Data Structures,Prof. Faculty 073,IN-199
3784,BE,Information Technology,SY,3,B,Monday,12:15,01:15,Project Lab,Prof. Faculty 222,IN-273
3785,BE,Information Technology,SY,3,B,Monday,02:00,03:00,Digital Electronics,Prof. Faculty 130,IN-282
3786,BE,Information Technology,SY,3,B,Monday,03:00,04:00,Data Structures,Prof. Faculty 150,IN-184
3787,BE,Information Technology,SY,3,B,Tuesday,09:00,10:00,Digital Electronics,Prof. Faculty 228,IN-242
3788,BE,Information Technology,SY,3,B,Tuesday,10:00,11:00,Python Programming,Prof. Faculty 218,IN-156
3789,BE,Information Technology,SY,3,B,Tuesday,11:15,12:15,Software Engineering,Prof. Faculty 077,IN-151
3790,BE,Information Technology,SY,3,B,Tuesday,12:15,01:15,Mathematics,Prof. Faculty 027,IN-302
3791,BE,Information Technology,SY,3,B,Tuesday,02:00,03:00,Digital Electronics,Prof. Faculty 103,IN-153
3792,BE,Information Technology,SY,3,B,Tuesday,03:00,04:00,DBMS,Prof. Faculty 165,IN-210
3793,BE,Information Technology,SY,3,B,Wednesday,09:00,10:00,Web Development,Prof. Faculty 182,IN-143
3794,BE,Information Technology,SY,3,B,Wednesday,10:00,11:00,Thermodynamics,Prof. Faculty 074,IN-316
3795,BE,Information Technology,SY,3,B,Wednesday,11:15,12:15,Project Lab,Prof. Faculty 121,IN-126
3796,BE,Information Technology,SY,3,B,Wednesday,12:15,01:15,Web Development,Prof. Faculty 221,IN-235
3797,BE,Information Technology,SY,3,B,Wednesday,02:00,03:00,Java Programming,Prof. Faculty 206,IN-224
3798,BE,Information Technology,SY,3,B,Wednesday,03:00,04:00,Python Programming,Prof. Faculty 073,IN-199
3799,BE,Information Technology,SY,3,B,Thursday,09:00,10:00,Python Programming,Prof. Faculty 036,IN-273
3800,BE,Information Technology,SY,3,B,Thursday,10:00,11:00,Data Structures,Prof. Faculty 197,IN-210
3801,BE,Information Technology,SY,3,B,Thursday,11:15,12:15,Web Development,Prof. Faculty 047,IN-191
3802,BE,Information Technology,SY,3,B,Thursday,12:15,01:15,Thermodynamics,Prof. Faculty 241,IN-159
3803,BE,Information Technology,SY,3,B,Thursday,02:00,03:00,Project Lab,Prof. Faculty 032,IN-311
3804,BE,Information Technology,SY,3,B,Thursday,03:00,04:00,Surveying,Prof. Faculty 230,IN-241
3805,BE,Information Technology,SY,3,B,Friday,09:00,10:00,Software Engineering,Prof. Faculty 144,IN-206
3806,BE,Information Technology,SY,3,B,Friday,10:00,11:00,Surveying,Prof. Faculty 202,IN-238
3807,BE,Information Technology,SY,3,B,Friday,11:15,12:15,Java Programming,Prof. Faculty 059,IN-148
3808,BE,Information Technology,SY,3,B,Friday,12:15,01:15,DBMS,Prof. Faculty 226,IN-169
3809,BE,Information Technology,SY,3,B,Friday,02:00,03:00,DBMS,Prof. Faculty 242,IN-290
3810,BE,Information Technology,SY,3,B,Friday,03:00,04:00,Cloud Computing,Prof. Faculty 141,IN-177
3811,BE,Information Technology,SY,3,B,Saturday,09:00,10:00,Thermodynamics,Prof. Faculty 233,IN-181
3812,BE,Information Technology,SY,3,B,Saturday,10:00,11:00,Web Development,Prof. Faculty 037,IN-178
3813,BE,Information Technology,SY,3,B,Saturday,11:15,12:15,Thermodynamics,Prof. Faculty 071,IN-310
3814,BE,Information Technology,SY,3,B,Saturday,12:15,01:15,Data Structures,Prof. Faculty 188,IN-215
3815,BE,Information Technology,SY,3,B,Saturday,02:00,03:00,Cyber Security,Prof. Faculty 091,IN-152
3816,BE,Information Technology,SY,3,B,Saturday,03:00,04:00,Digital Electronics,Prof. Faculty 220,IN-117
3817,BE,Information Technology,SY,4,A,Monday,09:00,10:00,Mathematics,Prof. Faculty 193,IN-222
3818,BE,Information Technology,SY,4,A,Monday,10:00,11:00,Operating Systems,Prof. Faculty 151,IN-287
3819,BE,Information Technology,SY,4,A,Monday,11:15,12:15,Web Development,Prof. Faculty 126,IN-253
3820,BE,Information Technology,SY,4,A,Monday,12:15,01:15,Software Engineering,Prof. Faculty 094,IN-261
3821,BE,Information Technology,SY,4,A,Monday,02:00,03:00,AI Fundamentals,Prof. Faculty 236,IN-236
3822,BE,Information Technology,SY,4,A,Monday,03:00,04:00,Cloud Computing,Prof. Faculty 170,IN-246
3823,BE,Information Technology,SY,4,A,Tuesday,09:00,10:00,Operating Systems,Prof. Faculty 028,IN-236
3824,BE,Information Technology,SY,4,A,Tuesday,10:00,11:00,Cloud Computing,Prof. Faculty 014,IN-302
3825,BE,Information Technology,SY,4,A,Tuesday,11:15,12:15,Data Structures,Prof. Faculty 133,IN-207
3826,BE,Information Technology,SY,4,A,Tuesday,12:15,01:15,Software Engineering,Prof. Faculty 245,IN-216
3827,BE,Information Technology,SY,4,A,Tuesday,02:00,03:00,Java Programming,Prof. Faculty 082,IN-110
3828,BE,Information Technology,SY,4,A,Tuesday,03:00,04:00,Surveying,Prof. Faculty 113,IN-205
3829,BE,Information Technology,SY,4,A,Wednesday,09:00,10:00,Digital Electronics,Prof. Faculty 091,IN-168
3830,BE,Information Technology,SY,4,A,Wednesday,10:00,11:00,Software Engineering,Prof. Faculty 044,IN-277
3831,BE,Information Technology,SY,4,A,Wednesday,11:15,12:15,Computer Networks,Prof. Faculty 181,IN-163
3832,BE,Information Technology,SY,4,A,Wednesday,12:15,01:15,Cloud Computing,Prof. Faculty 071,IN-226
3833,BE,Information Technology,SY,4,A,Wednesday,02:00,03:00,Project Lab,Prof. Faculty 193,IN-181
3834,BE,Information Technology,SY,4,A,Wednesday,03:00,04:00,Electrical Machines,Prof. Faculty 165,IN-191
3835,BE,Information Technology,SY,4,A,Thursday,09:00,10:00,Java Programming,Prof. Faculty 192,IN-270
3836,BE,Information Technology,SY,4,A,Thursday,10:00,11:00,Data Structures,Prof. Faculty 149,IN-132
3837,BE,Information Technology,SY,4,A,Thursday,11:15,12:15,Digital Electronics,Prof. Faculty 137,IN-293
3838,BE,Information Technology,SY,4,A,Thursday,12:15,01:15,Digital Electronics,Prof. Faculty 173,IN-260
3839,BE,Information Technology,SY,4,A,Thursday,02:00,03:00,Project Lab,Prof. Faculty 229,IN-294
3840,BE,Information Technology,SY,4,A,Thursday,03:00,04:00,CAD/CAM,Prof. Faculty 093,IN-303
3841,BE,Information Technology,SY,4,A,Friday,09:00,10:00,Computer Networks,Prof. Faculty 063,IN-190
3842,BE,Information Technology,SY,4,A,Friday,10:00,11:00,Electrical Machines,Prof. Faculty 112,IN-293
3843,BE,Information Technology,SY,4,A,Friday,11:15,12:15,Cloud Computing,Prof. Faculty 224,IN-179
3844,BE,Information Technology,SY,4,A,Friday,12:15,01:15,Surveying,Prof. Faculty 249,IN-149
3845,BE,Information Technology,SY,4,A,Friday,02:00,03:00,Data Structures,Prof. Faculty 148,IN-306
3846,BE,Information Technology,SY,4,A,Friday,03:00,04:00,Electrical Machines,Prof. Faculty 022,IN-125
3847,BE,Information Technology,SY,4,A,Saturday,09:00,10:00,AI Fundamentals,Prof. Faculty 040,IN-278
3848,BE,Information Technology,SY,4,A,Saturday,10:00,11:00,Computer Networks,Prof. Faculty 238,IN-274
3849,BE,Information Technology,SY,4,A,Saturday,11:15,12:15,Web Development,Prof. Faculty 122,IN-276
3850,BE,Information Technology,SY,4,A,Saturday,12:15,01:15,Software Engineering,Prof. Faculty 095,IN-290
3851,BE,Information Technology,SY,4,A,Saturday,02:00,03:00,Machine Learning,Prof. Faculty 036,IN-293
3852,BE,Information Technology,SY,4,A,Saturday,03:00,04:00,Web Development,Prof. Faculty 089,IN-256
3853,BE,Information Technology,SY,4,B,Monday,09:00,10:00,Digital Electronics,Prof. Faculty 147,IN-114
3854,BE,Information Technology,SY,4,B,Monday,10:00,11:00,Thermodynamics,Prof. Faculty 066,IN-185
3855,BE,Information Technology,SY,4,B,Monday,11:15,12:15,Data Structures,Prof. Faculty 083,IN-129
3856,BE,Information Technology,SY,4,B,Monday,12:15,01:15,Cyber Security,Prof. Faculty 138,IN-102
3857,BE,Information Technology,SY,4,B,Monday,02:00,03:00,Java Programming,Prof. Faculty 055,IN-261
3858,BE,Information Technology,SY,4,B,Monday,03:00,04:00,Cloud Computing,Prof. Faculty 048,IN-288
3859,BE,Information Technology,SY,4,B,Tuesday,09:00,10:00,DBMS,Prof. Faculty 083,IN-269
3860,BE,Information Technology,SY,4,B,Tuesday,10:00,11:00,Electrical Machines,Prof. Faculty 164,IN-202
3861,BE,Information Technology,SY,4,B,Tuesday,11:15,12:15,Surveying,Prof. Faculty 160,IN-165
3862,BE,Information Technology,SY,4,B,Tuesday,12:15,01:15,DBMS,Prof. Faculty 109,IN-308
3863,BE,Information Technology,SY,4,B,Tuesday,02:00,03:00,Electrical Machines,Prof. Faculty 064,IN-213
3864,BE,Information Technology,SY,4,B,Tuesday,03:00,04:00,Electrical Machines,Prof. Faculty 018,IN-184
3865,BE,Information Technology,SY,4,B,Wednesday,09:00,10:00,Thermodynamics,Prof. Faculty 178,IN-221
3866,BE,Information Technology,SY,4,B,Wednesday,10:00,11:00,Web Development,Prof. Faculty 048,IN-200
3867,BE,Information Technology,SY,4,B,Wednesday,11:15,12:15,Cyber Security,Prof. Faculty 137,IN-295
3868,BE,Information Technology,SY,4,B,Wednesday,12:15,01:15,Web Development,Prof. Faculty 243,IN-176
3869,BE,Information Technology,SY,4,B,Wednesday,02:00,03:00,Computer Networks,Prof. Faculty 015,IN-146
3870,BE,Information Technology,SY,4,B,Wednesday,03:00,04:00,CAD/CAM,Prof. Faculty 211,IN-226
3871,BE,Information Technology,SY,4,B,Thursday,09:00,10:00,Cloud Computing,Prof. Faculty 245,IN-115
3872,BE,Information Technology,SY,4,B,Thursday,10:00,11:00,Computer Networks,Prof. Faculty 030,IN-183
3873,BE,Information Technology,SY,4,B,Thursday,11:15,12:15,Machine Learning,Prof. Faculty 162,IN-292
3874,BE,Information Technology,SY,4,B,Thursday,12:15,01:15,Physics,Prof. Faculty 001,IN-124
3875,BE,Information Technology,SY,4,B,Thursday,02:00,03:00,Thermodynamics,Prof. Faculty 100,IN-316
3876,BE,Information Technology,SY,4,B,Thursday,03:00,04:00,Computer Networks,Prof. Faculty 087,IN-234
3877,BE,Information Technology,SY,4,B,Friday,09:00,10:00,Machine Learning,Prof. Faculty 036,IN-267
3878,BE,Information Technology,SY,4,B,Friday,10:00,11:00,Project Lab,Prof. Faculty 043,IN-116
3879,BE,Information Technology,SY,4,B,Friday,11:15,12:15,Python Programming,Prof. Faculty 215,IN-114
3880,BE,Information Technology,SY,4,B,Friday,12:15,01:15,Software Engineering,Prof. Faculty 150,IN-270
3881,BE,Information Technology,SY,4,B,Friday,02:00,03:00,Computer Networks,Prof. Faculty 124,IN-225
3882,BE,Information Technology,SY,4,B,Friday,03:00,04:00,Surveying,Prof. Faculty 159,IN-273
3883,BE,Information Technology,SY,4,B,Saturday,09:00,10:00,AI Fundamentals,Prof. Faculty 059,IN-217
3884,BE,Information Technology,SY,4,B,Saturday,10:00,11:00,AI Fundamentals,Prof. Faculty 220,IN-183
3885,BE,Information Technology,SY,4,B,Saturday,11:15,12:15,Java Programming,Prof. Faculty 214,IN-317
3886,BE,Information Technology,SY,4,B,Saturday,12:15,01:15,Project Lab,Prof. Faculty 171,IN-211
3887,BE,Information Technology,SY,4,B,Saturday,02:00,03:00,Java Programming,Prof. Faculty 076,IN-272
3888,BE,Information Technology,SY,4,B,Saturday,03:00,04:00,Electrical Machines,Prof. Faculty 047,IN-175
3889,BE,Information Technology,TY,5,A,Monday,09:00,10:00,AI Fundamentals,Prof. Faculty 135,IN-169
3890,BE,Information Technology,TY,5,A,Monday,10:00,11:00,Cyber Security,Prof. Faculty 163,IN-208
3891,BE,Information Technology,TY,5,A,Monday,11:15,12:15,Surveying,Prof. Faculty 227,IN-285
3892,BE,Information Technology,TY,5,A,Monday,12:15,01:15,Physics,Prof. Faculty 129,IN-270
3893,BE,Information Technology,TY,5,A,Monday,02:00,03:00,Java Programming,Prof. Faculty 071,IN-201
3894,BE,Information Technology,TY,5,A,Monday,03:00,04:00,Web Development,Prof. Faculty 237,IN-148
3895,BE,Information Technology,TY,5,A,Tuesday,09:00,10:00,Java Programming,Prof. Faculty 186,IN-227
3896,BE,Information Technology,TY,5,A,Tuesday,10:00,11:00,Physics,Prof. Faculty 195,IN-208
3897,BE,Information Technology,TY,5,A,Tuesday,11:15,12:15,Computer Networks,Prof. Faculty 117,IN-272
3898,BE,Information Technology,TY,5,A,Tuesday,12:15,01:15,Cyber Security,Prof. Faculty 037,IN-233
3899,BE,Information Technology,TY,5,A,Tuesday,02:00,03:00,Operating Systems,Prof. Faculty 227,IN-286
3900,BE,Information Technology,TY,5,A,Tuesday,03:00,04:00,Computer Networks,Prof. Faculty 073,IN-283
3901,BE,Information Technology,TY,5,A,Wednesday,09:00,10:00,Java Programming,Prof. Faculty 134,IN-120
3902,BE,Information Technology,TY,5,A,Wednesday,10:00,11:00,Mathematics,Prof. Faculty 161,IN-114
3903,BE,Information Technology,TY,5,A,Wednesday,11:15,12:15,Surveying,Prof. Faculty 139,IN-151
3904,BE,Information Technology,TY,5,A,Wednesday,12:15,01:15,Computer Networks,Prof. Faculty 079,IN-201
3905,BE,Information Technology,TY,5,A,Wednesday,02:00,03:00,Web Development,Prof. Faculty 073,IN-282
3906,BE,Information Technology,TY,5,A,Wednesday,03:00,04:00,Python Programming,Prof. Faculty 169,IN-285
3907,BE,Information Technology,TY,5,A,Thursday,09:00,10:00,CAD/CAM,Prof. Faculty 215,IN-176
3908,BE,Information Technology,TY,5,A,Thursday,10:00,11:00,Project Lab,Prof. Faculty 105,IN-264
3909,BE,Information Technology,TY,5,A,Thursday,11:15,12:15,Java Programming,Prof. Faculty 093,IN-128
3910,BE,Information Technology,TY,5,A,Thursday,12:15,01:15,Computer Networks,Prof. Faculty 161,IN-284
3911,BE,Information Technology,TY,5,A,Thursday,02:00,03:00,Mathematics,Prof. Faculty 160,IN-113
3912,BE,Information Technology,TY,5,A,Thursday,03:00,04:00,Digital Electronics,Prof. Faculty 079,IN-181
3913,BE,Information Technology,TY,5,A,Friday,09:00,10:00,CAD/CAM,Prof. Faculty 201,IN-161
3914,BE,Information Technology,TY,5,A,Friday,10:00,11:00,Cloud Computing,Prof. Faculty 150,IN-179
3915,BE,Information Technology,TY,5,A,Friday,11:15,12:15,Python Programming,Prof. Faculty 180,IN-274
3916,BE,Information Technology,TY,5,A,Friday,12:15,01:15,Cloud Computing,Prof. Faculty 245,IN-179
3917,BE,Information Technology,TY,5,A,Friday,02:00,03:00,Cyber Security,Prof. Faculty 133,IN-217
3918,BE,Information Technology,TY,5,A,Friday,03:00,04:00,Physics,Prof. Faculty 149,IN-213
3919,BE,Information Technology,TY,5,A,Saturday,09:00,10:00,Physics,Prof. Faculty 087,IN-301
3920,BE,Information Technology,TY,5,A,Saturday,10:00,11:00,Project Lab,Prof. Faculty 021,IN-109
3921,BE,Information Technology,TY,5,A,Saturday,11:15,12:15,Physics,Prof. Faculty 124,IN-185
3922,BE,Information Technology,TY,5,A,Saturday,12:15,01:15,Python Programming,Prof. Faculty 127,IN-309
3923,BE,Information Technology,TY,5,A,Saturday,02:00,03:00,DBMS,Prof. Faculty 159,IN-227
3924,BE,Information Technology,TY,5,A,Saturday,03:00,04:00,Software Engineering,Prof. Faculty 087,IN-181
3925,BE,Information Technology,TY,5,B,Monday,09:00,10:00,Web Development,Prof. Faculty 089,IN-101
3926,BE,Information Technology,TY,5,B,Monday,10:00,11:00,Machine Learning,Prof. Faculty 209,IN-191
3927,BE,Information Technology,TY,5,B,Monday,11:15,12:15,Cloud Computing,Prof. Faculty 022,IN-299
3928,BE,Information Technology,TY,5,B,Monday,12:15,01:15,Cloud Computing,Prof. Faculty 156,IN-107
3929,BE,Information Technology,TY,5,B,Monday,02:00,03:00,Digital Electronics,Prof. Faculty 218,IN-143
3930,BE,Information Technology,TY,5,B,Monday,03:00,04:00,Cloud Computing,Prof. Faculty 209,IN-204
3931,BE,Information Technology,TY,5,B,Tuesday,09:00,10:00,Python Programming,Prof. Faculty 118,IN-305
3932,BE,Information Technology,TY,5,B,Tuesday,10:00,11:00,Cyber Security,Prof. Faculty 085,IN-176
3933,BE,Information Technology,TY,5,B,Tuesday,11:15,12:15,DBMS,Prof. Faculty 013,IN-163
3934,BE,Information Technology,TY,5,B,Tuesday,12:15,01:15,Web Development,Prof. Faculty 026,IN-145
3935,BE,Information Technology,TY,5,B,Tuesday,02:00,03:00,Computer Networks,Prof. Faculty 026,IN-101
3936,BE,Information Technology,TY,5,B,Tuesday,03:00,04:00,Software Engineering,Prof. Faculty 225,IN-236
3937,BE,Information Technology,TY,5,B,Wednesday,09:00,10:00,Data Structures,Prof. Faculty 174,IN-279
3938,BE,Information Technology,TY,5,B,Wednesday,10:00,11:00,Thermodynamics,Prof. Faculty 070,IN-121
3939,BE,Information Technology,TY,5,B,Wednesday,11:15,12:15,Java Programming,Prof. Faculty 103,IN-137
3940,BE,Information Technology,TY,5,B,Wednesday,12:15,01:15,DBMS,Prof. Faculty 111,IN-209
3941,BE,Information Technology,TY,5,B,Wednesday,02:00,03:00,AI Fundamentals,Prof. Faculty 162,IN-262
3942,BE,Information Technology,TY,5,B,Wednesday,03:00,04:00,Java Programming,Prof. Faculty 015,IN-245
3943,BE,Information Technology,TY,5,B,Thursday,09:00,10:00,Thermodynamics,Prof. Faculty 089,IN-249
3944,BE,Information Technology,TY,5,B,Thursday,10:00,11:00,Cloud Computing,Prof. Faculty 087,IN-138
3945,BE,Information Technology,TY,5,B,Thursday,11:15,12:15,Software Engineering,Prof. Faculty 249,IN-290
3946,BE,Information Technology,TY,5,B,Thursday,12:15,01:15,Cyber Security,Prof. Faculty 029,IN-104
3947,BE,Information Technology,TY,5,B,Thursday,02:00,03:00,Software Engineering,Prof. Faculty 075,IN-186
3948,BE,Information Technology,TY,5,B,Thursday,03:00,04:00,Cloud Computing,Prof. Faculty 003,IN-150
3949,BE,Information Technology,TY,5,B,Friday,09:00,10:00,Python Programming,Prof. Faculty 174,IN-117
3950,BE,Information Technology,TY,5,B,Friday,10:00,11:00,AI Fundamentals,Prof. Faculty 217,IN-251
3951,BE,Information Technology,TY,5,B,Friday,11:15,12:15,Project Lab,Prof. Faculty 214,IN-234
3952,BE,Information Technology,TY,5,B,Friday,12:15,01:15,Physics,Prof. Faculty 021,IN-177
3953,BE,Information Technology,TY,5,B,Friday,02:00,03:00,Physics,Prof. Faculty 234,IN-193
3954,BE,Information Technology,TY,5,B,Friday,03:00,04:00,CAD/CAM,Prof. Faculty 054,IN-195
3955,BE,Information Technology,TY,5,B,Saturday,09:00,10:00,Computer Networks,Prof. Faculty 006,IN-139
3956,BE,Information Technology,TY,5,B,Saturday,10:00,11:00,AI Fundamentals,Prof. Faculty 050,IN-234
3957,BE,Information Technology,TY,5,B,Saturday,11:15,12:15,Cyber Security,Prof. Faculty 212,IN-202
3958,BE,Information Technology,TY,5,B,Saturday,12:15,01:15,Physics,Prof. Faculty 103,IN-308
3959,BE,Information Technology,TY,5,B,Saturday,02:00,03:00,Cloud Computing,Prof. Faculty 210,IN-141
3960,BE,Information Technology,TY,5,B,Saturday,03:00,04:00,Digital Electronics,Prof. Faculty 002,IN-132
3961,BE,Information Technology,TY,6,A,Monday,09:00,10:00,Python Programming,Prof. Faculty 028,IN-198
3962,BE,Information Technology,TY,6,A,Monday,10:00,11:00,Thermodynamics,Prof. Faculty 174,IN-252
3963,BE,Information Technology,TY,6,A,Monday,11:15,12:15,Physics,Prof. Faculty 243,IN-102
3964,BE,Information Technology,TY,6,A,Monday,12:15,01:15,Project Lab,Prof. Faculty 175,IN-199
3965,BE,Information Technology,TY,6,A,Monday,02:00,03:00,DBMS,Prof. Faculty 098,IN-287
3966,BE,Information Technology,TY,6,A,Monday,03:00,04:00,AI Fundamentals,Prof. Faculty 100,IN-198
3967,BE,Information Technology,TY,6,A,Tuesday,09:00,10:00,DBMS,Prof. Faculty 052,IN-102
3968,BE,Information Technology,TY,6,A,Tuesday,10:00,11:00,Mathematics,Prof. Faculty 140,IN-217
3969,BE,Information Technology,TY,6,A,Tuesday,11:15,12:15,Data Structures,Prof. Faculty 068,IN-186
3970,BE,Information Technology,TY,6,A,Tuesday,12:15,01:15,DBMS,Prof. Faculty 030,IN-200
3971,BE,Information Technology,TY,6,A,Tuesday,02:00,03:00,Java Programming,Prof. Faculty 148,IN-130
3972,BE,Information Technology,TY,6,A,Tuesday,03:00,04:00,Mathematics,Prof. Faculty 223,IN-288
3973,BE,Information Technology,TY,6,A,Wednesday,09:00,10:00,Project Lab,Prof. Faculty 204,IN-249
3974,BE,Information Technology,TY,6,A,Wednesday,10:00,11:00,Operating Systems,Prof. Faculty 107,IN-166
3975,BE,Information Technology,TY,6,A,Wednesday,11:15,12:15,DBMS,Prof. Faculty 094,IN-239
3976,BE,Information Technology,TY,6,A,Wednesday,12:15,01:15,Electrical Machines,Prof. Faculty 166,IN-193
3977,BE,Information Technology,TY,6,A,Wednesday,02:00,03:00,Software Engineering,Prof. Faculty 107,IN-126
3978,BE,Information Technology,TY,6,A,Wednesday,03:00,04:00,Operating Systems,Prof. Faculty 173,IN-170
3979,BE,Information Technology,TY,6,A,Thursday,09:00,10:00,Digital Electronics,Prof. Faculty 150,IN-252
3980,BE,Information Technology,TY,6,A,Thursday,10:00,11:00,Machine Learning,Prof. Faculty 072,IN-108
3981,BE,Information Technology,TY,6,A,Thursday,11:15,12:15,Cyber Security,Prof. Faculty 202,IN-144
3982,BE,Information Technology,TY,6,A,Thursday,12:15,01:15,Software Engineering,Prof. Faculty 195,IN-311
3983,BE,Information Technology,TY,6,A,Thursday,02:00,03:00,Computer Networks,Prof. Faculty 030,IN-170
3984,BE,Information Technology,TY,6,A,Thursday,03:00,04:00,Operating Systems,Prof. Faculty 166,IN-225
3985,BE,Information Technology,TY,6,A,Friday,09:00,10:00,Machine Learning,Prof. Faculty 230,IN-121
3986,BE,Information Technology,TY,6,A,Friday,10:00,11:00,Computer Networks,Prof. Faculty 046,IN-261
3987,BE,Information Technology,TY,6,A,Friday,11:15,12:15,Computer Networks,Prof. Faculty 043,IN-118
3988,BE,Information Technology,TY,6,A,Friday,12:15,01:15,Data Structures,Prof. Faculty 234,IN-154
3989,BE,Information Technology,TY,6,A,Friday,02:00,03:00,Operating Systems,Prof. Faculty 094,IN-297
3990,BE,Information Technology,TY,6,A,Friday,03:00,04:00,Software Engineering,Prof. Faculty 149,IN-101
3991,BE,Information Technology,TY,6,A,Saturday,09:00,10:00,Cloud Computing,Prof. Faculty 092,IN-118
3992,BE,Information Technology,TY,6,A,Saturday,10:00,11:00,Machine Learning,Prof. Faculty 105,IN-199
3993,BE,Information Technology,TY,6,A,Saturday,11:15,12:15,Digital Electronics,Prof. Faculty 117,IN-246
3994,BE,Information Technology,TY,6,A,Saturday,12:15,01:15,Thermodynamics,Prof. Faculty 106,IN-272
3995,BE,Information Technology,TY,6,A,Saturday,02:00,03:00,Project Lab,Prof. Faculty 084,IN-239
3996,BE,Information Technology,TY,6,A,Saturday,03:00,04:00,Digital Electronics,Prof. Faculty 141,IN-237
3997,BE,Information Technology,TY,6,B,Monday,09:00,10:00,Project Lab,Prof. Faculty 077,IN-297
3998,BE,Information Technology,TY,6,B,Monday,10:00,11:00,Python Programming,Prof. Faculty 129,IN-231
3999,BE,Information Technology,TY,6,B,Monday,11:15,12:15,CAD/CAM,Prof. Faculty 121,IN-103
4000,BE,Information Technology,TY,6,B,Monday,12:15,01:15,DBMS,Prof. Faculty 018,IN-184
4001,BE,Information Technology,TY,6,B,Monday,02:00,03:00,Machine Learning,Prof. Faculty 008,IN-298
4002,BE,Information Technology,TY,6,B,Monday,03:00,04:00,CAD/CAM,Prof. Faculty 033,IN-265
4003,BE,Information Technology,TY,6,B,Tuesday,09:00,10:00,Python Programming,Prof. Faculty 114,IN-283
4004,BE,Information Technology,TY,6,B,Tuesday,10:00,11:00,Surveying,Prof. Faculty 150,IN-107
4005,BE,Information Technology,TY,6,B,Tuesday,11:15,12:15,Thermodynamics,Prof. Faculty 094,IN-209
4006,BE,Information Technology,TY,6,B,Tuesday,12:15,01:15,Machine Learning,Prof. Faculty 164,IN-317
4007,BE,Information Technology,TY,6,B,Tuesday,02:00,03:00,Electrical Machines,Prof. Faculty 097,IN-240
4008,BE,Information Technology,TY,6,B,Tuesday,03:00,04:00,Software Engineering,Prof. Faculty 136,IN-210
4009,BE,Information Technology,TY,6,B,Wednesday,09:00,10:00,Web Development,Prof. Faculty 105,IN-284
4010,BE,Information Technology,TY,6,B,Wednesday,10:00,11:00,AI Fundamentals,Prof. Faculty 062,IN-121
4011,BE,Information Technology,TY,6,B,Wednesday,11:15,12:15,Thermodynamics,Prof. Faculty 130,IN-187
4012,BE,Information Technology,TY,6,B,Wednesday,12:15,01:15,Java Programming,Prof. Faculty 061,IN-274
4013,BE,Information Technology,TY,6,B,Wednesday,02:00,03:00,Surveying,Prof. Faculty 227,IN-139
4014,BE,Information Technology,TY,6,B,Wednesday,03:00,04:00,Python Programming,Prof. Faculty 050,IN-299
4015,BE,Information Technology,TY,6,B,Thursday,09:00,10:00,Cloud Computing,Prof. Faculty 032,IN-239
4016,BE,Information Technology,TY,6,B,Thursday,10:00,11:00,Java Programming,Prof. Faculty 159,IN-162
4017,BE,Information Technology,TY,6,B,Thursday,11:15,12:15,Digital Electronics,Prof. Faculty 228,IN-174
4018,BE,Information Technology,TY,6,B,Thursday,12:15,01:15,Electrical Machines,Prof. Faculty 225,IN-180
4019,BE,Information Technology,TY,6,B,Thursday,02:00,03:00,Java Programming,Prof. Faculty 148,IN-235
4020,BE,Information Technology,TY,6,B,Thursday,03:00,04:00,Data Structures,Prof. Faculty 047,IN-212
4021,BE,Information Technology,TY,6,B,Friday,09:00,10:00,Computer Networks,Prof. Faculty 214,IN-129
4022,BE,Information Technology,TY,6,B,Friday,10:00,11:00,Machine Learning,Prof. Faculty 242,IN-124
4023,BE,Information Technology,TY,6,B,Friday,11:15,12:15,Cyber Security,Prof. Faculty 158,IN-309
4024,BE,Information Technology,TY,6,B,Friday,12:15,01:15,CAD/CAM,Prof. Faculty 196,IN-179
4025,BE,Information Technology,TY,6,B,Friday,02:00,03:00,Web Development,Prof. Faculty 072,IN-312
4026,BE,Information Technology,TY,6,B,Friday,03:00,04:00,Python Programming,Prof. Faculty 126,IN-278
4027,BE,Information Technology,TY,6,B,Saturday,09:00,10:00,Cloud Computing,Prof. Faculty 125,IN-264
4028,BE,Information Technology,TY,6,B,Saturday,10:00,11:00,Surveying,Prof. Faculty 084,IN-218
4029,BE,Information Technology,TY,6,B,Saturday,11:15,12:15,Digital Electronics,Prof. Faculty 147,IN-233
4030,BE,Information Technology,TY,6,B,Saturday,12:15,01:15,DBMS,Prof. Faculty 182,IN-320
4031,BE,Information Technology,TY,6,B,Saturday,02:00,03:00,Software Engineering,Prof. Faculty 108,IN-318
4032,BE,Information Technology,TY,6,B,Saturday,03:00,04:00,Thermodynamics,Prof. Faculty 047,IN-261
4033,BE,Information Technology,LY,7,A,Monday,09:00,10:00,Surveying,Prof. Faculty 101,IN-305
4034,BE,Information Technology,LY,7,A,Monday,10:00,11:00,Cyber Security,Prof. Faculty 084,IN-296
4035,BE,Information Technology,LY,7,A,Monday,11:15,12:15,CAD/CAM,Prof. Faculty 081,IN-232
4036,BE,Information Technology,LY,7,A,Monday,12:15,01:15,Surveying,Prof. Faculty 209,IN-212
4037,BE,Information Technology,LY,7,A,Monday,02:00,03:00,Cyber Security,Prof. Faculty 002,IN-284
4038,BE,Information Technology,LY,7,A,Monday,03:00,04:00,Project Lab,Prof. Faculty 177,IN-102
4039,BE,Information Technology,LY,7,A,Tuesday,09:00,10:00,Thermodynamics,Prof. Faculty 066,IN-319
4040,BE,Information Technology,LY,7,A,Tuesday,10:00,11:00,Digital Electronics,Prof. Faculty 188,IN-220
4041,BE,Information Technology,LY,7,A,Tuesday,11:15,12:15,Machine Learning,Prof. Faculty 242,IN-132
4042,BE,Information Technology,LY,7,A,Tuesday,12:15,01:15,Java Programming,Prof. Faculty 211,IN-153
4043,BE,Information Technology,LY,7,A,Tuesday,02:00,03:00,Computer Networks,Prof. Faculty 018,IN-203
4044,BE,Information Technology,LY,7,A,Tuesday,03:00,04:00,Java Programming,Prof. Faculty 113,IN-273
4045,BE,Information Technology,LY,7,A,Wednesday,09:00,10:00,Machine Learning,Prof. Faculty 175,IN-147
4046,BE,Information Technology,LY,7,A,Wednesday,10:00,11:00,Physics,Prof. Faculty 223,IN-108
4047,BE,Information Technology,LY,7,A,Wednesday,11:15,12:15,Web Development,Prof. Faculty 217,IN-289
4048,BE,Information Technology,LY,7,A,Wednesday,12:15,01:15,Thermodynamics,Prof. Faculty 005,IN-170
4049,BE,Information Technology,LY,7,A,Wednesday,02:00,03:00,Digital Electronics,Prof. Faculty 081,IN-311
4050,BE,Information Technology,LY,7,A,Wednesday,03:00,04:00,Project Lab,Prof. Faculty 027,IN-258
4051,BE,Information Technology,LY,7,A,Thursday,09:00,10:00,Digital Electronics,Prof. Faculty 203,IN-311
4052,BE,Information Technology,LY,7,A,Thursday,10:00,11:00,Python Programming,Prof. Faculty 080,IN-161
4053,BE,Information Technology,LY,7,A,Thursday,11:15,12:15,Digital Electronics,Prof. Faculty 078,IN-285
4054,BE,Information Technology,LY,7,A,Thursday,12:15,01:15,DBMS,Prof. Faculty 211,IN-305
4055,BE,Information Technology,LY,7,A,Thursday,02:00,03:00,Thermodynamics,Prof. Faculty 233,IN-234
4056,BE,Information Technology,LY,7,A,Thursday,03:00,04:00,Java Programming,Prof. Faculty 250,IN-161
4057,BE,Information Technology,LY,7,A,Friday,09:00,10:00,Thermodynamics,Prof. Faculty 244,IN-105
4058,BE,Information Technology,LY,7,A,Friday,10:00,11:00,Data Structures,Prof. Faculty 196,IN-134
4059,BE,Information Technology,LY,7,A,Friday,11:15,12:15,Digital Electronics,Prof. Faculty 175,IN-243
4060,BE,Information Technology,LY,7,A,Friday,12:15,01:15,Operating Systems,Prof. Faculty 129,IN-228
4061,BE,Information Technology,LY,7,A,Friday,02:00,03:00,Mathematics,Prof. Faculty 197,IN-247
4062,BE,Information Technology,LY,7,A,Friday,03:00,04:00,Project Lab,Prof. Faculty 081,IN-274
4063,BE,Information Technology,LY,7,A,Saturday,09:00,10:00,Web Development,Prof. Faculty 150,IN-319
4064,BE,Information Technology,LY,7,A,Saturday,10:00,11:00,Data Structures,Prof. Faculty 239,IN-315
4065,BE,Information Technology,LY,7,A,Saturday,11:15,12:15,Electrical Machines,Prof. Faculty 184,IN-132
4066,BE,Information Technology,LY,7,A,Saturday,12:15,01:15,Project Lab,Prof. Faculty 041,IN-129
4067,BE,Information Technology,LY,7,A,Saturday,02:00,03:00,Mathematics,Prof. Faculty 059,IN-243
4068,BE,Information Technology,LY,7,A,Saturday,03:00,04:00,Cyber Security,Prof. Faculty 185,IN-252
4069,BE,Information Technology,LY,7,B,Monday,09:00,10:00,CAD/CAM,Prof. Faculty 210,IN-279
4070,BE,Information Technology,LY,7,B,Monday,10:00,11:00,Surveying,Prof. Faculty 185,IN-122
4071,BE,Information Technology,LY,7,B,Monday,11:15,12:15,CAD/CAM,Prof. Faculty 142,IN-187
4072,BE,Information Technology,LY,7,B,Monday,12:15,01:15,Surveying,Prof. Faculty 043,IN-288
4073,BE,Information Technology,LY,7,B,Monday,02:00,03:00,Surveying,Prof. Faculty 062,IN-102
4074,BE,Information Technology,LY,7,B,Monday,03:00,04:00,AI Fundamentals,Prof. Faculty 196,IN-121
4075,BE,Information Technology,LY,7,B,Tuesday,09:00,10:00,Physics,Prof. Faculty 114,IN-301
4076,BE,Information Technology,LY,7,B,Tuesday,10:00,11:00,Cloud Computing,Prof. Faculty 244,IN-164
4077,BE,Information Technology,LY,7,B,Tuesday,11:15,12:15,Web Development,Prof. Faculty 039,IN-122
4078,BE,Information Technology,LY,7,B,Tuesday,12:15,01:15,Cyber Security,Prof. Faculty 129,IN-181
4079,BE,Information Technology,LY,7,B,Tuesday,02:00,03:00,Digital Electronics,Prof. Faculty 173,IN-213
4080,BE,Information Technology,LY,7,B,Tuesday,03:00,04:00,CAD/CAM,Prof. Faculty 076,IN-245
4081,BE,Information Technology,LY,7,B,Wednesday,09:00,10:00,Python Programming,Prof. Faculty 249,IN-272
4082,BE,Information Technology,LY,7,B,Wednesday,10:00,11:00,Thermodynamics,Prof. Faculty 178,IN-111
4083,BE,Information Technology,LY,7,B,Wednesday,11:15,12:15,Data Structures,Prof. Faculty 130,IN-299
4084,BE,Information Technology,LY,7,B,Wednesday,12:15,01:15,Java Programming,Prof. Faculty 227,IN-254
4085,BE,Information Technology,LY,7,B,Wednesday,02:00,03:00,Electrical Machines,Prof. Faculty 190,IN-119
4086,BE,Information Technology,LY,7,B,Wednesday,03:00,04:00,Software Engineering,Prof. Faculty 178,IN-124
4087,BE,Information Technology,LY,7,B,Thursday,09:00,10:00,Operating Systems,Prof. Faculty 001,IN-236
4088,BE,Information Technology,LY,7,B,Thursday,10:00,11:00,Data Structures,Prof. Faculty 156,IN-233
4089,BE,Information Technology,LY,7,B,Thursday,11:15,12:15,Java Programming,Prof. Faculty 026,IN-300
4090,BE,Information Technology,LY,7,B,Thursday,12:15,01:15,Python Programming,Prof. Faculty 015,IN-229
4091,BE,Information Technology,LY,7,B,Thursday,02:00,03:00,Mathematics,Prof. Faculty 221,IN-178
4092,BE,Information Technology,LY,7,B,Thursday,03:00,04:00,Operating Systems,Prof. Faculty 032,IN-117
4093,BE,Information Technology,LY,7,B,Friday,09:00,10:00,Project Lab,Prof. Faculty 053,IN-210
4094,BE,Information Technology,LY,7,B,Friday,10:00,11:00,DBMS,Prof. Faculty 079,IN-175
4095,BE,Information Technology,LY,7,B,Friday,11:15,12:15,Computer Networks,Prof. Faculty 079,IN-173
4096,BE,Information Technology,LY,7,B,Friday,12:15,01:15,Operating Systems,Prof. Faculty 167,IN-155
4097,BE,Information Technology,LY,7,B,Friday,02:00,03:00,Cyber Security,Prof. Faculty 100,IN-267
4098,BE,Information Technology,LY,7,B,Friday,03:00,04:00,Software Engineering,Prof. Faculty 059,IN-251
4099,BE,Information Technology,LY,7,B,Saturday,09:00,10:00,Data Structures,Prof. Faculty 229,IN-132
4100,BE,Information Technology,LY,7,B,Saturday,10:00,11:00,Machine Learning,Prof. Faculty 180,IN-102
4101,BE,Information Technology,LY,7,B,Saturday,11:15,12:15,Physics,Prof. Faculty 151,IN-316
4102,BE,Information Technology,LY,7,B,Saturday,12:15,01:15,Machine Learning,Prof. Faculty 157,IN-170
4103,BE,Information Technology,LY,7,B,Saturday,02:00,03:00,Machine Learning,Prof. Faculty 171,IN-185
4104,BE,Information Technology,LY,7,B,Saturday,03:00,04:00,Digital Electronics,Prof. Faculty 224,IN-128
4105,BE,Information Technology,LY,8,A,Monday,09:00,10:00,Operating Systems,Prof. Faculty 204,IN-154
4106,BE,Information Technology,LY,8,A,Monday,10:00,11:00,Cyber Security,Prof. Faculty 224,IN-228
4107,BE,Information Technology,LY,8,A,Monday,11:15,12:15,Project Lab,Prof. Faculty 024,IN-293
4108,BE,Information Technology,LY,8,A,Monday,12:15,01:15,Cyber Security,Prof. Faculty 095,IN-278
4109,BE,Information Technology,LY,8,A,Monday,02:00,03:00,Project Lab,Prof. Faculty 142,IN-220
4110,BE,Information Technology,LY,8,A,Monday,03:00,04:00,Mathematics,Prof. Faculty 005,IN-174
4111,BE,Information Technology,LY,8,A,Tuesday,09:00,10:00,Cyber Security,Prof. Faculty 117,IN-157
4112,BE,Information Technology,LY,8,A,Tuesday,10:00,11:00,Surveying,Prof. Faculty 019,IN-175
4113,BE,Information Technology,LY,8,A,Tuesday,11:15,12:15,Digital Electronics,Prof. Faculty 111,IN-145
4114,BE,Information Technology,LY,8,A,Tuesday,12:15,01:15,Machine Learning,Prof. Faculty 087,IN-230
4115,BE,Information Technology,LY,8,A,Tuesday,02:00,03:00,Java Programming,Prof. Faculty 067,IN-263
4116,BE,Information Technology,LY,8,A,Tuesday,03:00,04:00,Cloud Computing,Prof. Faculty 127,IN-126
4117,BE,Information Technology,LY,8,A,Wednesday,09:00,10:00,Computer Networks,Prof. Faculty 047,IN-145
4118,BE,Information Technology,LY,8,A,Wednesday,10:00,11:00,DBMS,Prof. Faculty 174,IN-182
4119,BE,Information Technology,LY,8,A,Wednesday,11:15,12:15,Mathematics,Prof. Faculty 195,IN-111
4120,BE,Information Technology,LY,8,A,Wednesday,12:15,01:15,Electrical Machines,Prof. Faculty 083,IN-169
4121,BE,Information Technology,LY,8,A,Wednesday,02:00,03:00,Cyber Security,Prof. Faculty 007,IN-236
4122,BE,Information Technology,LY,8,A,Wednesday,03:00,04:00,Web Development,Prof. Faculty 105,IN-189
4123,BE,Information Technology,LY,8,A,Thursday,09:00,10:00,Digital Electronics,Prof. Faculty 094,IN-249
4124,BE,Information Technology,LY,8,A,Thursday,10:00,11:00,Data Structures,Prof. Faculty 219,IN-277
4125,BE,Information Technology,LY,8,A,Thursday,11:15,12:15,Java Programming,Prof. Faculty 143,IN-107
4126,BE,Information Technology,LY,8,A,Thursday,12:15,01:15,Machine Learning,Prof. Faculty 035,IN-212
4127,BE,Information Technology,LY,8,A,Thursday,02:00,03:00,Software Engineering,Prof. Faculty 106,IN-302
4128,BE,Information Technology,LY,8,A,Thursday,03:00,04:00,Digital Electronics,Prof. Faculty 164,IN-149
4129,BE,Information Technology,LY,8,A,Friday,09:00,10:00,Web Development,Prof. Faculty 029,IN-297
4130,BE,Information Technology,LY,8,A,Friday,10:00,11:00,CAD/CAM,Prof. Faculty 237,IN-303
4131,BE,Information Technology,LY,8,A,Friday,11:15,12:15,DBMS,Prof. Faculty 173,IN-249
4132,BE,Information Technology,LY,8,A,Friday,12:15,01:15,Python Programming,Prof. Faculty 248,IN-317
4133,BE,Information Technology,LY,8,A,Friday,02:00,03:00,CAD/CAM,Prof. Faculty 109,IN-253
4134,BE,Information Technology,LY,8,A,Friday,03:00,04:00,Thermodynamics,Prof. Faculty 200,IN-153
4135,BE,Information Technology,LY,8,A,Saturday,09:00,10:00,Electrical Machines,Prof. Faculty 002,IN-287
4136,BE,Information Technology,LY,8,A,Saturday,10:00,11:00,Project Lab,Prof. Faculty 202,IN-145
4137,BE,Information Technology,LY,8,A,Saturday,11:15,12:15,Machine Learning,Prof. Faculty 106,IN-192
4138,BE,Information Technology,LY,8,A,Saturday,12:15,01:15,Digital Electronics,Prof. Faculty 141,IN-142
4139,BE,Information Technology,LY,8,A,Saturday,02:00,03:00,CAD/CAM,Prof. Faculty 090,IN-308
4140,BE,Information Technology,LY,8,A,Saturday,03:00,04:00,Operating Systems,Prof. Faculty 224,IN-249
4141,BE,Information Technology,LY,8,B,Monday,09:00,10:00,Cyber Security,Prof. Faculty 075,IN-146
4142,BE,Information Technology,LY,8,B,Monday,10:00,11:00,Cloud Computing,Prof. Faculty 207,IN-215
4143,BE,Information Technology,LY,8,B,Monday,11:15,12:15,Cyber Security,Prof. Faculty 157,IN-260
4144,BE,Information Technology,LY,8,B,Monday,12:15,01:15,Cyber Security,Prof. Faculty 061,IN-203
4145,BE,Information Technology,LY,8,B,Monday,02:00,03:00,Thermodynamics,Prof. Faculty 232,IN-188
4146,BE,Information Technology,LY,8,B,Monday,03:00,04:00,Computer Networks,Prof. Faculty 019,IN-188
4147,BE,Information Technology,LY,8,B,Tuesday,09:00,10:00,Cloud Computing,Prof. Faculty 012,IN-219
4148,BE,Information Technology,LY,8,B,Tuesday,10:00,11:00,Thermodynamics,Prof. Faculty 005,IN-264
4149,BE,Information Technology,LY,8,B,Tuesday,11:15,12:15,DBMS,Prof. Faculty 003,IN-240
4150,BE,Information Technology,LY,8,B,Tuesday,12:15,01:15,AI Fundamentals,Prof. Faculty 093,IN-300
4151,BE,Information Technology,LY,8,B,Tuesday,02:00,03:00,Physics,Prof. Faculty 237,IN-111
4152,BE,Information Technology,LY,8,B,Tuesday,03:00,04:00,Digital Electronics,Prof. Faculty 168,IN-136
4153,BE,Information Technology,LY,8,B,Wednesday,09:00,10:00,Machine Learning,Prof. Faculty 248,IN-220
4154,BE,Information Technology,LY,8,B,Wednesday,10:00,11:00,Data Structures,Prof. Faculty 198,IN-273
4155,BE,Information Technology,LY,8,B,Wednesday,11:15,12:15,Java Programming,Prof. Faculty 235,IN-181
4156,BE,Information Technology,LY,8,B,Wednesday,12:15,01:15,Mathematics,Prof. Faculty 170,IN-245
4157,BE,Information Technology,LY,8,B,Wednesday,02:00,03:00,Python Programming,Prof. Faculty 227,IN-188
4158,BE,Information Technology,LY,8,B,Wednesday,03:00,04:00,Computer Networks,Prof. Faculty 041,IN-264
4159,BE,Information Technology,LY,8,B,Thursday,09:00,10:00,Surveying,Prof. Faculty 008,IN-133
4160,BE,Information Technology,LY,8,B,Thursday,10:00,11:00,Cyber Security,Prof. Faculty 083,IN-279
4161,BE,Information Technology,LY,8,B,Thursday,11:15,12:15,Physics,Prof. Faculty 022,IN-309
4162,BE,Information Technology,LY,8,B,Thursday,12:15,01:15,Computer Networks,Prof. Faculty 096,IN-127
4163,BE,Information Technology,LY,8,B,Thursday,02:00,03:00,Operating Systems,Prof. Faculty 025,IN-320
4164,BE,Information Technology,LY,8,B,Thursday,03:00,04:00,Java Programming,Prof. Faculty 092,IN-295
4165,BE,Information Technology,LY,8,B,Friday,09:00,10:00,CAD/CAM,Prof. Faculty 045,IN-119
4166,BE,Information Technology,LY,8,B,Friday,10:00,11:00,Data Structures,Prof. Faculty 066,IN-194
4167,BE,Information Technology,LY,8,B,Friday,11:15,12:15,Computer Networks,Prof. Faculty 135,IN-236
4168,BE,Information Technology,LY,8,B,Friday,12:15,01:15,Mathematics,Prof. Faculty 084,IN-297
4169,BE,Information Technology,LY,8,B,Friday,02:00,03:00,Thermodynamics,Prof. Faculty 120,IN-215
4170,BE,Information Technology,LY,8,B,Friday,03:00,04:00,Thermodynamics,Prof. Faculty 209,IN-249
4171,BE,Information Technology,LY,8,B,Saturday,09:00,10:00,Data Structures,Prof. Faculty 116,IN-294
4172,BE,Information Technology,LY,8,B,Saturday,10:00,11:00,Project Lab,Prof. Faculty 131,IN-306
4173,BE,Information Technology,LY,8,B,Saturday,11:15,12:15,Web Development,Prof. Faculty 130,IN-168
4174,BE,Information Technology,LY,8,B,Saturday,12:15,01:15,Computer Networks,Prof. Faculty 096,IN-242
4175,BE,Information Technology,LY,8,B,Saturday,02:00,03:00,Data Structures,Prof. Faculty 013,IN-215
4176,BE,Information Technology,LY,8,B,Saturday,03:00,04:00,Java Programming,Prof. Faculty 125,IN-240
4177,BE,Civil Engineering,FY,1,A,Monday,09:00,10:00,Computer Networks,Prof. Faculty 188,CI-130
4178,BE,Civil Engineering,FY,1,A,Monday,10:00,11:00,Electrical Machines,Prof. Faculty 108,CI-102
4179,BE,Civil Engineering,FY,1,A,Monday,11:15,12:15,Electrical Machines,Prof. Faculty 069,CI-166
4180,BE,Civil Engineering,FY,1,A,Monday,12:15,01:15,Project Lab,Prof. Faculty 124,CI-188
4181,BE,Civil Engineering,FY,1,A,Monday,02:00,03:00,Mathematics,Prof. Faculty 006,CI-282
4182,BE,Civil Engineering,FY,1,A,Monday,03:00,04:00,Cloud Computing,Prof. Faculty 210,CI-290
4183,BE,Civil Engineering,FY,1,A,Tuesday,09:00,10:00,DBMS,Prof. Faculty 025,CI-244
4184,BE,Civil Engineering,FY,1,A,Tuesday,10:00,11:00,AI Fundamentals,Prof. Faculty 037,CI-135
4185,BE,Civil Engineering,FY,1,A,Tuesday,11:15,12:15,Mathematics,Prof. Faculty 034,CI-166
4186,BE,Civil Engineering,FY,1,A,Tuesday,12:15,01:15,Java Programming,Prof. Faculty 023,CI-148
4187,BE,Civil Engineering,FY,1,A,Tuesday,02:00,03:00,Physics,Prof. Faculty 203,CI-139
4188,BE,Civil Engineering,FY,1,A,Tuesday,03:00,04:00,DBMS,Prof. Faculty 203,CI-241
4189,BE,Civil Engineering,FY,1,A,Wednesday,09:00,10:00,Surveying,Prof. Faculty 152,CI-263
4190,BE,Civil Engineering,FY,1,A,Wednesday,10:00,11:00,Web Development,Prof. Faculty 181,CI-239
4191,BE,Civil Engineering,FY,1,A,Wednesday,11:15,12:15,Machine Learning,Prof. Faculty 245,CI-104
4192,BE,Civil Engineering,FY,1,A,Wednesday,12:15,01:15,Cloud Computing,Prof. Faculty 119,CI-307
4193,BE,Civil Engineering,FY,1,A,Wednesday,02:00,03:00,Mathematics,Prof. Faculty 126,CI-128
4194,BE,Civil Engineering,FY,1,A,Wednesday,03:00,04:00,Web Development,Prof. Faculty 147,CI-125
4195,BE,Civil Engineering,FY,1,A,Thursday,09:00,10:00,Surveying,Prof. Faculty 019,CI-169
4196,BE,Civil Engineering,FY,1,A,Thursday,10:00,11:00,Machine Learning,Prof. Faculty 064,CI-182
4197,BE,Civil Engineering,FY,1,A,Thursday,11:15,12:15,Computer Networks,Prof. Faculty 125,CI-158
4198,BE,Civil Engineering,FY,1,A,Thursday,12:15,01:15,Electrical Machines,Prof. Faculty 237,CI-295
4199,BE,Civil Engineering,FY,1,A,Thursday,02:00,03:00,Java Programming,Prof. Faculty 202,CI-274
4200,BE,Civil Engineering,FY,1,A,Thursday,03:00,04:00,Mathematics,Prof. Faculty 082,CI-112
4201,BE,Civil Engineering,FY,1,A,Friday,09:00,10:00,Mathematics,Prof. Faculty 092,CI-192
4202,BE,Civil Engineering,FY,1,A,Friday,10:00,11:00,Cyber Security,Prof. Faculty 208,CI-302
4203,BE,Civil Engineering,FY,1,A,Friday,11:15,12:15,AI Fundamentals,Prof. Faculty 218,CI-284
4204,BE,Civil Engineering,FY,1,A,Friday,12:15,01:15,Web Development,Prof. Faculty 077,CI-285
4205,BE,Civil Engineering,FY,1,A,Friday,02:00,03:00,Physics,Prof. Faculty 119,CI-305
4206,BE,Civil Engineering,FY,1,A,Friday,03:00,04:00,Web Development,Prof. Faculty 111,CI-219
4207,BE,Civil Engineering,FY,1,A,Saturday,09:00,10:00,Digital Electronics,Prof. Faculty 218,CI-174
4208,BE,Civil Engineering,FY,1,A,Saturday,10:00,11:00,Cloud Computing,Prof. Faculty 045,CI-230
4209,BE,Civil Engineering,FY,1,A,Saturday,11:15,12:15,Physics,Prof. Faculty 058,CI-131
4210,BE,Civil Engineering,FY,1,A,Saturday,12:15,01:15,Physics,Prof. Faculty 238,CI-172
4211,BE,Civil Engineering,FY,1,A,Saturday,02:00,03:00,Cyber Security,Prof. Faculty 090,CI-308
4212,BE,Civil Engineering,FY,1,A,Saturday,03:00,04:00,Operating Systems,Prof. Faculty 131,CI-236
4213,BE,Civil Engineering,FY,1,B,Monday,09:00,10:00,Operating Systems,Prof. Faculty 052,CI-105
4214,BE,Civil Engineering,FY,1,B,Monday,10:00,11:00,DBMS,Prof. Faculty 037,CI-290
4215,BE,Civil Engineering,FY,1,B,Monday,11:15,12:15,Thermodynamics,Prof. Faculty 003,CI-160
4216,BE,Civil Engineering,FY,1,B,Monday,12:15,01:15,Electrical Machines,Prof. Faculty 034,CI-204
4217,BE,Civil Engineering,FY,1,B,Monday,02:00,03:00,AI Fundamentals,Prof. Faculty 102,CI-252
4218,BE,Civil Engineering,FY,1,B,Monday,03:00,04:00,DBMS,Prof. Faculty 099,CI-261
4219,BE,Civil Engineering,FY,1,B,Tuesday,09:00,10:00,Electrical Machines,Prof. Faculty 105,CI-161
4220,BE,Civil Engineering,FY,1,B,Tuesday,10:00,11:00,Cloud Computing,Prof. Faculty 249,CI-200
4221,BE,Civil Engineering,FY,1,B,Tuesday,11:15,12:15,Cloud Computing,Prof. Faculty 006,CI-250
4222,BE,Civil Engineering,FY,1,B,Tuesday,12:15,01:15,Digital Electronics,Prof. Faculty 165,CI-264
4223,BE,Civil Engineering,FY,1,B,Tuesday,02:00,03:00,Machine Learning,Prof. Faculty 107,CI-170
4224,BE,Civil Engineering,FY,1,B,Tuesday,03:00,04:00,Thermodynamics,Prof. Faculty 188,CI-108
4225,BE,Civil Engineering,FY,1,B,Wednesday,09:00,10:00,Digital Electronics,Prof. Faculty 069,CI-202
4226,BE,Civil Engineering,FY,1,B,Wednesday,10:00,11:00,Java Programming,Prof. Faculty 051,CI-219
4227,BE,Civil Engineering,FY,1,B,Wednesday,11:15,12:15,Surveying,Prof. Faculty 172,CI-142
4228,BE,Civil Engineering,FY,1,B,Wednesday,12:15,01:15,Python Programming,Prof. Faculty 166,CI-261
4229,BE,Civil Engineering,FY,1,B,Wednesday,02:00,03:00,Thermodynamics,Prof. Faculty 153,CI-107
4230,BE,Civil Engineering,FY,1,B,Wednesday,03:00,04:00,Machine Learning,Prof. Faculty 122,CI-290
4231,BE,Civil Engineering,FY,1,B,Thursday,09:00,10:00,Data Structures,Prof. Faculty 174,CI-186
4232,BE,Civil Engineering,FY,1,B,Thursday,10:00,11:00,Project Lab,Prof. Faculty 008,CI-208
4233,BE,Civil Engineering,FY,1,B,Thursday,11:15,12:15,AI Fundamentals,Prof. Faculty 032,CI-254
4234,BE,Civil Engineering,FY,1,B,Thursday,12:15,01:15,Cyber Security,Prof. Faculty 227,CI-294
4235,BE,Civil Engineering,FY,1,B,Thursday,02:00,03:00,AI Fundamentals,Prof. Faculty 038,CI-210
4236,BE,Civil Engineering,FY,1,B,Thursday,03:00,04:00,Python Programming,Prof. Faculty 036,CI-127
4237,BE,Civil Engineering,FY,1,B,Friday,09:00,10:00,Java Programming,Prof. Faculty 051,CI-181
4238,BE,Civil Engineering,FY,1,B,Friday,10:00,11:00,Surveying,Prof. Faculty 153,CI-140
4239,BE,Civil Engineering,FY,1,B,Friday,11:15,12:15,Thermodynamics,Prof. Faculty 081,CI-183
4240,BE,Civil Engineering,FY,1,B,Friday,12:15,01:15,Data Structures,Prof. Faculty 001,CI-303
4241,BE,Civil Engineering,FY,1,B,Friday,02:00,03:00,Software Engineering,Prof. Faculty 240,CI-268
4242,BE,Civil Engineering,FY,1,B,Friday,03:00,04:00,Software Engineering,Prof. Faculty 122,CI-114
4243,BE,Civil Engineering,FY,1,B,Saturday,09:00,10:00,Digital Electronics,Prof. Faculty 178,CI-229
4244,BE,Civil Engineering,FY,1,B,Saturday,10:00,11:00,Python Programming,Prof. Faculty 215,CI-290
4245,BE,Civil Engineering,FY,1,B,Saturday,11:15,12:15,CAD/CAM,Prof. Faculty 192,CI-131
4246,BE,Civil Engineering,FY,1,B,Saturday,12:15,01:15,Python Programming,Prof. Faculty 238,CI-285
4247,BE,Civil Engineering,FY,1,B,Saturday,02:00,03:00,Computer Networks,Prof. Faculty 114,CI-239
4248,BE,Civil Engineering,FY,1,B,Saturday,03:00,04:00,Cloud Computing,Prof. Faculty 044,CI-104
4249,BE,Civil Engineering,FY,2,A,Monday,09:00,10:00,Operating Systems,Prof. Faculty 051,CI-266
4250,BE,Civil Engineering,FY,2,A,Monday,10:00,11:00,Python Programming,Prof. Faculty 127,CI-116
4251,BE,Civil Engineering,FY,2,A,Monday,11:15,12:15,CAD/CAM,Prof. Faculty 028,CI-280
4252,BE,Civil Engineering,FY,2,A,Monday,12:15,01:15,Computer Networks,Prof. Faculty 176,CI-304
4253,BE,Civil Engineering,FY,2,A,Monday,02:00,03:00,Thermodynamics,Prof. Faculty 090,CI-311
4254,BE,Civil Engineering,FY,2,A,Monday,03:00,04:00,Machine Learning,Prof. Faculty 158,CI-131
4255,BE,Civil Engineering,FY,2,A,Tuesday,09:00,10:00,AI Fundamentals,Prof. Faculty 162,CI-236
4256,BE,Civil Engineering,FY,2,A,Tuesday,10:00,11:00,Cyber Security,Prof. Faculty 066,CI-271
4257,BE,Civil Engineering,FY,2,A,Tuesday,11:15,12:15,AI Fundamentals,Prof. Faculty 219,CI-193
4258,BE,Civil Engineering,FY,2,A,Tuesday,12:15,01:15,Machine Learning,Prof. Faculty 045,CI-236
4259,BE,Civil Engineering,FY,2,A,Tuesday,02:00,03:00,Surveying,Prof. Faculty 228,CI-217
4260,BE,Civil Engineering,FY,2,A,Tuesday,03:00,04:00,Java Programming,Prof. Faculty 030,CI-307
4261,BE,Civil Engineering,FY,2,A,Wednesday,09:00,10:00,Data Structures,Prof. Faculty 199,CI-161
4262,BE,Civil Engineering,FY,2,A,Wednesday,10:00,11:00,Electrical Machines,Prof. Faculty 213,CI-156
4263,BE,Civil Engineering,FY,2,A,Wednesday,11:15,12:15,Physics,Prof. Faculty 187,CI-305
4264,BE,Civil Engineering,FY,2,A,Wednesday,12:15,01:15,Mathematics,Prof. Faculty 145,CI-184
4265,BE,Civil Engineering,FY,2,A,Wednesday,02:00,03:00,Software Engineering,Prof. Faculty 071,CI-309
4266,BE,Civil Engineering,FY,2,A,Wednesday,03:00,04:00,Python Programming,Prof. Faculty 193,CI-101
4267,BE,Civil Engineering,FY,2,A,Thursday,09:00,10:00,Machine Learning,Prof. Faculty 114,CI-301
4268,BE,Civil Engineering,FY,2,A,Thursday,10:00,11:00,Surveying,Prof. Faculty 122,CI-110
4269,BE,Civil Engineering,FY,2,A,Thursday,11:15,12:15,Web Development,Prof. Faculty 184,CI-145
4270,BE,Civil Engineering,FY,2,A,Thursday,12:15,01:15,Operating Systems,Prof. Faculty 121,CI-237
4271,BE,Civil Engineering,FY,2,A,Thursday,02:00,03:00,DBMS,Prof. Faculty 134,CI-199
4272,BE,Civil Engineering,FY,2,A,Thursday,03:00,04:00,Software Engineering,Prof. Faculty 024,CI-159
4273,BE,Civil Engineering,FY,2,A,Friday,09:00,10:00,DBMS,Prof. Faculty 005,CI-283
4274,BE,Civil Engineering,FY,2,A,Friday,10:00,11:00,Project Lab,Prof. Faculty 173,CI-197
4275,BE,Civil Engineering,FY,2,A,Friday,11:15,12:15,Java Programming,Prof. Faculty 216,CI-147
4276,BE,Civil Engineering,FY,2,A,Friday,12:15,01:15,Electrical Machines,Prof. Faculty 100,CI-235
4277,BE,Civil Engineering,FY,2,A,Friday,02:00,03:00,Operating Systems,Prof. Faculty 064,CI-209
4278,BE,Civil Engineering,FY,2,A,Friday,03:00,04:00,Java Programming,Prof. Faculty 022,CI-137
4279,BE,Civil Engineering,FY,2,A,Saturday,09:00,10:00,Cloud Computing,Prof. Faculty 244,CI-228
4280,BE,Civil Engineering,FY,2,A,Saturday,10:00,11:00,Software Engineering,Prof. Faculty 175,CI-282
4281,BE,Civil Engineering,FY,2,A,Saturday,11:15,12:15,Machine Learning,Prof. Faculty 250,CI-107
4282,BE,Civil Engineering,FY,2,A,Saturday,12:15,01:15,Python Programming,Prof. Faculty 132,CI-225
4283,BE,Civil Engineering,FY,2,A,Saturday,02:00,03:00,Digital Electronics,Prof. Faculty 116,CI-216
4284,BE,Civil Engineering,FY,2,A,Saturday,03:00,04:00,Cloud Computing,Prof. Faculty 058,CI-237
4285,BE,Civil Engineering,FY,2,B,Monday,09:00,10:00,Software Engineering,Prof. Faculty 154,CI-162
4286,BE,Civil Engineering,FY,2,B,Monday,10:00,11:00,Operating Systems,Prof. Faculty 214,CI-184
4287,BE,Civil Engineering,FY,2,B,Monday,11:15,12:15,Software Engineering,Prof. Faculty 071,CI-269
4288,BE,Civil Engineering,FY,2,B,Monday,12:15,01:15,DBMS,Prof. Faculty 088,CI-178
4289,BE,Civil Engineering,FY,2,B,Monday,02:00,03:00,Operating Systems,Prof. Faculty 043,CI-201
4290,BE,Civil Engineering,FY,2,B,Monday,03:00,04:00,Thermodynamics,Prof. Faculty 020,CI-286
4291,BE,Civil Engineering,FY,2,B,Tuesday,09:00,10:00,Data Structures,Prof. Faculty 122,CI-126
4292,BE,Civil Engineering,FY,2,B,Tuesday,10:00,11:00,DBMS,Prof. Faculty 027,CI-136
4293,BE,Civil Engineering,FY,2,B,Tuesday,11:15,12:15,Physics,Prof. Faculty 237,CI-142
4294,BE,Civil Engineering,FY,2,B,Tuesday,12:15,01:15,Data Structures,Prof. Faculty 051,CI-228
4295,BE,Civil Engineering,FY,2,B,Tuesday,02:00,03:00,Computer Networks,Prof. Faculty 197,CI-161
4296,BE,Civil Engineering,FY,2,B,Tuesday,03:00,04:00,Thermodynamics,Prof. Faculty 084,CI-209
4297,BE,Civil Engineering,FY,2,B,Wednesday,09:00,10:00,Physics,Prof. Faculty 141,CI-217
4298,BE,Civil Engineering,FY,2,B,Wednesday,10:00,11:00,Python Programming,Prof. Faculty 100,CI-277
4299,BE,Civil Engineering,FY,2,B,Wednesday,11:15,12:15,Digital Electronics,Prof. Faculty 074,CI-134
4300,BE,Civil Engineering,FY,2,B,Wednesday,12:15,01:15,Physics,Prof. Faculty 013,CI-312
4301,BE,Civil Engineering,FY,2,B,Wednesday,02:00,03:00,Project Lab,Prof. Faculty 015,CI-187
4302,BE,Civil Engineering,FY,2,B,Wednesday,03:00,04:00,Software Engineering,Prof. Faculty 018,CI-316
4303,BE,Civil Engineering,FY,2,B,Thursday,09:00,10:00,Physics,Prof. Faculty 035,CI-188
4304,BE,Civil Engineering,FY,2,B,Thursday,10:00,11:00,Data Structures,Prof. Faculty 074,CI-125
4305,BE,Civil Engineering,FY,2,B,Thursday,11:15,12:15,Cloud Computing,Prof. Faculty 184,CI-220
4306,BE,Civil Engineering,FY,2,B,Thursday,12:15,01:15,Cloud Computing,Prof. Faculty 212,CI-210
4307,BE,Civil Engineering,FY,2,B,Thursday,02:00,03:00,AI Fundamentals,Prof. Faculty 208,CI-134
4308,BE,Civil Engineering,FY,2,B,Thursday,03:00,04:00,Web Development,Prof. Faculty 104,CI-264
4309,BE,Civil Engineering,FY,2,B,Friday,09:00,10:00,Digital Electronics,Prof. Faculty 016,CI-299
4310,BE,Civil Engineering,FY,2,B,Friday,10:00,11:00,Cloud Computing,Prof. Faculty 212,CI-205
4311,BE,Civil Engineering,FY,2,B,Friday,11:15,12:15,Electrical Machines,Prof. Faculty 112,CI-235
4312,BE,Civil Engineering,FY,2,B,Friday,12:15,01:15,CAD/CAM,Prof. Faculty 056,CI-192
4313,BE,Civil Engineering,FY,2,B,Friday,02:00,03:00,Physics,Prof. Faculty 186,CI-128
4314,BE,Civil Engineering,FY,2,B,Friday,03:00,04:00,AI Fundamentals,Prof. Faculty 144,CI-320
4315,BE,Civil Engineering,FY,2,B,Saturday,09:00,10:00,Project Lab,Prof. Faculty 101,CI-210
4316,BE,Civil Engineering,FY,2,B,Saturday,10:00,11:00,Machine Learning,Prof. Faculty 178,CI-268
4317,BE,Civil Engineering,FY,2,B,Saturday,11:15,12:15,Electrical Machines,Prof. Faculty 211,CI-191
4318,BE,Civil Engineering,FY,2,B,Saturday,12:15,01:15,Digital Electronics,Prof. Faculty 198,CI-254
4319,BE,Civil Engineering,FY,2,B,Saturday,02:00,03:00,CAD/CAM,Prof. Faculty 072,CI-125
4320,BE,Civil Engineering,FY,2,B,Saturday,03:00,04:00,Thermodynamics,Prof. Faculty 041,CI-107
4321,BE,Civil Engineering,SY,3,A,Monday,09:00,10:00,Thermodynamics,Prof. Faculty 223,CI-138
4322,BE,Civil Engineering,SY,3,A,Monday,10:00,11:00,Computer Networks,Prof. Faculty 001,CI-239
4323,BE,Civil Engineering,SY,3,A,Monday,11:15,12:15,Electrical Machines,Prof. Faculty 053,CI-143
4324,BE,Civil Engineering,SY,3,A,Monday,12:15,01:15,AI Fundamentals,Prof. Faculty 022,CI-225
4325,BE,Civil Engineering,SY,3,A,Monday,02:00,03:00,Web Development,Prof. Faculty 237,CI-199
4326,BE,Civil Engineering,SY,3,A,Monday,03:00,04:00,Surveying,Prof. Faculty 049,CI-238
4327,BE,Civil Engineering,SY,3,A,Tuesday,09:00,10:00,Electrical Machines,Prof. Faculty 170,CI-241
4328,BE,Civil Engineering,SY,3,A,Tuesday,10:00,11:00,Java Programming,Prof. Faculty 231,CI-115
4329,BE,Civil Engineering,SY,3,A,Tuesday,11:15,12:15,Java Programming,Prof. Faculty 127,CI-102
4330,BE,Civil Engineering,SY,3,A,Tuesday,12:15,01:15,Physics,Prof. Faculty 091,CI-167
4331,BE,Civil Engineering,SY,3,A,Tuesday,02:00,03:00,Python Programming,Prof. Faculty 137,CI-235
4332,BE,Civil Engineering,SY,3,A,Tuesday,03:00,04:00,Software Engineering,Prof. Faculty 194,CI-149
4333,BE,Civil Engineering,SY,3,A,Wednesday,09:00,10:00,Cyber Security,Prof. Faculty 160,CI-306
4334,BE,Civil Engineering,SY,3,A,Wednesday,10:00,11:00,Project Lab,Prof. Faculty 077,CI-175
4335,BE,Civil Engineering,SY,3,A,Wednesday,11:15,12:15,CAD/CAM,Prof. Faculty 084,CI-149
4336,BE,Civil Engineering,SY,3,A,Wednesday,12:15,01:15,Mathematics,Prof. Faculty 241,CI-161
4337,BE,Civil Engineering,SY,3,A,Wednesday,02:00,03:00,Data Structures,Prof. Faculty 189,CI-152
4338,BE,Civil Engineering,SY,3,A,Wednesday,03:00,04:00,CAD/CAM,Prof. Faculty 201,CI-194
4339,BE,Civil Engineering,SY,3,A,Thursday,09:00,10:00,Computer Networks,Prof. Faculty 171,CI-117
4340,BE,Civil Engineering,SY,3,A,Thursday,10:00,11:00,Web Development,Prof. Faculty 163,CI-285
4341,BE,Civil Engineering,SY,3,A,Thursday,11:15,12:15,Operating Systems,Prof. Faculty 005,CI-166
4342,BE,Civil Engineering,SY,3,A,Thursday,12:15,01:15,Mathematics,Prof. Faculty 224,CI-152
4343,BE,Civil Engineering,SY,3,A,Thursday,02:00,03:00,Thermodynamics,Prof. Faculty 144,CI-132
4344,BE,Civil Engineering,SY,3,A,Thursday,03:00,04:00,Web Development,Prof. Faculty 224,CI-203
4345,BE,Civil Engineering,SY,3,A,Friday,09:00,10:00,Cloud Computing,Prof. Faculty 224,CI-272
4346,BE,Civil Engineering,SY,3,A,Friday,10:00,11:00,Software Engineering,Prof. Faculty 160,CI-192
4347,BE,Civil Engineering,SY,3,A,Friday,11:15,12:15,Software Engineering,Prof. Faculty 055,CI-245
4348,BE,Civil Engineering,SY,3,A,Friday,12:15,01:15,Physics,Prof. Faculty 208,CI-300
4349,BE,Civil Engineering,SY,3,A,Friday,02:00,03:00,Java Programming,Prof. Faculty 122,CI-102
4350,BE,Civil Engineering,SY,3,A,Friday,03:00,04:00,Surveying,Prof. Faculty 226,CI-187
4351,BE,Civil Engineering,SY,3,A,Saturday,09:00,10:00,Software Engineering,Prof. Faculty 108,CI-259
4352,BE,Civil Engineering,SY,3,A,Saturday,10:00,11:00,Python Programming,Prof. Faculty 195,CI-135
4353,BE,Civil Engineering,SY,3,A,Saturday,11:15,12:15,Cloud Computing,Prof. Faculty 122,CI-180
4354,BE,Civil Engineering,SY,3,A,Saturday,12:15,01:15,Cyber Security,Prof. Faculty 223,CI-316
4355,BE,Civil Engineering,SY,3,A,Saturday,02:00,03:00,Thermodynamics,Prof. Faculty 043,CI-191
4356,BE,Civil Engineering,SY,3,A,Saturday,03:00,04:00,Operating Systems,Prof. Faculty 044,CI-101
4357,BE,Civil Engineering,SY,3,B,Monday,09:00,10:00,Thermodynamics,Prof. Faculty 204,CI-125
4358,BE,Civil Engineering,SY,3,B,Monday,10:00,11:00,Digital Electronics,Prof. Faculty 167,CI-300
4359,BE,Civil Engineering,SY,3,B,Monday,11:15,12:15,Surveying,Prof. Faculty 141,CI-238
4360,BE,Civil Engineering,SY,3,B,Monday,12:15,01:15,Computer Networks,Prof. Faculty 166,CI-273
4361,BE,Civil Engineering,SY,3,B,Monday,02:00,03:00,Java Programming,Prof. Faculty 060,CI-125
4362,BE,Civil Engineering,SY,3,B,Monday,03:00,04:00,Digital Electronics,Prof. Faculty 007,CI-264
4363,BE,Civil Engineering,SY,3,B,Tuesday,09:00,10:00,Web Development,Prof. Faculty 243,CI-302
4364,BE,Civil Engineering,SY,3,B,Tuesday,10:00,11:00,AI Fundamentals,Prof. Faculty 062,CI-301
4365,BE,Civil Engineering,SY,3,B,Tuesday,11:15,12:15,CAD/CAM,Prof. Faculty 226,CI-304
4366,BE,Civil Engineering,SY,3,B,Tuesday,12:15,01:15,Surveying,Prof. Faculty 215,CI-184
4367,BE,Civil Engineering,SY,3,B,Tuesday,02:00,03:00,Operating Systems,Prof. Faculty 090,CI-283
4368,BE,Civil Engineering,SY,3,B,Tuesday,03:00,04:00,Mathematics,Prof. Faculty 142,CI-120
4369,BE,Civil Engineering,SY,3,B,Wednesday,09:00,10:00,Web Development,Prof. Faculty 213,CI-291
4370,BE,Civil Engineering,SY,3,B,Wednesday,10:00,11:00,Physics,Prof. Faculty 137,CI-136
4371,BE,Civil Engineering,SY,3,B,Wednesday,11:15,12:15,Machine Learning,Prof. Faculty 183,CI-265
4372,BE,Civil Engineering,SY,3,B,Wednesday,12:15,01:15,Mathematics,Prof. Faculty 214,CI-214
4373,BE,Civil Engineering,SY,3,B,Wednesday,02:00,03:00,Surveying,Prof. Faculty 110,CI-174
4374,BE,Civil Engineering,SY,3,B,Wednesday,03:00,04:00,Electrical Machines,Prof. Faculty 113,CI-207
4375,BE,Civil Engineering,SY,3,B,Thursday,09:00,10:00,Python Programming,Prof. Faculty 164,CI-239
4376,BE,Civil Engineering,SY,3,B,Thursday,10:00,11:00,Cloud Computing,Prof. Faculty 137,CI-211
4377,BE,Civil Engineering,SY,3,B,Thursday,11:15,12:15,AI Fundamentals,Prof. Faculty 094,CI-250
4378,BE,Civil Engineering,SY,3,B,Thursday,12:15,01:15,Mathematics,Prof. Faculty 135,CI-149
4379,BE,Civil Engineering,SY,3,B,Thursday,02:00,03:00,Machine Learning,Prof. Faculty 103,CI-144
4380,BE,Civil Engineering,SY,3,B,Thursday,03:00,04:00,Data Structures,Prof. Faculty 055,CI-124
4381,BE,Civil Engineering,SY,3,B,Friday,09:00,10:00,Digital Electronics,Prof. Faculty 236,CI-101
4382,BE,Civil Engineering,SY,3,B,Friday,10:00,11:00,Cloud Computing,Prof. Faculty 218,CI-118
4383,BE,Civil Engineering,SY,3,B,Friday,11:15,12:15,Java Programming,Prof. Faculty 209,CI-193
4384,BE,Civil Engineering,SY,3,B,Friday,12:15,01:15,Cloud Computing,Prof. Faculty 009,CI-135
4385,BE,Civil Engineering,SY,3,B,Friday,02:00,03:00,Python Programming,Prof. Faculty 167,CI-279
4386,BE,Civil Engineering,SY,3,B,Friday,03:00,04:00,Machine Learning,Prof. Faculty 151,CI-257
4387,BE,Civil Engineering,SY,3,B,Saturday,09:00,10:00,Surveying,Prof. Faculty 124,CI-159
4388,BE,Civil Engineering,SY,3,B,Saturday,10:00,11:00,AI Fundamentals,Prof. Faculty 112,CI-131
4389,BE,Civil Engineering,SY,3,B,Saturday,11:15,12:15,Physics,Prof. Faculty 004,CI-280
4390,BE,Civil Engineering,SY,3,B,Saturday,12:15,01:15,Python Programming,Prof. Faculty 220,CI-116
4391,BE,Civil Engineering,SY,3,B,Saturday,02:00,03:00,Software Engineering,Prof. Faculty 189,CI-178
4392,BE,Civil Engineering,SY,3,B,Saturday,03:00,04:00,Cloud Computing,Prof. Faculty 015,CI-238
4393,BE,Civil Engineering,SY,4,A,Monday,09:00,10:00,Digital Electronics,Prof. Faculty 118,CI-185
4394,BE,Civil Engineering,SY,4,A,Monday,10:00,11:00,Cloud Computing,Prof. Faculty 132,CI-229
4395,BE,Civil Engineering,SY,4,A,Monday,11:15,12:15,Cyber Security,Prof. Faculty 004,CI-139
4396,BE,Civil Engineering,SY,4,A,Monday,12:15,01:15,DBMS,Prof. Faculty 104,CI-165
4397,BE,Civil Engineering,SY,4,A,Monday,02:00,03:00,Web Development,Prof. Faculty 159,CI-180
4398,BE,Civil Engineering,SY,4,A,Monday,03:00,04:00,Electrical Machines,Prof. Faculty 214,CI-212
4399,BE,Civil Engineering,SY,4,A,Tuesday,09:00,10:00,Surveying,Prof. Faculty 234,CI-124
4400,BE,Civil Engineering,SY,4,A,Tuesday,10:00,11:00,Java Programming,Prof. Faculty 019,CI-298
4401,BE,Civil Engineering,SY,4,A,Tuesday,11:15,12:15,Surveying,Prof. Faculty 059,CI-161
4402,BE,Civil Engineering,SY,4,A,Tuesday,12:15,01:15,Cloud Computing,Prof. Faculty 025,CI-233
4403,BE,Civil Engineering,SY,4,A,Tuesday,02:00,03:00,Electrical Machines,Prof. Faculty 130,CI-124
4404,BE,Civil Engineering,SY,4,A,Tuesday,03:00,04:00,Project Lab,Prof. Faculty 137,CI-284
4405,BE,Civil Engineering,SY,4,A,Wednesday,09:00,10:00,Physics,Prof. Faculty 083,CI-179
4406,BE,Civil Engineering,SY,4,A,Wednesday,10:00,11:00,Physics,Prof. Faculty 060,CI-273
4407,BE,Civil Engineering,SY,4,A,Wednesday,11:15,12:15,Physics,Prof. Faculty 171,CI-219
4408,BE,Civil Engineering,SY,4,A,Wednesday,12:15,01:15,Electrical Machines,Prof. Faculty 220,CI-171
4409,BE,Civil Engineering,SY,4,A,Wednesday,02:00,03:00,DBMS,Prof. Faculty 013,CI-315
4410,BE,Civil Engineering,SY,4,A,Wednesday,03:00,04:00,Cyber Security,Prof. Faculty 087,CI-163
4411,BE,Civil Engineering,SY,4,A,Thursday,09:00,10:00,Web Development,Prof. Faculty 031,CI-317
4412,BE,Civil Engineering,SY,4,A,Thursday,10:00,11:00,Surveying,Prof. Faculty 066,CI-108
4413,BE,Civil Engineering,SY,4,A,Thursday,11:15,12:15,Cyber Security,Prof. Faculty 048,CI-150
4414,BE,Civil Engineering,SY,4,A,Thursday,12:15,01:15,Web Development,Prof. Faculty 214,CI-127
4415,BE,Civil Engineering,SY,4,A,Thursday,02:00,03:00,Python Programming,Prof. Faculty 184,CI-310
4416,BE,Civil Engineering,SY,4,A,Thursday,03:00,04:00,Machine Learning,Prof. Faculty 051,CI-145
4417,BE,Civil Engineering,SY,4,A,Friday,09:00,10:00,Cloud Computing,Prof. Faculty 085,CI-215
4418,BE,Civil Engineering,SY,4,A,Friday,10:00,11:00,Machine Learning,Prof. Faculty 121,CI-105
4419,BE,Civil Engineering,SY,4,A,Friday,11:15,12:15,Operating Systems,Prof. Faculty 167,CI-247
4420,BE,Civil Engineering,SY,4,A,Friday,12:15,01:15,Python Programming,Prof. Faculty 245,CI-302
4421,BE,Civil Engineering,SY,4,A,Friday,02:00,03:00,Operating Systems,Prof. Faculty 059,CI-151
4422,BE,Civil Engineering,SY,4,A,Friday,03:00,04:00,Java Programming,Prof. Faculty 084,CI-273
4423,BE,Civil Engineering,SY,4,A,Saturday,09:00,10:00,Computer Networks,Prof. Faculty 116,CI-278
4424,BE,Civil Engineering,SY,4,A,Saturday,10:00,11:00,Physics,Prof. Faculty 082,CI-178
4425,BE,Civil Engineering,SY,4,A,Saturday,11:15,12:15,Cyber Security,Prof. Faculty 161,CI-160
4426,BE,Civil Engineering,SY,4,A,Saturday,12:15,01:15,Physics,Prof. Faculty 135,CI-291
4427,BE,Civil Engineering,SY,4,A,Saturday,02:00,03:00,Computer Networks,Prof. Faculty 027,CI-297
4428,BE,Civil Engineering,SY,4,A,Saturday,03:00,04:00,Machine Learning,Prof. Faculty 080,CI-103
4429,BE,Civil Engineering,SY,4,B,Monday,09:00,10:00,DBMS,Prof. Faculty 111,CI-225
4430,BE,Civil Engineering,SY,4,B,Monday,10:00,11:00,Data Structures,Prof. Faculty 203,CI-221
4431,BE,Civil Engineering,SY,4,B,Monday,11:15,12:15,Web Development,Prof. Faculty 154,CI-182
4432,BE,Civil Engineering,SY,4,B,Monday,12:15,01:15,Computer Networks,Prof. Faculty 216,CI-293
4433,BE,Civil Engineering,SY,4,B,Monday,02:00,03:00,Cloud Computing,Prof. Faculty 044,CI-154
4434,BE,Civil Engineering,SY,4,B,Monday,03:00,04:00,Project Lab,Prof. Faculty 231,CI-144
4435,BE,Civil Engineering,SY,4,B,Tuesday,09:00,10:00,Operating Systems,Prof. Faculty 174,CI-194
4436,BE,Civil Engineering,SY,4,B,Tuesday,10:00,11:00,Operating Systems,Prof. Faculty 048,CI-288
4437,BE,Civil Engineering,SY,4,B,Tuesday,11:15,12:15,Thermodynamics,Prof. Faculty 130,CI-138
4438,BE,Civil Engineering,SY,4,B,Tuesday,12:15,01:15,Web Development,Prof. Faculty 231,CI-115
4439,BE,Civil Engineering,SY,4,B,Tuesday,02:00,03:00,Computer Networks,Prof. Faculty 189,CI-310
4440,BE,Civil Engineering,SY,4,B,Tuesday,03:00,04:00,Software Engineering,Prof. Faculty 228,CI-230
4441,BE,Civil Engineering,SY,4,B,Wednesday,09:00,10:00,Project Lab,Prof. Faculty 175,CI-286
4442,BE,Civil Engineering,SY,4,B,Wednesday,10:00,11:00,Web Development,Prof. Faculty 239,CI-176
4443,BE,Civil Engineering,SY,4,B,Wednesday,11:15,12:15,Python Programming,Prof. Faculty 060,CI-264
4444,BE,Civil Engineering,SY,4,B,Wednesday,12:15,01:15,Cyber Security,Prof. Faculty 084,CI-104
4445,BE,Civil Engineering,SY,4,B,Wednesday,02:00,03:00,Electrical Machines,Prof. Faculty 028,CI-188
4446,BE,Civil Engineering,SY,4,B,Wednesday,03:00,04:00,DBMS,Prof. Faculty 184,CI-217
4447,BE,Civil Engineering,SY,4,B,Thursday,09:00,10:00,DBMS,Prof. Faculty 146,CI-194
4448,BE,Civil Engineering,SY,4,B,Thursday,10:00,11:00,Computer Networks,Prof. Faculty 018,CI-228
4449,BE,Civil Engineering,SY,4,B,Thursday,11:15,12:15,Web Development,Prof. Faculty 117,CI-147
4450,BE,Civil Engineering,SY,4,B,Thursday,12:15,01:15,Cyber Security,Prof. Faculty 204,CI-290
4451,BE,Civil Engineering,SY,4,B,Thursday,02:00,03:00,Software Engineering,Prof. Faculty 195,CI-193
4452,BE,Civil Engineering,SY,4,B,Thursday,03:00,04:00,Mathematics,Prof. Faculty 029,CI-212
4453,BE,Civil Engineering,SY,4,B,Friday,09:00,10:00,AI Fundamentals,Prof. Faculty 217,CI-304
4454,BE,Civil Engineering,SY,4,B,Friday,10:00,11:00,Web Development,Prof. Faculty 035,CI-206
4455,BE,Civil Engineering,SY,4,B,Friday,11:15,12:15,Project Lab,Prof. Faculty 198,CI-127
4456,BE,Civil Engineering,SY,4,B,Friday,12:15,01:15,Electrical Machines,Prof. Faculty 001,CI-304
4457,BE,Civil Engineering,SY,4,B,Friday,02:00,03:00,Java Programming,Prof. Faculty 149,CI-244
4458,BE,Civil Engineering,SY,4,B,Friday,03:00,04:00,CAD/CAM,Prof. Faculty 010,CI-143
4459,BE,Civil Engineering,SY,4,B,Saturday,09:00,10:00,Web Development,Prof. Faculty 074,CI-164
4460,BE,Civil Engineering,SY,4,B,Saturday,10:00,11:00,Python Programming,Prof. Faculty 050,CI-189
4461,BE,Civil Engineering,SY,4,B,Saturday,11:15,12:15,CAD/CAM,Prof. Faculty 136,CI-153
4462,BE,Civil Engineering,SY,4,B,Saturday,12:15,01:15,Cloud Computing,Prof. Faculty 180,CI-271
4463,BE,Civil Engineering,SY,4,B,Saturday,02:00,03:00,Surveying,Prof. Faculty 023,CI-171
4464,BE,Civil Engineering,SY,4,B,Saturday,03:00,04:00,Thermodynamics,Prof. Faculty 244,CI-314
4465,BE,Civil Engineering,TY,5,A,Monday,09:00,10:00,Java Programming,Prof. Faculty 173,CI-250
4466,BE,Civil Engineering,TY,5,A,Monday,10:00,11:00,Thermodynamics,Prof. Faculty 142,CI-126
4467,BE,Civil Engineering,TY,5,A,Monday,11:15,12:15,Python Programming,Prof. Faculty 207,CI-175
4468,BE,Civil Engineering,TY,5,A,Monday,12:15,01:15,Data Structures,Prof. Faculty 187,CI-144
4469,BE,Civil Engineering,TY,5,A,Monday,02:00,03:00,CAD/CAM,Prof. Faculty 145,CI-211
4470,BE,Civil Engineering,TY,5,A,Monday,03:00,04:00,Physics,Prof. Faculty 239,CI-219
4471,BE,Civil Engineering,TY,5,A,Tuesday,09:00,10:00,DBMS,Prof. Faculty 211,CI-242
4472,BE,Civil Engineering,TY,5,A,Tuesday,10:00,11:00,Project Lab,Prof. Faculty 119,CI-108
4473,BE,Civil Engineering,TY,5,A,Tuesday,11:15,12:15,DBMS,Prof. Faculty 125,CI-281
4474,BE,Civil Engineering,TY,5,A,Tuesday,12:15,01:15,Cyber Security,Prof. Faculty 149,CI-264
4475,BE,Civil Engineering,TY,5,A,Tuesday,02:00,03:00,Computer Networks,Prof. Faculty 173,CI-140
4476,BE,Civil Engineering,TY,5,A,Tuesday,03:00,04:00,Surveying,Prof. Faculty 215,CI-215
4477,BE,Civil Engineering,TY,5,A,Wednesday,09:00,10:00,Mathematics,Prof. Faculty 250,CI-119
4478,BE,Civil Engineering,TY,5,A,Wednesday,10:00,11:00,Python Programming,Prof. Faculty 075,CI-148
4479,BE,Civil Engineering,TY,5,A,Wednesday,11:15,12:15,Physics,Prof. Faculty 198,CI-285
4480,BE,Civil Engineering,TY,5,A,Wednesday,12:15,01:15,Digital Electronics,Prof. Faculty 178,CI-195
4481,BE,Civil Engineering,TY,5,A,Wednesday,02:00,03:00,Operating Systems,Prof. Faculty 023,CI-304
4482,BE,Civil Engineering,TY,5,A,Wednesday,03:00,04:00,Data Structures,Prof. Faculty 020,CI-288
4483,BE,Civil Engineering,TY,5,A,Thursday,09:00,10:00,Mathematics,Prof. Faculty 099,CI-252
4484,BE,Civil Engineering,TY,5,A,Thursday,10:00,11:00,Machine Learning,Prof. Faculty 031,CI-207
4485,BE,Civil Engineering,TY,5,A,Thursday,11:15,12:15,Software Engineering,Prof. Faculty 239,CI-204
4486,BE,Civil Engineering,TY,5,A,Thursday,12:15,01:15,Cyber Security,Prof. Faculty 029,CI-301
4487,BE,Civil Engineering,TY,5,A,Thursday,02:00,03:00,Physics,Prof. Faculty 155,CI-301
4488,BE,Civil Engineering,TY,5,A,Thursday,03:00,04:00,Cyber Security,Prof. Faculty 025,CI-103
4489,BE,Civil Engineering,TY,5,A,Friday,09:00,10:00,Cyber Security,Prof. Faculty 075,CI-269
4490,BE,Civil Engineering,TY,5,A,Friday,10:00,11:00,Electrical Machines,Prof. Faculty 240,CI-283
4491,BE,Civil Engineering,TY,5,A,Friday,11:15,12:15,Python Programming,Prof. Faculty 014,CI-238
4492,BE,Civil Engineering,TY,5,A,Friday,12:15,01:15,Project Lab,Prof. Faculty 088,CI-275
4493,BE,Civil Engineering,TY,5,A,Friday,02:00,03:00,Electrical Machines,Prof. Faculty 087,CI-204
4494,BE,Civil Engineering,TY,5,A,Friday,03:00,04:00,Data Structures,Prof. Faculty 104,CI-152
4495,BE,Civil Engineering,TY,5,A,Saturday,09:00,10:00,Physics,Prof. Faculty 175,CI-103
4496,BE,Civil Engineering,TY,5,A,Saturday,10:00,11:00,Operating Systems,Prof. Faculty 106,CI-183
4497,BE,Civil Engineering,TY,5,A,Saturday,11:15,12:15,Web Development,Prof. Faculty 023,CI-217
4498,BE,Civil Engineering,TY,5,A,Saturday,12:15,01:15,Digital Electronics,Prof. Faculty 152,CI-104
4499,BE,Civil Engineering,TY,5,A,Saturday,02:00,03:00,CAD/CAM,Prof. Faculty 136,CI-169
4500,BE,Civil Engineering,TY,5,A,Saturday,03:00,04:00,Cloud Computing,Prof. Faculty 143,CI-113
4501,BE,Civil Engineering,TY,5,B,Monday,09:00,10:00,Cloud Computing,Prof. Faculty 190,CI-158
4502,BE,Civil Engineering,TY,5,B,Monday,10:00,11:00,AI Fundamentals,Prof. Faculty 169,CI-320
4503,BE,Civil Engineering,TY,5,B,Monday,11:15,12:15,Cyber Security,Prof. Faculty 020,CI-267
4504,BE,Civil Engineering,TY,5,B,Monday,12:15,01:15,Python Programming,Prof. Faculty 039,CI-222
4505,BE,Civil Engineering,TY,5,B,Monday,02:00,03:00,Java Programming,Prof. Faculty 116,CI-312
4506,BE,Civil Engineering,TY,5,B,Monday,03:00,04:00,Digital Electronics,Prof. Faculty 005,CI-222
4507,BE,Civil Engineering,TY,5,B,Tuesday,09:00,10:00,Project Lab,Prof. Faculty 145,CI-118
4508,BE,Civil Engineering,TY,5,B,Tuesday,10:00,11:00,Surveying,Prof. Faculty 099,CI-266
4509,BE,Civil Engineering,TY,5,B,Tuesday,11:15,12:15,DBMS,Prof. Faculty 045,CI-313
4510,BE,Civil Engineering,TY,5,B,Tuesday,12:15,01:15,Surveying,Prof. Faculty 203,CI-184
4511,BE,Civil Engineering,TY,5,B,Tuesday,02:00,03:00,Mathematics,Prof. Faculty 224,CI-220
4512,BE,Civil Engineering,TY,5,B,Tuesday,03:00,04:00,Mathematics,Prof. Faculty 172,CI-227
4513,BE,Civil Engineering,TY,5,B,Wednesday,09:00,10:00,Software Engineering,Prof. Faculty 086,CI-152
4514,BE,Civil Engineering,TY,5,B,Wednesday,10:00,11:00,Cyber Security,Prof. Faculty 098,CI-121
4515,BE,Civil Engineering,TY,5,B,Wednesday,11:15,12:15,Operating Systems,Prof. Faculty 069,CI-123
4516,BE,Civil Engineering,TY,5,B,Wednesday,12:15,01:15,Cloud Computing,Prof. Faculty 197,CI-219
4517,BE,Civil Engineering,TY,5,B,Wednesday,02:00,03:00,Computer Networks,Prof. Faculty 203,CI-145
4518,BE,Civil Engineering,TY,5,B,Wednesday,03:00,04:00,Operating Systems,Prof. Faculty 061,CI-120
4519,BE,Civil Engineering,TY,5,B,Thursday,09:00,10:00,Physics,Prof. Faculty 202,CI-229
4520,BE,Civil Engineering,TY,5,B,Thursday,10:00,11:00,DBMS,Prof. Faculty 111,CI-222
4521,BE,Civil Engineering,TY,5,B,Thursday,11:15,12:15,Electrical Machines,Prof. Faculty 036,CI-193
4522,BE,Civil Engineering,TY,5,B,Thursday,12:15,01:15,Machine Learning,Prof. Faculty 083,CI-143
4523,BE,Civil Engineering,TY,5,B,Thursday,02:00,03:00,Digital Electronics,Prof. Faculty 082,CI-190
4524,BE,Civil Engineering,TY,5,B,Thursday,03:00,04:00,Digital Electronics,Prof. Faculty 245,CI-208
4525,BE,Civil Engineering,TY,5,B,Friday,09:00,10:00,Java Programming,Prof. Faculty 042,CI-255
4526,BE,Civil Engineering,TY,5,B,Friday,10:00,11:00,Cyber Security,Prof. Faculty 163,CI-158
4527,BE,Civil Engineering,TY,5,B,Friday,11:15,12:15,Thermodynamics,Prof. Faculty 109,CI-236
4528,BE,Civil Engineering,TY,5,B,Friday,12:15,01:15,Electrical Machines,Prof. Faculty 026,CI-305
4529,BE,Civil Engineering,TY,5,B,Friday,02:00,03:00,Surveying,Prof. Faculty 233,CI-318
4530,BE,Civil Engineering,TY,5,B,Friday,03:00,04:00,Data Structures,Prof. Faculty 075,CI-301
4531,BE,Civil Engineering,TY,5,B,Saturday,09:00,10:00,Electrical Machines,Prof. Faculty 067,CI-136
4532,BE,Civil Engineering,TY,5,B,Saturday,10:00,11:00,Data Structures,Prof. Faculty 077,CI-133
4533,BE,Civil Engineering,TY,5,B,Saturday,11:15,12:15,Python Programming,Prof. Faculty 136,CI-137
4534,BE,Civil Engineering,TY,5,B,Saturday,12:15,01:15,Data Structures,Prof. Faculty 004,CI-247
4535,BE,Civil Engineering,TY,5,B,Saturday,02:00,03:00,CAD/CAM,Prof. Faculty 067,CI-175
4536,BE,Civil Engineering,TY,5,B,Saturday,03:00,04:00,Surveying,Prof. Faculty 070,CI-104
4537,BE,Civil Engineering,TY,6,A,Monday,09:00,10:00,Electrical Machines,Prof. Faculty 168,CI-150
4538,BE,Civil Engineering,TY,6,A,Monday,10:00,11:00,Java Programming,Prof. Faculty 107,CI-125
4539,BE,Civil Engineering,TY,6,A,Monday,11:15,12:15,Electrical Machines,Prof. Faculty 197,CI-250
4540,BE,Civil Engineering,TY,6,A,Monday,12:15,01:15,Project Lab,Prof. Faculty 213,CI-201
4541,BE,Civil Engineering,TY,6,A,Monday,02:00,03:00,Thermodynamics,Prof. Faculty 009,CI-294
4542,BE,Civil Engineering,TY,6,A,Monday,03:00,04:00,Physics,Prof. Faculty 073,CI-318
4543,BE,Civil Engineering,TY,6,A,Tuesday,09:00,10:00,Computer Networks,Prof. Faculty 077,CI-179
4544,BE,Civil Engineering,TY,6,A,Tuesday,10:00,11:00,Cyber Security,Prof. Faculty 028,CI-165
4545,BE,Civil Engineering,TY,6,A,Tuesday,11:15,12:15,Data Structures,Prof. Faculty 172,CI-117
4546,BE,Civil Engineering,TY,6,A,Tuesday,12:15,01:15,Digital Electronics,Prof. Faculty 084,CI-281
4547,BE,Civil Engineering,TY,6,A,Tuesday,02:00,03:00,Data Structures,Prof. Faculty 049,CI-225
4548,BE,Civil Engineering,TY,6,A,Tuesday,03:00,04:00,Cyber Security,Prof. Faculty 125,CI-267
4549,BE,Civil Engineering,TY,6,A,Wednesday,09:00,10:00,Machine Learning,Prof. Faculty 118,CI-303
4550,BE,Civil Engineering,TY,6,A,Wednesday,10:00,11:00,AI Fundamentals,Prof. Faculty 241,CI-189
4551,BE,Civil Engineering,TY,6,A,Wednesday,11:15,12:15,Surveying,Prof. Faculty 232,CI-244
4552,BE,Civil Engineering,TY,6,A,Wednesday,12:15,01:15,Operating Systems,Prof. Faculty 094,CI-281
4553,BE,Civil Engineering,TY,6,A,Wednesday,02:00,03:00,AI Fundamentals,Prof. Faculty 014,CI-268
4554,BE,Civil Engineering,TY,6,A,Wednesday,03:00,04:00,DBMS,Prof. Faculty 109,CI-222
4555,BE,Civil Engineering,TY,6,A,Thursday,09:00,10:00,Cloud Computing,Prof. Faculty 044,CI-149
4556,BE,Civil Engineering,TY,6,A,Thursday,10:00,11:00,Web Development,Prof. Faculty 124,CI-155
4557,BE,Civil Engineering,TY,6,A,Thursday,11:15,12:15,Computer Networks,Prof. Faculty 111,CI-208
4558,BE,Civil Engineering,TY,6,A,Thursday,12:15,01:15,Digital Electronics,Prof. Faculty 073,CI-270
4559,BE,Civil Engineering,TY,6,A,Thursday,02:00,03:00,Python Programming,Prof. Faculty 130,CI-105
4560,BE,Civil Engineering,TY,6,A,Thursday,03:00,04:00,Digital Electronics,Prof. Faculty 205,CI-167
4561,BE,Civil Engineering,TY,6,A,Friday,09:00,10:00,Surveying,Prof. Faculty 246,CI-310
4562,BE,Civil Engineering,TY,6,A,Friday,10:00,11:00,Cloud Computing,Prof. Faculty 032,CI-197
4563,BE,Civil Engineering,TY,6,A,Friday,11:15,12:15,Machine Learning,Prof. Faculty 006,CI-138
4564,BE,Civil Engineering,TY,6,A,Friday,12:15,01:15,DBMS,Prof. Faculty 165,CI-292
4565,BE,Civil Engineering,TY,6,A,Friday,02:00,03:00,Java Programming,Prof. Faculty 026,CI-166
4566,BE,Civil Engineering,TY,6,A,Friday,03:00,04:00,Cloud Computing,Prof. Faculty 040,CI-248
4567,BE,Civil Engineering,TY,6,A,Saturday,09:00,10:00,Java Programming,Prof. Faculty 037,CI-155
4568,BE,Civil Engineering,TY,6,A,Saturday,10:00,11:00,Computer Networks,Prof. Faculty 247,CI-220
4569,BE,Civil Engineering,TY,6,A,Saturday,11:15,12:15,CAD/CAM,Prof. Faculty 047,CI-250
4570,BE,Civil Engineering,TY,6,A,Saturday,12:15,01:15,Java Programming,Prof. Faculty 152,CI-233
4571,BE,Civil Engineering,TY,6,A,Saturday,02:00,03:00,Operating Systems,Prof. Faculty 184,CI-169
4572,BE,Civil Engineering,TY,6,A,Saturday,03:00,04:00,Mathematics,Prof. Faculty 201,CI-311
4573,BE,Civil Engineering,TY,6,B,Monday,09:00,10:00,Surveying,Prof. Faculty 044,CI-271
4574,BE,Civil Engineering,TY,6,B,Monday,10:00,11:00,AI Fundamentals,Prof. Faculty 110,CI-147
4575,BE,Civil Engineering,TY,6,B,Monday,11:15,12:15,Java Programming,Prof. Faculty 106,CI-270
4576,BE,Civil Engineering,TY,6,B,Monday,12:15,01:15,AI Fundamentals,Prof. Faculty 231,CI-127
4577,BE,Civil Engineering,TY,6,B,Monday,02:00,03:00,CAD/CAM,Prof. Faculty 205,CI-217
4578,BE,Civil Engineering,TY,6,B,Monday,03:00,04:00,Cloud Computing,Prof. Faculty 088,CI-189
4579,BE,Civil Engineering,TY,6,B,Tuesday,09:00,10:00,Physics,Prof. Faculty 163,CI-193
4580,BE,Civil Engineering,TY,6,B,Tuesday,10:00,11:00,Mathematics,Prof. Faculty 234,CI-156
4581,BE,Civil Engineering,TY,6,B,Tuesday,11:15,12:15,Thermodynamics,Prof. Faculty 004,CI-205
4582,BE,Civil Engineering,TY,6,B,Tuesday,12:15,01:15,Surveying,Prof. Faculty 024,CI-305
4583,BE,Civil Engineering,TY,6,B,Tuesday,02:00,03:00,Project Lab,Prof. Faculty 129,CI-172
4584,BE,Civil Engineering,TY,6,B,Tuesday,03:00,04:00,Cloud Computing,Prof. Faculty 216,CI-117
4585,BE,Civil Engineering,TY,6,B,Wednesday,09:00,10:00,CAD/CAM,Prof. Faculty 224,CI-185
4586,BE,Civil Engineering,TY,6,B,Wednesday,10:00,11:00,Surveying,Prof. Faculty 093,CI-207
4587,BE,Civil Engineering,TY,6,B,Wednesday,11:15,12:15,CAD/CAM,Prof. Faculty 074,CI-156
4588,BE,Civil Engineering,TY,6,B,Wednesday,12:15,01:15,Cyber Security,Prof. Faculty 040,CI-203
4589,BE,Civil Engineering,TY,6,B,Wednesday,02:00,03:00,Project Lab,Prof. Faculty 096,CI-180
4590,BE,Civil Engineering,TY,6,B,Wednesday,03:00,04:00,Software Engineering,Prof. Faculty 048,CI-164
4591,BE,Civil Engineering,TY,6,B,Thursday,09:00,10:00,Digital Electronics,Prof. Faculty 066,CI-266
4592,BE,Civil Engineering,TY,6,B,Thursday,10:00,11:00,Computer Networks,Prof. Faculty 050,CI-118
4593,BE,Civil Engineering,TY,6,B,Thursday,11:15,12:15,CAD/CAM,Prof. Faculty 033,CI-189
4594,BE,Civil Engineering,TY,6,B,Thursday,12:15,01:15,Operating Systems,Prof. Faculty 011,CI-296
4595,BE,Civil Engineering,TY,6,B,Thursday,02:00,03:00,Machine Learning,Prof. Faculty 082,CI-244
4596,BE,Civil Engineering,TY,6,B,Thursday,03:00,04:00,Machine Learning,Prof. Faculty 171,CI-191
4597,BE,Civil Engineering,TY,6,B,Friday,09:00,10:00,Thermodynamics,Prof. Faculty 247,CI-105
4598,BE,Civil Engineering,TY,6,B,Friday,10:00,11:00,Web Development,Prof. Faculty 166,CI-120
4599,BE,Civil Engineering,TY,6,B,Friday,11:15,12:15,Web Development,Prof. Faculty 219,CI-238
4600,BE,Civil Engineering,TY,6,B,Friday,12:15,01:15,AI Fundamentals,Prof. Faculty 224,CI-282
4601,BE,Civil Engineering,TY,6,B,Friday,02:00,03:00,CAD/CAM,Prof. Faculty 234,CI-260
4602,BE,Civil Engineering,TY,6,B,Friday,03:00,04:00,Digital Electronics,Prof. Faculty 047,CI-311
4603,BE,Civil Engineering,TY,6,B,Saturday,09:00,10:00,Data Structures,Prof. Faculty 087,CI-256
4604,BE,Civil Engineering,TY,6,B,Saturday,10:00,11:00,Software Engineering,Prof. Faculty 139,CI-265
4605,BE,Civil Engineering,TY,6,B,Saturday,11:15,12:15,Data Structures,Prof. Faculty 035,CI-239
4606,BE,Civil Engineering,TY,6,B,Saturday,12:15,01:15,Electrical Machines,Prof. Faculty 124,CI-146
4607,BE,Civil Engineering,TY,6,B,Saturday,02:00,03:00,Cloud Computing,Prof. Faculty 066,CI-224
4608,BE,Civil Engineering,TY,6,B,Saturday,03:00,04:00,Java Programming,Prof. Faculty 043,CI-197
4609,BE,Civil Engineering,LY,7,A,Monday,09:00,10:00,CAD/CAM,Prof. Faculty 082,CI-257
4610,BE,Civil Engineering,LY,7,A,Monday,10:00,11:00,Thermodynamics,Prof. Faculty 114,CI-203
4611,BE,Civil Engineering,LY,7,A,Monday,11:15,12:15,Python Programming,Prof. Faculty 061,CI-200
4612,BE,Civil Engineering,LY,7,A,Monday,12:15,01:15,Cloud Computing,Prof. Faculty 086,CI-224
4613,BE,Civil Engineering,LY,7,A,Monday,02:00,03:00,Digital Electronics,Prof. Faculty 071,CI-271
4614,BE,Civil Engineering,LY,7,A,Monday,03:00,04:00,Java Programming,Prof. Faculty 101,CI-154
4615,BE,Civil Engineering,LY,7,A,Tuesday,09:00,10:00,Cloud Computing,Prof. Faculty 199,CI-313
4616,BE,Civil Engineering,LY,7,A,Tuesday,10:00,11:00,AI Fundamentals,Prof. Faculty 023,CI-303
4617,BE,Civil Engineering,LY,7,A,Tuesday,11:15,12:15,Software Engineering,Prof. Faculty 191,CI-248
4618,BE,Civil Engineering,LY,7,A,Tuesday,12:15,01:15,Web Development,Prof. Faculty 052,CI-183
4619,BE,Civil Engineering,LY,7,A,Tuesday,02:00,03:00,Data Structures,Prof. Faculty 132,CI-146
4620,BE,Civil Engineering,LY,7,A,Tuesday,03:00,04:00,Electrical Machines,Prof. Faculty 048,CI-231
4621,BE,Civil Engineering,LY,7,A,Wednesday,09:00,10:00,Digital Electronics,Prof. Faculty 152,CI-219
4622,BE,Civil Engineering,LY,7,A,Wednesday,10:00,11:00,Web Development,Prof. Faculty 025,CI-318
4623,BE,Civil Engineering,LY,7,A,Wednesday,11:15,12:15,DBMS,Prof. Faculty 199,CI-229
4624,BE,Civil Engineering,LY,7,A,Wednesday,12:15,01:15,Operating Systems,Prof. Faculty 183,CI-207
4625,BE,Civil Engineering,LY,7,A,Wednesday,02:00,03:00,Software Engineering,Prof. Faculty 190,CI-104
4626,BE,Civil Engineering,LY,7,A,Wednesday,03:00,04:00,DBMS,Prof. Faculty 050,CI-302
4627,BE,Civil Engineering,LY,7,A,Thursday,09:00,10:00,Python Programming,Prof. Faculty 217,CI-158
4628,BE,Civil Engineering,LY,7,A,Thursday,10:00,11:00,Operating Systems,Prof. Faculty 055,CI-249
4629,BE,Civil Engineering,LY,7,A,Thursday,11:15,12:15,Cyber Security,Prof. Faculty 223,CI-237
4630,BE,Civil Engineering,LY,7,A,Thursday,12:15,01:15,Cyber Security,Prof. Faculty 247,CI-259
4631,BE,Civil Engineering,LY,7,A,Thursday,02:00,03:00,Cyber Security,Prof. Faculty 170,CI-233
4632,BE,Civil Engineering,LY,7,A,Thursday,03:00,04:00,Surveying,Prof. Faculty 140,CI-101
4633,BE,Civil Engineering,LY,7,A,Friday,09:00,10:00,Cloud Computing,Prof. Faculty 039,CI-149
4634,BE,Civil Engineering,LY,7,A,Friday,10:00,11:00,Surveying,Prof. Faculty 010,CI-186
4635,BE,Civil Engineering,LY,7,A,Friday,11:15,12:15,Physics,Prof. Faculty 009,CI-182
4636,BE,Civil Engineering,LY,7,A,Friday,12:15,01:15,Data Structures,Prof. Faculty 017,CI-187
4637,BE,Civil Engineering,LY,7,A,Friday,02:00,03:00,Web Development,Prof. Faculty 113,CI-131
4638,BE,Civil Engineering,LY,7,A,Friday,03:00,04:00,Operating Systems,Prof. Faculty 088,CI-258
4639,BE,Civil Engineering,LY,7,A,Saturday,09:00,10:00,Computer Networks,Prof. Faculty 188,CI-301
4640,BE,Civil Engineering,LY,7,A,Saturday,10:00,11:00,Thermodynamics,Prof. Faculty 097,CI-203
4641,BE,Civil Engineering,LY,7,A,Saturday,11:15,12:15,Project Lab,Prof. Faculty 072,CI-140
4642,BE,Civil Engineering,LY,7,A,Saturday,12:15,01:15,Mathematics,Prof. Faculty 095,CI-312
4643,BE,Civil Engineering,LY,7,A,Saturday,02:00,03:00,Cyber Security,Prof. Faculty 249,CI-295
4644,BE,Civil Engineering,LY,7,A,Saturday,03:00,04:00,Project Lab,Prof. Faculty 145,CI-188
4645,BE,Civil Engineering,LY,7,B,Monday,09:00,10:00,Operating Systems,Prof. Faculty 228,CI-269
4646,BE,Civil Engineering,LY,7,B,Monday,10:00,11:00,Physics,Prof. Faculty 010,CI-225
4647,BE,Civil Engineering,LY,7,B,Monday,11:15,12:15,Data Structures,Prof. Faculty 189,CI-311
4648,BE,Civil Engineering,LY,7,B,Monday,12:15,01:15,Web Development,Prof. Faculty 173,CI-314
4649,BE,Civil Engineering,LY,7,B,Monday,02:00,03:00,Software Engineering,Prof. Faculty 014,CI-258
4650,BE,Civil Engineering,LY,7,B,Monday,03:00,04:00,Web Development,Prof. Faculty 152,CI-203
4651,BE,Civil Engineering,LY,7,B,Tuesday,09:00,10:00,Cloud Computing,Prof. Faculty 243,CI-114
4652,BE,Civil Engineering,LY,7,B,Tuesday,10:00,11:00,Cloud Computing,Prof. Faculty 186,CI-309
4653,BE,Civil Engineering,LY,7,B,Tuesday,11:15,12:15,Machine Learning,Prof. Faculty 126,CI-244
4654,BE,Civil Engineering,LY,7,B,Tuesday,12:15,01:15,Cyber Security,Prof. Faculty 223,CI-291
4655,BE,Civil Engineering,LY,7,B,Tuesday,02:00,03:00,DBMS,Prof. Faculty 112,CI-154
4656,BE,Civil Engineering,LY,7,B,Tuesday,03:00,04:00,Operating Systems,Prof. Faculty 239,CI-243
4657,BE,Civil Engineering,LY,7,B,Wednesday,09:00,10:00,Python Programming,Prof. Faculty 100,CI-248
4658,BE,Civil Engineering,LY,7,B,Wednesday,10:00,11:00,Operating Systems,Prof. Faculty 189,CI-248
4659,BE,Civil Engineering,LY,7,B,Wednesday,11:15,12:15,Surveying,Prof. Faculty 073,CI-183
4660,BE,Civil Engineering,LY,7,B,Wednesday,12:15,01:15,AI Fundamentals,Prof. Faculty 045,CI-256
4661,BE,Civil Engineering,LY,7,B,Wednesday,02:00,03:00,Software Engineering,Prof. Faculty 071,CI-246
4662,BE,Civil Engineering,LY,7,B,Wednesday,03:00,04:00,Java Programming,Prof. Faculty 115,CI-302
4663,BE,Civil Engineering,LY,7,B,Thursday,09:00,10:00,Cloud Computing,Prof. Faculty 033,CI-255
4664,BE,Civil Engineering,LY,7,B,Thursday,10:00,11:00,Digital Electronics,Prof. Faculty 086,CI-141
4665,BE,Civil Engineering,LY,7,B,Thursday,11:15,12:15,DBMS,Prof. Faculty 213,CI-263
4666,BE,Civil Engineering,LY,7,B,Thursday,12:15,01:15,Computer Networks,Prof. Faculty 150,CI-166
4667,BE,Civil Engineering,LY,7,B,Thursday,02:00,03:00,Electrical Machines,Prof. Faculty 189,CI-141
4668,BE,Civil Engineering,LY,7,B,Thursday,03:00,04:00,CAD/CAM,Prof. Faculty 210,CI-245
4669,BE,Civil Engineering,LY,7,B,Friday,09:00,10:00,Thermodynamics,Prof. Faculty 164,CI-130
4670,BE,Civil Engineering,LY,7,B,Friday,10:00,11:00,AI Fundamentals,Prof. Faculty 019,CI-272
4671,BE,Civil Engineering,LY,7,B,Friday,11:15,12:15,Cyber Security,Prof. Faculty 147,CI-292
4672,BE,Civil Engineering,LY,7,B,Friday,12:15,01:15,Computer Networks,Prof. Faculty 150,CI-310
4673,BE,Civil Engineering,LY,7,B,Friday,02:00,03:00,AI Fundamentals,Prof. Faculty 040,CI-128
4674,BE,Civil Engineering,LY,7,B,Friday,03:00,04:00,Operating Systems,Prof. Faculty 095,CI-236
4675,BE,Civil Engineering,LY,7,B,Saturday,09:00,10:00,Electrical Machines,Prof. Faculty 077,CI-245
4676,BE,Civil Engineering,LY,7,B,Saturday,10:00,11:00,Computer Networks,Prof. Faculty 119,CI-303
4677,BE,Civil Engineering,LY,7,B,Saturday,11:15,12:15,Digital Electronics,Prof. Faculty 150,CI-293
4678,BE,Civil Engineering,LY,7,B,Saturday,12:15,01:15,Data Structures,Prof. Faculty 190,CI-213
4679,BE,Civil Engineering,LY,7,B,Saturday,02:00,03:00,Computer Networks,Prof. Faculty 129,CI-273
4680,BE,Civil Engineering,LY,7,B,Saturday,03:00,04:00,AI Fundamentals,Prof. Faculty 107,CI-296
4681,BE,Civil Engineering,LY,8,A,Monday,09:00,10:00,Web Development,Prof. Faculty 045,CI-101
4682,BE,Civil Engineering,LY,8,A,Monday,10:00,11:00,CAD/CAM,Prof. Faculty 219,CI-119
4683,BE,Civil Engineering,LY,8,A,Monday,11:15,12:15,Mathematics,Prof. Faculty 215,CI-274
4684,BE,Civil Engineering,LY,8,A,Monday,12:15,01:15,Web Development,Prof. Faculty 131,CI-121
4685,BE,Civil Engineering,LY,8,A,Monday,02:00,03:00,AI Fundamentals,Prof. Faculty 231,CI-278
4686,BE,Civil Engineering,LY,8,A,Monday,03:00,04:00,AI Fundamentals,Prof. Faculty 081,CI-305
4687,BE,Civil Engineering,LY,8,A,Tuesday,09:00,10:00,Cyber Security,Prof. Faculty 016,CI-248
4688,BE,Civil Engineering,LY,8,A,Tuesday,10:00,11:00,Python Programming,Prof. Faculty 177,CI-158
4689,BE,Civil Engineering,LY,8,A,Tuesday,11:15,12:15,Web Development,Prof. Faculty 035,CI-246
4690,BE,Civil Engineering,LY,8,A,Tuesday,12:15,01:15,Physics,Prof. Faculty 160,CI-144
4691,BE,Civil Engineering,LY,8,A,Tuesday,02:00,03:00,Cloud Computing,Prof. Faculty 120,CI-188
4692,BE,Civil Engineering,LY,8,A,Tuesday,03:00,04:00,Web Development,Prof. Faculty 149,CI-106
4693,BE,Civil Engineering,LY,8,A,Wednesday,09:00,10:00,Cyber Security,Prof. Faculty 177,CI-171
4694,BE,Civil Engineering,LY,8,A,Wednesday,10:00,11:00,Project Lab,Prof. Faculty 238,CI-299
4695,BE,Civil Engineering,LY,8,A,Wednesday,11:15,12:15,Mathematics,Prof. Faculty 084,CI-124
4696,BE,Civil Engineering,LY,8,A,Wednesday,12:15,01:15,Cyber Security,Prof. Faculty 157,CI-268
4697,BE,Civil Engineering,LY,8,A,Wednesday,02:00,03:00,Project Lab,Prof. Faculty 145,CI-108
4698,BE,Civil Engineering,LY,8,A,Wednesday,03:00,04:00,Software Engineering,Prof. Faculty 165,CI-106
4699,BE,Civil Engineering,LY,8,A,Thursday,09:00,10:00,AI Fundamentals,Prof. Faculty 083,CI-285
4700,BE,Civil Engineering,LY,8,A,Thursday,10:00,11:00,Cyber Security,Prof. Faculty 136,CI-248
4701,BE,Civil Engineering,LY,8,A,Thursday,11:15,12:15,Python Programming,Prof. Faculty 007,CI-180
4702,BE,Civil Engineering,LY,8,A,Thursday,12:15,01:15,Web Development,Prof. Faculty 145,CI-180
4703,BE,Civil Engineering,LY,8,A,Thursday,02:00,03:00,Data Structures,Prof. Faculty 239,CI-147
4704,BE,Civil Engineering,LY,8,A,Thursday,03:00,04:00,Physics,Prof. Faculty 230,CI-124
4705,BE,Civil Engineering,LY,8,A,Friday,09:00,10:00,Web Development,Prof. Faculty 002,CI-286
4706,BE,Civil Engineering,LY,8,A,Friday,10:00,11:00,Digital Electronics,Prof. Faculty 066,CI-132
4707,BE,Civil Engineering,LY,8,A,Friday,11:15,12:15,Web Development,Prof. Faculty 061,CI-301
4708,BE,Civil Engineering,LY,8,A,Friday,12:15,01:15,Web Development,Prof. Faculty 037,CI-145
4709,BE,Civil Engineering,LY,8,A,Friday,02:00,03:00,Machine Learning,Prof. Faculty 041,CI-281
4710,BE,Civil Engineering,LY,8,A,Friday,03:00,04:00,Machine Learning,Prof. Faculty 180,CI-295
4711,BE,Civil Engineering,LY,8,A,Saturday,09:00,10:00,Data Structures,Prof. Faculty 245,CI-319
4712,BE,Civil Engineering,LY,8,A,Saturday,10:00,11:00,Project Lab,Prof. Faculty 074,CI-246
4713,BE,Civil Engineering,LY,8,A,Saturday,11:15,12:15,Operating Systems,Prof. Faculty 026,CI-275
4714,BE,Civil Engineering,LY,8,A,Saturday,12:15,01:15,Java Programming,Prof. Faculty 089,CI-179
4715,BE,Civil Engineering,LY,8,A,Saturday,02:00,03:00,Java Programming,Prof. Faculty 174,CI-187
4716,BE,Civil Engineering,LY,8,A,Saturday,03:00,04:00,Java Programming,Prof. Faculty 202,CI-194
4717,BE,Civil Engineering,LY,8,B,Monday,09:00,10:00,Data Structures,Prof. Faculty 046,CI-298
4718,BE,Civil Engineering,LY,8,B,Monday,10:00,11:00,Thermodynamics,Prof. Faculty 041,CI-247
4719,BE,Civil Engineering,LY,8,B,Monday,11:15,12:15,Computer Networks,Prof. Faculty 105,CI-111
4720,BE,Civil Engineering,LY,8,B,Monday,12:15,01:15,Physics,Prof. Faculty 175,CI-277
4721,BE,Civil Engineering,LY,8,B,Monday,02:00,03:00,AI Fundamentals,Prof. Faculty 174,CI-273
4722,BE,Civil Engineering,LY,8,B,Monday,03:00,04:00,AI Fundamentals,Prof. Faculty 207,CI-112
4723,BE,Civil Engineering,LY,8,B,Tuesday,09:00,10:00,Mathematics,Prof. Faculty 222,CI-271
4724,BE,Civil Engineering,LY,8,B,Tuesday,10:00,11:00,AI Fundamentals,Prof. Faculty 075,CI-109
4725,BE,Civil Engineering,LY,8,B,Tuesday,11:15,12:15,Digital Electronics,Prof. Faculty 216,CI-241
4726,BE,Civil Engineering,LY,8,B,Tuesday,12:15,01:15,Surveying,Prof. Faculty 235,CI-316
4727,BE,Civil Engineering,LY,8,B,Tuesday,02:00,03:00,Data Structures,Prof. Faculty 244,CI-114
4728,BE,Civil Engineering,LY,8,B,Tuesday,03:00,04:00,CAD/CAM,Prof. Faculty 126,CI-192
4729,BE,Civil Engineering,LY,8,B,Wednesday,09:00,10:00,Thermodynamics,Prof. Faculty 107,CI-161
4730,BE,Civil Engineering,LY,8,B,Wednesday,10:00,11:00,Cloud Computing,Prof. Faculty 098,CI-146
4731,BE,Civil Engineering,LY,8,B,Wednesday,11:15,12:15,DBMS,Prof. Faculty 081,CI-148
4732,BE,Civil Engineering,LY,8,B,Wednesday,12:15,01:15,Physics,Prof. Faculty 001,CI-260
4733,BE,Civil Engineering,LY,8,B,Wednesday,02:00,03:00,Cloud Computing,Prof. Faculty 139,CI-163
4734,BE,Civil Engineering,LY,8,B,Wednesday,03:00,04:00,Operating Systems,Prof. Faculty 090,CI-185
4735,BE,Civil Engineering,LY,8,B,Thursday,09:00,10:00,Mathematics,Prof. Faculty 171,CI-252
4736,BE,Civil Engineering,LY,8,B,Thursday,10:00,11:00,Cloud Computing,Prof. Faculty 190,CI-219
4737,BE,Civil Engineering,LY,8,B,Thursday,11:15,12:15,Operating Systems,Prof. Faculty 184,CI-103
4738,BE,Civil Engineering,LY,8,B,Thursday,12:15,01:15,Software Engineering,Prof. Faculty 200,CI-141
4739,BE,Civil Engineering,LY,8,B,Thursday,02:00,03:00,Surveying,Prof. Faculty 056,CI-290
4740,BE,Civil Engineering,LY,8,B,Thursday,03:00,04:00,CAD/CAM,Prof. Faculty 058,CI-117
4741,BE,Civil Engineering,LY,8,B,Friday,09:00,10:00,Cloud Computing,Prof. Faculty 229,CI-225
4742,BE,Civil Engineering,LY,8,B,Friday,10:00,11:00,Machine Learning,Prof. Faculty 067,CI-101
4743,BE,Civil Engineering,LY,8,B,Friday,11:15,12:15,AI Fundamentals,Prof. Faculty 132,CI-137
4744,BE,Civil Engineering,LY,8,B,Friday,12:15,01:15,Digital Electronics,Prof. Faculty 203,CI-204
4745,BE,Civil Engineering,LY,8,B,Friday,02:00,03:00,Cyber Security,Prof. Faculty 195,CI-176
4746,BE,Civil Engineering,LY,8,B,Friday,03:00,04:00,Operating Systems,Prof. Faculty 222,CI-267
4747,BE,Civil Engineering,LY,8,B,Saturday,09:00,10:00,Mathematics,Prof. Faculty 049,CI-225
4748,BE,Civil Engineering,LY,8,B,Saturday,10:00,11:00,Python Programming,Prof. Faculty 057,CI-244
4749,BE,Civil Engineering,LY,8,B,Saturday,11:15,12:15,Cloud Computing,Prof. Faculty 114,CI-262
4750,BE,Civil Engineering,LY,8,B,Saturday,12:15,01:15,Operating Systems,Prof. Faculty 172,CI-180
4751,BE,Civil Engineering,LY,8,B,Saturday,02:00,03:00,Mathematics,Prof. Faculty 132,CI-124
4752,BE,Civil Engineering,LY,8,B,Saturday,03:00,04:00,Computer Networks,Prof. Faculty 141,CI-264
4753,BE,Mechanical Engineering,FY,1,A,Monday,09:00,10:00,Machine Learning,Prof. Faculty 218,ME-162
4754,BE,Mechanical Engineering,FY,1,A,Monday,10:00,11:00,CAD/CAM,Prof. Faculty 076,ME-224
4755,BE,Mechanical Engineering,FY,1,A,Monday,11:15,12:15,Electrical Machines,Prof. Faculty 050,ME-267
4756,BE,Mechanical Engineering,FY,1,A,Monday,12:15,01:15,AI Fundamentals,Prof. Faculty 134,ME-221
4757,BE,Mechanical Engineering,FY,1,A,Monday,02:00,03:00,CAD/CAM,Prof. Faculty 087,ME-302
4758,BE,Mechanical Engineering,FY,1,A,Monday,03:00,04:00,Java Programming,Prof. Faculty 192,ME-192
4759,BE,Mechanical Engineering,FY,1,A,Tuesday,09:00,10:00,Machine Learning,Prof. Faculty 025,ME-228
4760,BE,Mechanical Engineering,FY,1,A,Tuesday,10:00,11:00,Python Programming,Prof. Faculty 019,ME-244
4761,BE,Mechanical Engineering,FY,1,A,Tuesday,11:15,12:15,Operating Systems,Prof. Faculty 046,ME-133
4762,BE,Mechanical Engineering,FY,1,A,Tuesday,12:15,01:15,AI Fundamentals,Prof. Faculty 073,ME-198
4763,BE,Mechanical Engineering,FY,1,A,Tuesday,02:00,03:00,Thermodynamics,Prof. Faculty 015,ME-112
4764,BE,Mechanical Engineering,FY,1,A,Tuesday,03:00,04:00,Java Programming,Prof. Faculty 194,ME-205
4765,BE,Mechanical Engineering,FY,1,A,Wednesday,09:00,10:00,Physics,Prof. Faculty 191,ME-138
4766,BE,Mechanical Engineering,FY,1,A,Wednesday,10:00,11:00,Python Programming,Prof. Faculty 073,ME-267
4767,BE,Mechanical Engineering,FY,1,A,Wednesday,11:15,12:15,Project Lab,Prof. Faculty 010,ME-267
4768,BE,Mechanical Engineering,FY,1,A,Wednesday,12:15,01:15,Computer Networks,Prof. Faculty 227,ME-274
4769,BE,Mechanical Engineering,FY,1,A,Wednesday,02:00,03:00,Operating Systems,Prof. Faculty 032,ME-299
4770,BE,Mechanical Engineering,FY,1,A,Wednesday,03:00,04:00,Electrical Machines,Prof. Faculty 017,ME-294
4771,BE,Mechanical Engineering,FY,1,A,Thursday,09:00,10:00,Machine Learning,Prof. Faculty 168,ME-194
4772,BE,Mechanical Engineering,FY,1,A,Thursday,10:00,11:00,Mathematics,Prof. Faculty 240,ME-307
4773,BE,Mechanical Engineering,FY,1,A,Thursday,11:15,12:15,Computer Networks,Prof. Faculty 250,ME-160
4774,BE,Mechanical Engineering,FY,1,A,Thursday,12:15,01:15,Java Programming,Prof. Faculty 096,ME-287
4775,BE,Mechanical Engineering,FY,1,A,Thursday,02:00,03:00,Java Programming,Prof. Faculty 024,ME-316
4776,BE,Mechanical Engineering,FY,1,A,Thursday,03:00,04:00,CAD/CAM,Prof. Faculty 057,ME-136
4777,BE,Mechanical Engineering,FY,1,A,Friday,09:00,10:00,Electrical Machines,Prof. Faculty 098,ME-260
4778,BE,Mechanical Engineering,FY,1,A,Friday,10:00,11:00,Digital Electronics,Prof. Faculty 151,ME-169
4779,BE,Mechanical Engineering,FY,1,A,Friday,11:15,12:15,Thermodynamics,Prof. Faculty 022,ME-259
4780,BE,Mechanical Engineering,FY,1,A,Friday,12:15,01:15,Mathematics,Prof. Faculty 188,ME-194
4781,BE,Mechanical Engineering,FY,1,A,Friday,02:00,03:00,Java Programming,Prof. Faculty 230,ME-121
4782,BE,Mechanical Engineering,FY,1,A,Friday,03:00,04:00,Thermodynamics,Prof. Faculty 140,ME-146
4783,BE,Mechanical Engineering,FY,1,A,Saturday,09:00,10:00,Computer Networks,Prof. Faculty 112,ME-119
4784,BE,Mechanical Engineering,FY,1,A,Saturday,10:00,11:00,Operating Systems,Prof. Faculty 132,ME-136
4785,BE,Mechanical Engineering,FY,1,A,Saturday,11:15,12:15,Physics,Prof. Faculty 124,ME-167
4786,BE,Mechanical Engineering,FY,1,A,Saturday,12:15,01:15,Cyber Security,Prof. Faculty 145,ME-232
4787,BE,Mechanical Engineering,FY,1,A,Saturday,02:00,03:00,Computer Networks,Prof. Faculty 117,ME-286
4788,BE,Mechanical Engineering,FY,1,A,Saturday,03:00,04:00,Project Lab,Prof. Faculty 121,ME-198
4789,BE,Mechanical Engineering,FY,1,B,Monday,09:00,10:00,Machine Learning,Prof. Faculty 103,ME-284
4790,BE,Mechanical Engineering,FY,1,B,Monday,10:00,11:00,DBMS,Prof. Faculty 017,ME-156
4791,BE,Mechanical Engineering,FY,1,B,Monday,11:15,12:15,Java Programming,Prof. Faculty 033,ME-310
4792,BE,Mechanical Engineering,FY,1,B,Monday,12:15,01:15,CAD/CAM,Prof. Faculty 173,ME-291
4793,BE,Mechanical Engineering,FY,1,B,Monday,02:00,03:00,CAD/CAM,Prof. Faculty 171,ME-293
4794,BE,Mechanical Engineering,FY,1,B,Monday,03:00,04:00,DBMS,Prof. Faculty 201,ME-139
4795,BE,Mechanical Engineering,FY,1,B,Tuesday,09:00,10:00,Data Structures,Prof. Faculty 231,ME-143
4796,BE,Mechanical Engineering,FY,1,B,Tuesday,10:00,11:00,AI Fundamentals,Prof. Faculty 208,ME-220
4797,BE,Mechanical Engineering,FY,1,B,Tuesday,11:15,12:15,Mathematics,Prof. Faculty 157,ME-308
4798,BE,Mechanical Engineering,FY,1,B,Tuesday,12:15,01:15,CAD/CAM,Prof. Faculty 124,ME-156
4799,BE,Mechanical Engineering,FY,1,B,Tuesday,02:00,03:00,Machine Learning,Prof. Faculty 097,ME-209
4800,BE,Mechanical Engineering,FY,1,B,Tuesday,03:00,04:00,Operating Systems,Prof. Faculty 199,ME-295
4801,BE,Mechanical Engineering,FY,1,B,Wednesday,09:00,10:00,Electrical Machines,Prof. Faculty 086,ME-104
4802,BE,Mechanical Engineering,FY,1,B,Wednesday,10:00,11:00,AI Fundamentals,Prof. Faculty 236,ME-115
4803,BE,Mechanical Engineering,FY,1,B,Wednesday,11:15,12:15,Electrical Machines,Prof. Faculty 062,ME-226
4804,BE,Mechanical Engineering,FY,1,B,Wednesday,12:15,01:15,Cyber Security,Prof. Faculty 139,ME-290
4805,BE,Mechanical Engineering,FY,1,B,Wednesday,02:00,03:00,Electrical Machines,Prof. Faculty 191,ME-197
4806,BE,Mechanical Engineering,FY,1,B,Wednesday,03:00,04:00,AI Fundamentals,Prof. Faculty 242,ME-267
4807,BE,Mechanical Engineering,FY,1,B,Thursday,09:00,10:00,Mathematics,Prof. Faculty 012,ME-109
4808,BE,Mechanical Engineering,FY,1,B,Thursday,10:00,11:00,Project Lab,Prof. Faculty 103,ME-284
4809,BE,Mechanical Engineering,FY,1,B,Thursday,11:15,12:15,Electrical Machines,Prof. Faculty 207,ME-187
4810,BE,Mechanical Engineering,FY,1,B,Thursday,12:15,01:15,CAD/CAM,Prof. Faculty 044,ME-123
4811,BE,Mechanical Engineering,FY,1,B,Thursday,02:00,03:00,Web Development,Prof. Faculty 247,ME-288
4812,BE,Mechanical Engineering,FY,1,B,Thursday,03:00,04:00,Java Programming,Prof. Faculty 180,ME-163
4813,BE,Mechanical Engineering,FY,1,B,Friday,09:00,10:00,DBMS,Prof. Faculty 079,ME-238
4814,BE,Mechanical Engineering,FY,1,B,Friday,10:00,11:00,Project Lab,Prof. Faculty 134,ME-305
4815,BE,Mechanical Engineering,FY,1,B,Friday,11:15,12:15,Web Development,Prof. Faculty 195,ME-177
4816,BE,Mechanical Engineering,FY,1,B,Friday,12:15,01:15,Software Engineering,Prof. Faculty 246,ME-117
4817,BE,Mechanical Engineering,FY,1,B,Friday,02:00,03:00,Thermodynamics,Prof. Faculty 104,ME-170
4818,BE,Mechanical Engineering,FY,1,B,Friday,03:00,04:00,Web Development,Prof. Faculty 056,ME-101
4819,BE,Mechanical Engineering,FY,1,B,Saturday,09:00,10:00,Electrical Machines,Prof. Faculty 154,ME-192
4820,BE,Mechanical Engineering,FY,1,B,Saturday,10:00,11:00,Cloud Computing,Prof. Faculty 236,ME-146
4821,BE,Mechanical Engineering,FY,1,B,Saturday,11:15,12:15,Java Programming,Prof. Faculty 226,ME-162
4822,BE,Mechanical Engineering,FY,1,B,Saturday,12:15,01:15,Project Lab,Prof. Faculty 194,ME-187
4823,BE,Mechanical Engineering,FY,1,B,Saturday,02:00,03:00,Project Lab,Prof. Faculty 087,ME-299
4824,BE,Mechanical Engineering,FY,1,B,Saturday,03:00,04:00,Software Engineering,Prof. Faculty 066,ME-201
4825,BE,Mechanical Engineering,FY,2,A,Monday,09:00,10:00,Web Development,Prof. Faculty 187,ME-137
4826,BE,Mechanical Engineering,FY,2,A,Monday,10:00,11:00,Electrical Machines,Prof. Faculty 206,ME-205
4827,BE,Mechanical Engineering,FY,2,A,Monday,11:15,12:15,Mathematics,Prof. Faculty 151,ME-308
4828,BE,Mechanical Engineering,FY,2,A,Monday,12:15,01:15,Machine Learning,Prof. Faculty 052,ME-310
4829,BE,Mechanical Engineering,FY,2,A,Monday,02:00,03:00,Physics,Prof. Faculty 141,ME-123
4830,BE,Mechanical Engineering,FY,2,A,Monday,03:00,04:00,Electrical Machines,Prof. Faculty 138,ME-271
4831,BE,Mechanical Engineering,FY,2,A,Tuesday,09:00,10:00,Web Development,Prof. Faculty 171,ME-174
4832,BE,Mechanical Engineering,FY,2,A,Tuesday,10:00,11:00,Electrical Machines,Prof. Faculty 031,ME-173
4833,BE,Mechanical Engineering,FY,2,A,Tuesday,11:15,12:15,Computer Networks,Prof. Faculty 153,ME-148
4834,BE,Mechanical Engineering,FY,2,A,Tuesday,12:15,01:15,Electrical Machines,Prof. Faculty 102,ME-120
4835,BE,Mechanical Engineering,FY,2,A,Tuesday,02:00,03:00,Python Programming,Prof. Faculty 105,ME-180
4836,BE,Mechanical Engineering,FY,2,A,Tuesday,03:00,04:00,Electrical Machines,Prof. Faculty 211,ME-273
4837,BE,Mechanical Engineering,FY,2,A,Wednesday,09:00,10:00,Data Structures,Prof. Faculty 018,ME-138
4838,BE,Mechanical Engineering,FY,2,A,Wednesday,10:00,11:00,Cloud Computing,Prof. Faculty 245,ME-280
4839,BE,Mechanical Engineering,FY,2,A,Wednesday,11:15,12:15,Computer Networks,Prof. Faculty 061,ME-291
4840,BE,Mechanical Engineering,FY,2,A,Wednesday,12:15,01:15,Web Development,Prof. Faculty 103,ME-133
4841,BE,Mechanical Engineering,FY,2,A,Wednesday,02:00,03:00,Mathematics,Prof. Faculty 142,ME-245
4842,BE,Mechanical Engineering,FY,2,A,Wednesday,03:00,04:00,Computer Networks,Prof. Faculty 198,ME-294
4843,BE,Mechanical Engineering,FY,2,A,Thursday,09:00,10:00,Cloud Computing,Prof. Faculty 070,ME-172
4844,BE,Mechanical Engineering,FY,2,A,Thursday,10:00,11:00,Python Programming,Prof. Faculty 042,ME-186
4845,BE,Mechanical Engineering,FY,2,A,Thursday,11:15,12:15,Operating Systems,Prof. Faculty 059,ME-137
4846,BE,Mechanical Engineering,FY,2,A,Thursday,12:15,01:15,Software Engineering,Prof. Faculty 234,ME-292
4847,BE,Mechanical Engineering,FY,2,A,Thursday,02:00,03:00,Cloud Computing,Prof. Faculty 192,ME-279
4848,BE,Mechanical Engineering,FY,2,A,Thursday,03:00,04:00,Web Development,Prof. Faculty 245,ME-154
4849,BE,Mechanical Engineering,FY,2,A,Friday,09:00,10:00,DBMS,Prof. Faculty 073,ME-161
4850,BE,Mechanical Engineering,FY,2,A,Friday,10:00,11:00,Digital Electronics,Prof. Faculty 220,ME-192
4851,BE,Mechanical Engineering,FY,2,A,Friday,11:15,12:15,Cloud Computing,Prof. Faculty 009,ME-224
4852,BE,Mechanical Engineering,FY,2,A,Friday,12:15,01:15,Machine Learning,Prof. Faculty 083,ME-300
4853,BE,Mechanical Engineering,FY,2,A,Friday,02:00,03:00,Machine Learning,Prof. Faculty 171,ME-131
4854,BE,Mechanical Engineering,FY,2,A,Friday,03:00,04:00,Surveying,Prof. Faculty 070,ME-286
4855,BE,Mechanical Engineering,FY,2,A,Saturday,09:00,10:00,Java Programming,Prof. Faculty 053,ME-177
4856,BE,Mechanical Engineering,FY,2,A,Saturday,10:00,11:00,Machine Learning,Prof. Faculty 067,ME-264
4857,BE,Mechanical Engineering,FY,2,A,Saturday,11:15,12:15,Project Lab,Prof. Faculty 230,ME-255
4858,BE,Mechanical Engineering,FY,2,A,Saturday,12:15,01:15,Thermodynamics,Prof. Faculty 062,ME-136
4859,BE,Mechanical Engineering,FY,2,A,Saturday,02:00,03:00,Digital Electronics,Prof. Faculty 242,ME-188
4860,BE,Mechanical Engineering,FY,2,A,Saturday,03:00,04:00,Digital Electronics,Prof. Faculty 143,ME-209
4861,BE,Mechanical Engineering,FY,2,B,Monday,09:00,10:00,Operating Systems,Prof. Faculty 170,ME-167
4862,BE,Mechanical Engineering,FY,2,B,Monday,10:00,11:00,Operating Systems,Prof. Faculty 243,ME-224
4863,BE,Mechanical Engineering,FY,2,B,Monday,11:15,12:15,Surveying,Prof. Faculty 082,ME-219
4864,BE,Mechanical Engineering,FY,2,B,Monday,12:15,01:15,Operating Systems,Prof. Faculty 200,ME-209
4865,BE,Mechanical Engineering,FY,2,B,Monday,02:00,03:00,CAD/CAM,Prof. Faculty 139,ME-280
4866,BE,Mechanical Engineering,FY,2,B,Monday,03:00,04:00,Operating Systems,Prof. Faculty 104,ME-277
4867,BE,Mechanical Engineering,FY,2,B,Tuesday,09:00,10:00,Java Programming,Prof. Faculty 091,ME-317
4868,BE,Mechanical Engineering,FY,2,B,Tuesday,10:00,11:00,Thermodynamics,Prof. Faculty 082,ME-295
4869,BE,Mechanical Engineering,FY,2,B,Tuesday,11:15,12:15,Python Programming,Prof. Faculty 092,ME-199
4870,BE,Mechanical Engineering,FY,2,B,Tuesday,12:15,01:15,Python Programming,Prof. Faculty 070,ME-234
4871,BE,Mechanical Engineering,FY,2,B,Tuesday,02:00,03:00,Machine Learning,Prof. Faculty 234,ME-108
4872,BE,Mechanical Engineering,FY,2,B,Tuesday,03:00,04:00,Data Structures,Prof. Faculty 191,ME-102
4873,BE,Mechanical Engineering,FY,2,B,Wednesday,09:00,10:00,AI Fundamentals,Prof. Faculty 236,ME-270
4874,BE,Mechanical Engineering,FY,2,B,Wednesday,10:00,11:00,Machine Learning,Prof. Faculty 181,ME-185
4875,BE,Mechanical Engineering,FY,2,B,Wednesday,11:15,12:15,Data Structures,Prof. Faculty 022,ME-198
4876,BE,Mechanical Engineering,FY,2,B,Wednesday,12:15,01:15,Mathematics,Prof. Faculty 129,ME-150
4877,BE,Mechanical Engineering,FY,2,B,Wednesday,02:00,03:00,Project Lab,Prof. Faculty 031,ME-272
4878,BE,Mechanical Engineering,FY,2,B,Wednesday,03:00,04:00,Web Development,Prof. Faculty 120,ME-199
4879,BE,Mechanical Engineering,FY,2,B,Thursday,09:00,10:00,DBMS,Prof. Faculty 242,ME-130
4880,BE,Mechanical Engineering,FY,2,B,Thursday,10:00,11:00,AI Fundamentals,Prof. Faculty 032,ME-242
4881,BE,Mechanical Engineering,FY,2,B,Thursday,11:15,12:15,Digital Electronics,Prof. Faculty 124,ME-309
4882,BE,Mechanical Engineering,FY,2,B,Thursday,12:15,01:15,Computer Networks,Prof. Faculty 150,ME-316
4883,BE,Mechanical Engineering,FY,2,B,Thursday,02:00,03:00,Java Programming,Prof. Faculty 044,ME-313
4884,BE,Mechanical Engineering,FY,2,B,Thursday,03:00,04:00,Electrical Machines,Prof. Faculty 140,ME-264
4885,BE,Mechanical Engineering,FY,2,B,Friday,09:00,10:00,Python Programming,Prof. Faculty 081,ME-158
4886,BE,Mechanical Engineering,FY,2,B,Friday,10:00,11:00,Operating Systems,Prof. Faculty 087,ME-212
4887,BE,Mechanical Engineering,FY,2,B,Friday,11:15,12:15,Web Development,Prof. Faculty 002,ME-145
4888,BE,Mechanical Engineering,FY,2,B,Friday,12:15,01:15,Web Development,Prof. Faculty 053,ME-150
4889,BE,Mechanical Engineering,FY,2,B,Friday,02:00,03:00,Data Structures,Prof. Faculty 139,ME-269
4890,BE,Mechanical Engineering,FY,2,B,Friday,03:00,04:00,Physics,Prof. Faculty 059,ME-186
4891,BE,Mechanical Engineering,FY,2,B,Saturday,09:00,10:00,Thermodynamics,Prof. Faculty 098,ME-205
4892,BE,Mechanical Engineering,FY,2,B,Saturday,10:00,11:00,Project Lab,Prof. Faculty 190,ME-277
4893,BE,Mechanical Engineering,FY,2,B,Saturday,11:15,12:15,Surveying,Prof. Faculty 233,ME-219
4894,BE,Mechanical Engineering,FY,2,B,Saturday,12:15,01:15,Computer Networks,Prof. Faculty 042,ME-108
4895,BE,Mechanical Engineering,FY,2,B,Saturday,02:00,03:00,Machine Learning,Prof. Faculty 026,ME-229
4896,BE,Mechanical Engineering,FY,2,B,Saturday,03:00,04:00,Electrical Machines,Prof. Faculty 235,ME-287
4897,BE,Mechanical Engineering,SY,3,A,Monday,09:00,10:00,Surveying,Prof. Faculty 220,ME-138
4898,BE,Mechanical Engineering,SY,3,A,Monday,10:00,11:00,Cloud Computing,Prof. Faculty 186,ME-108
4899,BE,Mechanical Engineering,SY,3,A,Monday,11:15,12:15,DBMS,Prof. Faculty 219,ME-199
4900,BE,Mechanical Engineering,SY,3,A,Monday,12:15,01:15,DBMS,Prof. Faculty 178,ME-252
4901,BE,Mechanical Engineering,SY,3,A,Monday,02:00,03:00,Computer Networks,Prof. Faculty 035,ME-271
4902,BE,Mechanical Engineering,SY,3,A,Monday,03:00,04:00,Electrical Machines,Prof. Faculty 161,ME-211
4903,BE,Mechanical Engineering,SY,3,A,Tuesday,09:00,10:00,Operating Systems,Prof. Faculty 242,ME-200
4904,BE,Mechanical Engineering,SY,3,A,Tuesday,10:00,11:00,CAD/CAM,Prof. Faculty 065,ME-244
4905,BE,Mechanical Engineering,SY,3,A,Tuesday,11:15,12:15,Project Lab,Prof. Faculty 203,ME-115
4906,BE,Mechanical Engineering,SY,3,A,Tuesday,12:15,01:15,Machine Learning,Prof. Faculty 242,ME-245
4907,BE,Mechanical Engineering,SY,3,A,Tuesday,02:00,03:00,Thermodynamics,Prof. Faculty 038,ME-147
4908,BE,Mechanical Engineering,SY,3,A,Tuesday,03:00,04:00,Web Development,Prof. Faculty 155,ME-154
4909,BE,Mechanical Engineering,SY,3,A,Wednesday,09:00,10:00,CAD/CAM,Prof. Faculty 240,ME-304
4910,BE,Mechanical Engineering,SY,3,A,Wednesday,10:00,11:00,Machine Learning,Prof. Faculty 247,ME-299
4911,BE,Mechanical Engineering,SY,3,A,Wednesday,11:15,12:15,Machine Learning,Prof. Faculty 054,ME-176
4912,BE,Mechanical Engineering,SY,3,A,Wednesday,12:15,01:15,Java Programming,Prof. Faculty 009,ME-212
4913,BE,Mechanical Engineering,SY,3,A,Wednesday,02:00,03:00,Surveying,Prof. Faculty 210,ME-253
4914,BE,Mechanical Engineering,SY,3,A,Wednesday,03:00,04:00,Mathematics,Prof. Faculty 152,ME-232
4915,BE,Mechanical Engineering,SY,3,A,Thursday,09:00,10:00,Java Programming,Prof. Faculty 044,ME-275
4916,BE,Mechanical Engineering,SY,3,A,Thursday,10:00,11:00,Cloud Computing,Prof. Faculty 092,ME-288
4917,BE,Mechanical Engineering,SY,3,A,Thursday,11:15,12:15,Cloud Computing,Prof. Faculty 101,ME-246
4918,BE,Mechanical Engineering,SY,3,A,Thursday,12:15,01:15,Java Programming,Prof. Faculty 089,ME-299
4919,BE,Mechanical Engineering,SY,3,A,Thursday,02:00,03:00,AI Fundamentals,Prof. Faculty 071,ME-271
4920,BE,Mechanical Engineering,SY,3,A,Thursday,03:00,04:00,Data Structures,Prof. Faculty 011,ME-122
4921,BE,Mechanical Engineering,SY,3,A,Friday,09:00,10:00,Mathematics,Prof. Faculty 215,ME-152
4922,BE,Mechanical Engineering,SY,3,A,Friday,10:00,11:00,Java Programming,Prof. Faculty 049,ME-281
4923,BE,Mechanical Engineering,SY,3,A,Friday,11:15,12:15,CAD/CAM,Prof. Faculty 081,ME-288
4924,BE,Mechanical Engineering,SY,3,A,Friday,12:15,01:15,Java Programming,Prof. Faculty 167,ME-200
4925,BE,Mechanical Engineering,SY,3,A,Friday,02:00,03:00,Cloud Computing,Prof. Faculty 205,ME-127
4926,BE,Mechanical Engineering,SY,3,A,Friday,03:00,04:00,Project Lab,Prof. Faculty 155,ME-141
4927,BE,Mechanical Engineering,SY,3,A,Saturday,09:00,10:00,Thermodynamics,Prof. Faculty 129,ME-113
4928,BE,Mechanical Engineering,SY,3,A,Saturday,10:00,11:00,DBMS,Prof. Faculty 015,ME-221
4929,BE,Mechanical Engineering,SY,3,A,Saturday,11:15,12:15,Project Lab,Prof. Faculty 101,ME-160
4930,BE,Mechanical Engineering,SY,3,A,Saturday,12:15,01:15,CAD/CAM,Prof. Faculty 224,ME-212
4931,BE,Mechanical Engineering,SY,3,A,Saturday,02:00,03:00,AI Fundamentals,Prof. Faculty 082,ME-121
4932,BE,Mechanical Engineering,SY,3,A,Saturday,03:00,04:00,Cloud Computing,Prof. Faculty 188,ME-167
4933,BE,Mechanical Engineering,SY,3,B,Monday,09:00,10:00,Cloud Computing,Prof. Faculty 139,ME-173
4934,BE,Mechanical Engineering,SY,3,B,Monday,10:00,11:00,Machine Learning,Prof. Faculty 057,ME-103
4935,BE,Mechanical Engineering,SY,3,B,Monday,11:15,12:15,Operating Systems,Prof. Faculty 210,ME-216
4936,BE,Mechanical Engineering,SY,3,B,Monday,12:15,01:15,Electrical Machines,Prof. Faculty 170,ME-142
4937,BE,Mechanical Engineering,SY,3,B,Monday,02:00,03:00,Operating Systems,Prof. Faculty 052,ME-237
4938,BE,Mechanical Engineering,SY,3,B,Monday,03:00,04:00,Physics,Prof. Faculty 202,ME-114
4939,BE,Mechanical Engineering,SY,3,B,Tuesday,09:00,10:00,CAD/CAM,Prof. Faculty 057,ME-295
4940,BE,Mechanical Engineering,SY,3,B,Tuesday,10:00,11:00,CAD/CAM,Prof. Faculty 072,ME-274
4941,BE,Mechanical Engineering,SY,3,B,Tuesday,11:15,12:15,AI Fundamentals,Prof. Faculty 026,ME-295
4942,BE,Mechanical Engineering,SY,3,B,Tuesday,12:15,01:15,Physics,Prof. Faculty 004,ME-310
4943,BE,Mechanical Engineering,SY,3,B,Tuesday,02:00,03:00,Physics,Prof. Faculty 238,ME-284
4944,BE,Mechanical Engineering,SY,3,B,Tuesday,03:00,04:00,Machine Learning,Prof. Faculty 171,ME-210
4945,BE,Mechanical Engineering,SY,3,B,Wednesday,09:00,10:00,Operating Systems,Prof. Faculty 221,ME-164
4946,BE,Mechanical Engineering,SY,3,B,Wednesday,10:00,11:00,CAD/CAM,Prof. Faculty 058,ME-155
4947,BE,Mechanical Engineering,SY,3,B,Wednesday,11:15,12:15,AI Fundamentals,Prof. Faculty 170,ME-291
4948,BE,Mechanical Engineering,SY,3,B,Wednesday,12:15,01:15,Python Programming,Prof. Faculty 171,ME-128
4949,BE,Mechanical Engineering,SY,3,B,Wednesday,02:00,03:00,Web Development,Prof. Faculty 221,ME-147
4950,BE,Mechanical Engineering,SY,3,B,Wednesday,03:00,04:00,AI Fundamentals,Prof. Faculty 010,ME-245
4951,BE,Mechanical Engineering,SY,3,B,Thursday,09:00,10:00,Operating Systems,Prof. Faculty 201,ME-143
4952,BE,Mechanical Engineering,SY,3,B,Thursday,10:00,11:00,Web Development,Prof. Faculty 016,ME-133
4953,BE,Mechanical Engineering,SY,3,B,Thursday,11:15,12:15,Physics,Prof. Faculty 247,ME-262
4954,BE,Mechanical Engineering,SY,3,B,Thursday,12:15,01:15,Software Engineering,Prof. Faculty 235,ME-226
4955,BE,Mechanical Engineering,SY,3,B,Thursday,02:00,03:00,Operating Systems,Prof. Faculty 020,ME-153
4956,BE,Mechanical Engineering,SY,3,B,Thursday,03:00,04:00,Electrical Machines,Prof. Faculty 101,ME-150
4957,BE,Mechanical Engineering,SY,3,B,Friday,09:00,10:00,DBMS,Prof. Faculty 036,ME-306
4958,BE,Mechanical Engineering,SY,3,B,Friday,10:00,11:00,Cyber Security,Prof. Faculty 145,ME-194
4959,BE,Mechanical Engineering,SY,3,B,Friday,11:15,12:15,Cyber Security,Prof. Faculty 022,ME-229
4960,BE,Mechanical Engineering,SY,3,B,Friday,12:15,01:15,Operating Systems,Prof. Faculty 093,ME-279
4961,BE,Mechanical Engineering,SY,3,B,Friday,02:00,03:00,Computer Networks,Prof. Faculty 048,ME-153
4962,BE,Mechanical Engineering,SY,3,B,Friday,03:00,04:00,Project Lab,Prof. Faculty 116,ME-221
4963,BE,Mechanical Engineering,SY,3,B,Saturday,09:00,10:00,CAD/CAM,Prof. Faculty 247,ME-230
4964,BE,Mechanical Engineering,SY,3,B,Saturday,10:00,11:00,Project Lab,Prof. Faculty 068,ME-182
4965,BE,Mechanical Engineering,SY,3,B,Saturday,11:15,12:15,Digital Electronics,Prof. Faculty 218,ME-182
4966,BE,Mechanical Engineering,SY,3,B,Saturday,12:15,01:15,Machine Learning,Prof. Faculty 203,ME-197
4967,BE,Mechanical Engineering,SY,3,B,Saturday,02:00,03:00,Data Structures,Prof. Faculty 023,ME-299
4968,BE,Mechanical Engineering,SY,3,B,Saturday,03:00,04:00,Machine Learning,Prof. Faculty 215,ME-171
4969,BE,Mechanical Engineering,SY,4,A,Monday,09:00,10:00,AI Fundamentals,Prof. Faculty 229,ME-220
4970,BE,Mechanical Engineering,SY,4,A,Monday,10:00,11:00,Python Programming,Prof. Faculty 200,ME-231
4971,BE,Mechanical Engineering,SY,4,A,Monday,11:15,12:15,Electrical Machines,Prof. Faculty 055,ME-139
4972,BE,Mechanical Engineering,SY,4,A,Monday,12:15,01:15,Web Development,Prof. Faculty 110,ME-188
4973,BE,Mechanical Engineering,SY,4,A,Monday,02:00,03:00,Computer Networks,Prof. Faculty 130,ME-306
4974,BE,Mechanical Engineering,SY,4,A,Monday,03:00,04:00,Python Programming,Prof. Faculty 131,ME-155
4975,BE,Mechanical Engineering,SY,4,A,Tuesday,09:00,10:00,Web Development,Prof. Faculty 023,ME-253
4976,BE,Mechanical Engineering,SY,4,A,Tuesday,10:00,11:00,Java Programming,Prof. Faculty 165,ME-251
4977,BE,Mechanical Engineering,SY,4,A,Tuesday,11:15,12:15,Project Lab,Prof. Faculty 057,ME-207
4978,BE,Mechanical Engineering,SY,4,A,Tuesday,12:15,01:15,Mathematics,Prof. Faculty 101,ME-109
4979,BE,Mechanical Engineering,SY,4,A,Tuesday,02:00,03:00,Surveying,Prof. Faculty 118,ME-176
4980,BE,Mechanical Engineering,SY,4,A,Tuesday,03:00,04:00,Mathematics,Prof. Faculty 119,ME-242
4981,BE,Mechanical Engineering,SY,4,A,Wednesday,09:00,10:00,AI Fundamentals,Prof. Faculty 139,ME-163
4982,BE,Mechanical Engineering,SY,4,A,Wednesday,10:00,11:00,Java Programming,Prof. Faculty 068,ME-130
4983,BE,Mechanical Engineering,SY,4,A,Wednesday,11:15,12:15,Digital Electronics,Prof. Faculty 107,ME-294
4984,BE,Mechanical Engineering,SY,4,A,Wednesday,12:15,01:15,CAD/CAM,Prof. Faculty 231,ME-242
4985,BE,Mechanical Engineering,SY,4,A,Wednesday,02:00,03:00,Machine Learning,Prof. Faculty 217,ME-254
4986,BE,Mechanical Engineering,SY,4,A,Wednesday,03:00,04:00,Cloud Computing,Prof. Faculty 239,ME-159
4987,BE,Mechanical Engineering,SY,4,A,Thursday,09:00,10:00,Operating Systems,Prof. Faculty 025,ME-158
4988,BE,Mechanical Engineering,SY,4,A,Thursday,10:00,11:00,Digital Electronics,Prof. Faculty 234,ME-113
4989,BE,Mechanical Engineering,SY,4,A,Thursday,11:15,12:15,Cyber Security,Prof. Faculty 048,ME-218
4990,BE,Mechanical Engineering,SY,4,A,Thursday,12:15,01:15,Operating Systems,Prof. Faculty 040,ME-111
4991,BE,Mechanical Engineering,SY,4,A,Thursday,02:00,03:00,Electrical Machines,Prof. Faculty 001,ME-243
4992,BE,Mechanical Engineering,SY,4,A,Thursday,03:00,04:00,CAD/CAM,Prof. Faculty 051,ME-319
4993,BE,Mechanical Engineering,SY,4,A,Friday,09:00,10:00,Digital Electronics,Prof. Faculty 157,ME-203
4994,BE,Mechanical Engineering,SY,4,A,Friday,10:00,11:00,Cloud Computing,Prof. Faculty 183,ME-113
4995,BE,Mechanical Engineering,SY,4,A,Friday,11:15,12:15,Cloud Computing,Prof. Faculty 075,ME-108
4996,BE,Mechanical Engineering,SY,4,A,Friday,12:15,01:15,Electrical Machines,Prof. Faculty 247,ME-194
4997,BE,Mechanical Engineering,SY,4,A,Friday,02:00,03:00,AI Fundamentals,Prof. Faculty 076,ME-256
4998,BE,Mechanical Engineering,SY,4,A,Friday,03:00,04:00,Project Lab,Prof. Faculty 238,ME-307
4999,BE,Mechanical Engineering,SY,4,A,Saturday,09:00,10:00,Machine Learning,Prof. Faculty 062,ME-218
5000,BE,Mechanical Engineering,SY,4,A,Saturday,10:00,11:00,Java Programming,Prof. Faculty 088,ME-190
5001,BE,Mechanical Engineering,SY,4,A,Saturday,11:15,12:15,Thermodynamics,Prof. Faculty 217,ME-136
5002,BE,Mechanical Engineering,SY,4,A,Saturday,12:15,01:15,Java Programming,Prof. Faculty 133,ME-231
5003,BE,Mechanical Engineering,SY,4,A,Saturday,02:00,03:00,Cloud Computing,Prof. Faculty 049,ME-140
5004,BE,Mechanical Engineering,SY,4,A,Saturday,03:00,04:00,Operating Systems,Prof. Faculty 124,ME-127
5005,BE,Mechanical Engineering,SY,4,B,Monday,09:00,10:00,Surveying,Prof. Faculty 098,ME-166
5006,BE,Mechanical Engineering,SY,4,B,Monday,10:00,11:00,Thermodynamics,Prof. Faculty 113,ME-313
5007,BE,Mechanical Engineering,SY,4,B,Monday,11:15,12:15,CAD/CAM,Prof. Faculty 114,ME-116
5008,BE,Mechanical Engineering,SY,4,B,Monday,12:15,01:15,CAD/CAM,Prof. Faculty 092,ME-291
5009,BE,Mechanical Engineering,SY,4,B,Monday,02:00,03:00,Java Programming,Prof. Faculty 009,ME-121
5010,BE,Mechanical Engineering,SY,4,B,Monday,03:00,04:00,Python Programming,Prof. Faculty 045,ME-102
5011,BE,Mechanical Engineering,SY,4,B,Tuesday,09:00,10:00,Digital Electronics,Prof. Faculty 244,ME-246
5012,BE,Mechanical Engineering,SY,4,B,Tuesday,10:00,11:00,Surveying,Prof. Faculty 057,ME-246
5013,BE,Mechanical Engineering,SY,4,B,Tuesday,11:15,12:15,AI Fundamentals,Prof. Faculty 041,ME-151
5014,BE,Mechanical Engineering,SY,4,B,Tuesday,12:15,01:15,Computer Networks,Prof. Faculty 007,ME-296
5015,BE,Mechanical Engineering,SY,4,B,Tuesday,02:00,03:00,Cloud Computing,Prof. Faculty 229,ME-277
5016,BE,Mechanical Engineering,SY,4,B,Tuesday,03:00,04:00,CAD/CAM,Prof. Faculty 189,ME-164
5017,BE,Mechanical Engineering,SY,4,B,Wednesday,09:00,10:00,Operating Systems,Prof. Faculty 198,ME-102
5018,BE,Mechanical Engineering,SY,4,B,Wednesday,10:00,11:00,Cloud Computing,Prof. Faculty 033,ME-118
5019,BE,Mechanical Engineering,SY,4,B,Wednesday,11:15,12:15,Computer Networks,Prof. Faculty 022,ME-101
5020,BE,Mechanical Engineering,SY,4,B,Wednesday,12:15,01:15,CAD/CAM,Prof. Faculty 032,ME-244
5021,BE,Mechanical Engineering,SY,4,B,Wednesday,02:00,03:00,Surveying,Prof. Faculty 059,ME-226
5022,BE,Mechanical Engineering,SY,4,B,Wednesday,03:00,04:00,Surveying,Prof. Faculty 046,ME-212
5023,BE,Mechanical Engineering,SY,4,B,Thursday,09:00,10:00,Operating Systems,Prof. Faculty 092,ME-149
5024,BE,Mechanical Engineering,SY,4,B,Thursday,10:00,11:00,Mathematics,Prof. Faculty 169,ME-269
5025,BE,Mechanical Engineering,SY,4,B,Thursday,11:15,12:15,Cloud Computing,Prof. Faculty 137,ME-117
5026,BE,Mechanical Engineering,SY,4,B,Thursday,12:15,01:15,Web Development,Prof. Faculty 149,ME-259
5027,BE,Mechanical Engineering,SY,4,B,Thursday,02:00,03:00,Project Lab,Prof. Faculty 187,ME-195
5028,BE,Mechanical Engineering,SY,4,B,Thursday,03:00,04:00,Software Engineering,Prof. Faculty 140,ME-256
5029,BE,Mechanical Engineering,SY,4,B,Friday,09:00,10:00,Java Programming,Prof. Faculty 232,ME-150
5030,BE,Mechanical Engineering,SY,4,B,Friday,10:00,11:00,Physics,Prof. Faculty 023,ME-296
5031,BE,Mechanical Engineering,SY,4,B,Friday,11:15,12:15,Mathematics,Prof. Faculty 034,ME-251
5032,BE,Mechanical Engineering,SY,4,B,Friday,12:15,01:15,Surveying,Prof. Faculty 122,ME-244
5033,BE,Mechanical Engineering,SY,4,B,Friday,02:00,03:00,Web Development,Prof. Faculty 229,ME-280
5034,BE,Mechanical Engineering,SY,4,B,Friday,03:00,04:00,CAD/CAM,Prof. Faculty 095,ME-115
5035,BE,Mechanical Engineering,SY,4,B,Saturday,09:00,10:00,Digital Electronics,Prof. Faculty 101,ME-205
5036,BE,Mechanical Engineering,SY,4,B,Saturday,10:00,11:00,Data Structures,Prof. Faculty 012,ME-234
5037,BE,Mechanical Engineering,SY,4,B,Saturday,11:15,12:15,Electrical Machines,Prof. Faculty 009,ME-184
5038,BE,Mechanical Engineering,SY,4,B,Saturday,12:15,01:15,Computer Networks,Prof. Faculty 244,ME-187
5039,BE,Mechanical Engineering,SY,4,B,Saturday,02:00,03:00,CAD/CAM,Prof. Faculty 054,ME-298
5040,BE,Mechanical Engineering,SY,4,B,Saturday,03:00,04:00,AI Fundamentals,Prof. Faculty 059,ME-231
5041,BE,Mechanical Engineering,TY,5,A,Monday,09:00,10:00,Electrical Machines,Prof. Faculty 019,ME-228
5042,BE,Mechanical Engineering,TY,5,A,Monday,10:00,11:00,Digital Electronics,Prof. Faculty 067,ME-316
5043,BE,Mechanical Engineering,TY,5,A,Monday,11:15,12:15,Python Programming,Prof. Faculty 075,ME-210
5044,BE,Mechanical Engineering,TY,5,A,Monday,12:15,01:15,Cyber Security,Prof. Faculty 140,ME-284
5045,BE,Mechanical Engineering,TY,5,A,Monday,02:00,03:00,Computer Networks,Prof. Faculty 234,ME-132
5046,BE,Mechanical Engineering,TY,5,A,Monday,03:00,04:00,CAD/CAM,Prof. Faculty 194,ME-244
5047,BE,Mechanical Engineering,TY,5,A,Tuesday,09:00,10:00,Cloud Computing,Prof. Faculty 223,ME-286
5048,BE,Mechanical Engineering,TY,5,A,Tuesday,10:00,11:00,Physics,Prof. Faculty 198,ME-179
5049,BE,Mechanical Engineering,TY,5,A,Tuesday,11:15,12:15,Operating Systems,Prof. Faculty 096,ME-136
5050,BE,Mechanical Engineering,TY,5,A,Tuesday,12:15,01:15,AI Fundamentals,Prof. Faculty 191,ME-124
5051,BE,Mechanical Engineering,TY,5,A,Tuesday,02:00,03:00,AI Fundamentals,Prof. Faculty 129,ME-106
5052,BE,Mechanical Engineering,TY,5,A,Tuesday,03:00,04:00,CAD/CAM,Prof. Faculty 068,ME-273
5053,BE,Mechanical Engineering,TY,5,A,Wednesday,09:00,10:00,Machine Learning,Prof. Faculty 204,ME-262
5054,BE,Mechanical Engineering,TY,5,A,Wednesday,10:00,11:00,Project Lab,Prof. Faculty 113,ME-189
5055,BE,Mechanical Engineering,TY,5,A,Wednesday,11:15,12:15,Cloud Computing,Prof. Faculty 118,ME-155
5056,BE,Mechanical Engineering,TY,5,A,Wednesday,12:15,01:15,Thermodynamics,Prof. Faculty 147,ME-104
5057,BE,Mechanical Engineering,TY,5,A,Wednesday,02:00,03:00,Software Engineering,Prof. Faculty 162,ME-255
5058,BE,Mechanical Engineering,TY,5,A,Wednesday,03:00,04:00,Cyber Security,Prof. Faculty 247,ME-144
5059,BE,Mechanical Engineering,TY,5,A,Thursday,09:00,10:00,Digital Electronics,Prof. Faculty 202,ME-274
5060,BE,Mechanical Engineering,TY,5,A,Thursday,10:00,11:00,Cyber Security,Prof. Faculty 089,ME-163
5061,BE,Mechanical Engineering,TY,5,A,Thursday,11:15,12:15,Cloud Computing,Prof. Faculty 188,ME-116
5062,BE,Mechanical Engineering,TY,5,A,Thursday,12:15,01:15,Physics,Prof. Faculty 035,ME-216
5063,BE,Mechanical Engineering,TY,5,A,Thursday,02:00,03:00,Mathematics,Prof. Faculty 103,ME-198
5064,BE,Mechanical Engineering,TY,5,A,Thursday,03:00,04:00,CAD/CAM,Prof. Faculty 095,ME-104
5065,BE,Mechanical Engineering,TY,5,A,Friday,09:00,10:00,Physics,Prof. Faculty 185,ME-212
5066,BE,Mechanical Engineering,TY,5,A,Friday,10:00,11:00,CAD/CAM,Prof. Faculty 152,ME-131
5067,BE,Mechanical Engineering,TY,5,A,Friday,11:15,12:15,Java Programming,Prof. Faculty 212,ME-160
5068,BE,Mechanical Engineering,TY,5,A,Friday,12:15,01:15,Physics,Prof. Faculty 230,ME-164
5069,BE,Mechanical Engineering,TY,5,A,Friday,02:00,03:00,Mathematics,Prof. Faculty 209,ME-313
5070,BE,Mechanical Engineering,TY,5,A,Friday,03:00,04:00,Computer Networks,Prof. Faculty 167,ME-124
5071,BE,Mechanical Engineering,TY,5,A,Saturday,09:00,10:00,Computer Networks,Prof. Faculty 061,ME-227
5072,BE,Mechanical Engineering,TY,5,A,Saturday,10:00,11:00,Mathematics,Prof. Faculty 195,ME-161
5073,BE,Mechanical Engineering,TY,5,A,Saturday,11:15,12:15,Mathematics,Prof. Faculty 112,ME-192
5074,BE,Mechanical Engineering,TY,5,A,Saturday,12:15,01:15,Cloud Computing,Prof. Faculty 135,ME-269
5075,BE,Mechanical Engineering,TY,5,A,Saturday,02:00,03:00,Web Development,Prof. Faculty 075,ME-128
5076,BE,Mechanical Engineering,TY,5,A,Saturday,03:00,04:00,AI Fundamentals,Prof. Faculty 121,ME-271
5077,BE,Mechanical Engineering,TY,5,B,Monday,09:00,10:00,Mathematics,Prof. Faculty 026,ME-164
5078,BE,Mechanical Engineering,TY,5,B,Monday,10:00,11:00,Computer Networks,Prof. Faculty 143,ME-119
5079,BE,Mechanical Engineering,TY,5,B,Monday,11:15,12:15,Physics,Prof. Faculty 182,ME-152
5080,BE,Mechanical Engineering,TY,5,B,Monday,12:15,01:15,Thermodynamics,Prof. Faculty 229,ME-144
5081,BE,Mechanical Engineering,TY,5,B,Monday,02:00,03:00,DBMS,Prof. Faculty 098,ME-109
5082,BE,Mechanical Engineering,TY,5,B,Monday,03:00,04:00,Machine Learning,Prof. Faculty 220,ME-245
5083,BE,Mechanical Engineering,TY,5,B,Tuesday,09:00,10:00,Project Lab,Prof. Faculty 019,ME-195
5084,BE,Mechanical Engineering,TY,5,B,Tuesday,10:00,11:00,Computer Networks,Prof. Faculty 119,ME-238
5085,BE,Mechanical Engineering,TY,5,B,Tuesday,11:15,12:15,DBMS,Prof. Faculty 204,ME-150
5086,BE,Mechanical Engineering,TY,5,B,Tuesday,12:15,01:15,Project Lab,Prof. Faculty 167,ME-166
5087,BE,Mechanical Engineering,TY,5,B,Tuesday,02:00,03:00,Physics,Prof. Faculty 025,ME-273
5088,BE,Mechanical Engineering,TY,5,B,Tuesday,03:00,04:00,Operating Systems,Prof. Faculty 179,ME-296
5089,BE,Mechanical Engineering,TY,5,B,Wednesday,09:00,10:00,AI Fundamentals,Prof. Faculty 030,ME-129
5090,BE,Mechanical Engineering,TY,5,B,Wednesday,10:00,11:00,Data Structures,Prof. Faculty 183,ME-270
5091,BE,Mechanical Engineering,TY,5,B,Wednesday,11:15,12:15,CAD/CAM,Prof. Faculty 100,ME-138
5092,BE,Mechanical Engineering,TY,5,B,Wednesday,12:15,01:15,Machine Learning,Prof. Faculty 073,ME-320
5093,BE,Mechanical Engineering,TY,5,B,Wednesday,02:00,03:00,Java Programming,Prof. Faculty 010,ME-248
5094,BE,Mechanical Engineering,TY,5,B,Wednesday,03:00,04:00,Java Programming,Prof. Faculty 035,ME-115
5095,BE,Mechanical Engineering,TY,5,B,Thursday,09:00,10:00,Cloud Computing,Prof. Faculty 121,ME-305
5096,BE,Mechanical Engineering,TY,5,B,Thursday,10:00,11:00,Surveying,Prof. Faculty 116,ME-174
5097,BE,Mechanical Engineering,TY,5,B,Thursday,11:15,12:15,Python Programming,Prof. Faculty 139,ME-161
5098,BE,Mechanical Engineering,TY,5,B,Thursday,12:15,01:15,Cloud Computing,Prof. Faculty 233,ME-304
5099,BE,Mechanical Engineering,TY,5,B,Thursday,02:00,03:00,Physics,Prof. Faculty 007,ME-175
5100,BE,Mechanical Engineering,TY,5,B,Thursday,03:00,04:00,Web Development,Prof. Faculty 021,ME-170
5101,BE,Mechanical Engineering,TY,5,B,Friday,09:00,10:00,Data Structures,Prof. Faculty 076,ME-310
5102,BE,Mechanical Engineering,TY,5,B,Friday,10:00,11:00,Java Programming,Prof. Faculty 153,ME-171
5103,BE,Mechanical Engineering,TY,5,B,Friday,11:15,12:15,CAD/CAM,Prof. Faculty 146,ME-173
5104,BE,Mechanical Engineering,TY,5,B,Friday,12:15,01:15,Electrical Machines,Prof. Faculty 201,ME-197
5105,BE,Mechanical Engineering,TY,5,B,Friday,02:00,03:00,Thermodynamics,Prof. Faculty 014,ME-267
5106,BE,Mechanical Engineering,TY,5,B,Friday,03:00,04:00,Software Engineering,Prof. Faculty 191,ME-249
5107,BE,Mechanical Engineering,TY,5,B,Saturday,09:00,10:00,Python Programming,Prof. Faculty 008,ME-240
5108,BE,Mechanical Engineering,TY,5,B,Saturday,10:00,11:00,Python Programming,Prof. Faculty 197,ME-306
5109,BE,Mechanical Engineering,TY,5,B,Saturday,11:15,12:15,Data Structures,Prof. Faculty 110,ME-313
5110,BE,Mechanical Engineering,TY,5,B,Saturday,12:15,01:15,Python Programming,Prof. Faculty 131,ME-131
5111,BE,Mechanical Engineering,TY,5,B,Saturday,02:00,03:00,Electrical Machines,Prof. Faculty 103,ME-188
5112,BE,Mechanical Engineering,TY,5,B,Saturday,03:00,04:00,Machine Learning,Prof. Faculty 051,ME-153
5113,BE,Mechanical Engineering,TY,6,A,Monday,09:00,10:00,Operating Systems,Prof. Faculty 192,ME-232
5114,BE,Mechanical Engineering,TY,6,A,Monday,10:00,11:00,Surveying,Prof. Faculty 024,ME-183
5115,BE,Mechanical Engineering,TY,6,A,Monday,11:15,12:15,Mathematics,Prof. Faculty 209,ME-173
5116,BE,Mechanical Engineering,TY,6,A,Monday,12:15,01:15,AI Fundamentals,Prof. Faculty 074,ME-272
5117,BE,Mechanical Engineering,TY,6,A,Monday,02:00,03:00,Computer Networks,Prof. Faculty 154,ME-120
5118,BE,Mechanical Engineering,TY,6,A,Monday,03:00,04:00,Surveying,Prof. Faculty 128,ME-269
5119,BE,Mechanical Engineering,TY,6,A,Tuesday,09:00,10:00,Cloud Computing,Prof. Faculty 138,ME-317
5120,BE,Mechanical Engineering,TY,6,A,Tuesday,10:00,11:00,Mathematics,Prof. Faculty 053,ME-222
5121,BE,Mechanical Engineering,TY,6,A,Tuesday,11:15,12:15,Java Programming,Prof. Faculty 095,ME-131
5122,BE,Mechanical Engineering,TY,6,A,Tuesday,12:15,01:15,Mathematics,Prof. Faculty 030,ME-190
5123,BE,Mechanical Engineering,TY,6,A,Tuesday,02:00,03:00,Mathematics,Prof. Faculty 200,ME-188
5124,BE,Mechanical Engineering,TY,6,A,Tuesday,03:00,04:00,AI Fundamentals,Prof. Faculty 089,ME-302
5125,BE,Mechanical Engineering,TY,6,A,Wednesday,09:00,10:00,Thermodynamics,Prof. Faculty 052,ME-299
5126,BE,Mechanical Engineering,TY,6,A,Wednesday,10:00,11:00,Project Lab,Prof. Faculty 079,ME-169
5127,BE,Mechanical Engineering,TY,6,A,Wednesday,11:15,12:15,Java Programming,Prof. Faculty 103,ME-249
5128,BE,Mechanical Engineering,TY,6,A,Wednesday,12:15,01:15,Surveying,Prof. Faculty 175,ME-196
5129,BE,Mechanical Engineering,TY,6,A,Wednesday,02:00,03:00,Web Development,Prof. Faculty 068,ME-163
5130,BE,Mechanical Engineering,TY,6,A,Wednesday,03:00,04:00,Machine Learning,Prof. Faculty 188,ME-109
5131,BE,Mechanical Engineering,TY,6,A,Thursday,09:00,10:00,Surveying,Prof. Faculty 151,ME-176
5132,BE,Mechanical Engineering,TY,6,A,Thursday,10:00,11:00,Machine Learning,Prof. Faculty 064,ME-304
5133,BE,Mechanical Engineering,TY,6,A,Thursday,11:15,12:15,Thermodynamics,Prof. Faculty 006,ME-137
5134,BE,Mechanical Engineering,TY,6,A,Thursday,12:15,01:15,AI Fundamentals,Prof. Faculty 075,ME-152
5135,BE,Mechanical Engineering,TY,6,A,Thursday,02:00,03:00,Project Lab,Prof. Faculty 023,ME-300
5136,BE,Mechanical Engineering,TY,6,A,Thursday,03:00,04:00,Mathematics,Prof. Faculty 105,ME-128
5137,BE,Mechanical Engineering,TY,6,A,Friday,09:00,10:00,Surveying,Prof. Faculty 232,ME-250
5138,BE,Mechanical Engineering,TY,6,A,Friday,10:00,11:00,Physics,Prof. Faculty 107,ME-230
5139,BE,Mechanical Engineering,TY,6,A,Friday,11:15,12:15,Surveying,Prof. Faculty 134,ME-212
5140,BE,Mechanical Engineering,TY,6,A,Friday,12:15,01:15,Computer Networks,Prof. Faculty 208,ME-151
5141,BE,Mechanical Engineering,TY,6,A,Friday,02:00,03:00,Digital Electronics,Prof. Faculty 165,ME-136
5142,BE,Mechanical Engineering,TY,6,A,Friday,03:00,04:00,Digital Electronics,Prof. Faculty 030,ME-180
5143,BE,Mechanical Engineering,TY,6,A,Saturday,09:00,10:00,Project Lab,Prof. Faculty 011,ME-182
5144,BE,Mechanical Engineering,TY,6,A,Saturday,10:00,11:00,Computer Networks,Prof. Faculty 069,ME-293
5145,BE,Mechanical Engineering,TY,6,A,Saturday,11:15,12:15,Thermodynamics,Prof. Faculty 157,ME-114
5146,BE,Mechanical Engineering,TY,6,A,Saturday,12:15,01:15,Operating Systems,Prof. Faculty 211,ME-268
5147,BE,Mechanical Engineering,TY,6,A,Saturday,02:00,03:00,Surveying,Prof. Faculty 116,ME-221
5148,BE,Mechanical Engineering,TY,6,A,Saturday,03:00,04:00,Physics,Prof. Faculty 092,ME-175
5149,BE,Mechanical Engineering,TY,6,B,Monday,09:00,10:00,Operating Systems,Prof. Faculty 130,ME-138
5150,BE,Mechanical Engineering,TY,6,B,Monday,10:00,11:00,Web Development,Prof. Faculty 038,ME-305
5151,BE,Mechanical Engineering,TY,6,B,Monday,11:15,12:15,DBMS,Prof. Faculty 076,ME-103
5152,BE,Mechanical Engineering,TY,6,B,Monday,12:15,01:15,Physics,Prof. Faculty 143,ME-136
5153,BE,Mechanical Engineering,TY,6,B,Monday,02:00,03:00,Mathematics,Prof. Faculty 113,ME-141
5154,BE,Mechanical Engineering,TY,6,B,Monday,03:00,04:00,AI Fundamentals,Prof. Faculty 194,ME-231
5155,BE,Mechanical Engineering,TY,6,B,Tuesday,09:00,10:00,Web Development,Prof. Faculty 022,ME-122
5156,BE,Mechanical Engineering,TY,6,B,Tuesday,10:00,11:00,Operating Systems,Prof. Faculty 129,ME-216
5157,BE,Mechanical Engineering,TY,6,B,Tuesday,11:15,12:15,Operating Systems,Prof. Faculty 166,ME-163
5158,BE,Mechanical Engineering,TY,6,B,Tuesday,12:15,01:15,Mathematics,Prof. Faculty 076,ME-282
5159,BE,Mechanical Engineering,TY,6,B,Tuesday,02:00,03:00,Project Lab,Prof. Faculty 119,ME-269
5160,BE,Mechanical Engineering,TY,6,B,Tuesday,03:00,04:00,Data Structures,Prof. Faculty 032,ME-111
5161,BE,Mechanical Engineering,TY,6,B,Wednesday,09:00,10:00,Cloud Computing,Prof. Faculty 073,ME-152
5162,BE,Mechanical Engineering,TY,6,B,Wednesday,10:00,11:00,Software Engineering,Prof. Faculty 217,ME-229
5163,BE,Mechanical Engineering,TY,6,B,Wednesday,11:15,12:15,Operating Systems,Prof. Faculty 145,ME-227
5164,BE,Mechanical Engineering,TY,6,B,Wednesday,12:15,01:15,Python Programming,Prof. Faculty 171,ME-303
5165,BE,Mechanical Engineering,TY,6,B,Wednesday,02:00,03:00,CAD/CAM,Prof. Faculty 096,ME-184
5166,BE,Mechanical Engineering,TY,6,B,Wednesday,03:00,04:00,Web Development,Prof. Faculty 231,ME-287
5167,BE,Mechanical Engineering,TY,6,B,Thursday,09:00,10:00,Cyber Security,Prof. Faculty 022,ME-312
5168,BE,Mechanical Engineering,TY,6,B,Thursday,10:00,11:00,Software Engineering,Prof. Faculty 082,ME-245
5169,BE,Mechanical Engineering,TY,6,B,Thursday,11:15,12:15,Surveying,Prof. Faculty 118,ME-204
5170,BE,Mechanical Engineering,TY,6,B,Thursday,12:15,01:15,CAD/CAM,Prof. Faculty 245,ME-228
5171,BE,Mechanical Engineering,TY,6,B,Thursday,02:00,03:00,Machine Learning,Prof. Faculty 221,ME-124
5172,BE,Mechanical Engineering,TY,6,B,Thursday,03:00,04:00,Software Engineering,Prof. Faculty 199,ME-237
5173,BE,Mechanical Engineering,TY,6,B,Friday,09:00,10:00,Software Engineering,Prof. Faculty 035,ME-272
5174,BE,Mechanical Engineering,TY,6,B,Friday,10:00,11:00,Web Development,Prof. Faculty 154,ME-209
5175,BE,Mechanical Engineering,TY,6,B,Friday,11:15,12:15,Data Structures,Prof. Faculty 168,ME-276
5176,BE,Mechanical Engineering,TY,6,B,Friday,12:15,01:15,Web Development,Prof. Faculty 149,ME-287
5177,BE,Mechanical Engineering,TY,6,B,Friday,02:00,03:00,Project Lab,Prof. Faculty 007,ME-178
5178,BE,Mechanical Engineering,TY,6,B,Friday,03:00,04:00,Computer Networks,Prof. Faculty 023,ME-233
5179,BE,Mechanical Engineering,TY,6,B,Saturday,09:00,10:00,Computer Networks,Prof. Faculty 007,ME-170
5180,BE,Mechanical Engineering,TY,6,B,Saturday,10:00,11:00,DBMS,Prof. Faculty 224,ME-210
5181,BE,Mechanical Engineering,TY,6,B,Saturday,11:15,12:15,Python Programming,Prof. Faculty 039,ME-152
5182,BE,Mechanical Engineering,TY,6,B,Saturday,12:15,01:15,Physics,Prof. Faculty 059,ME-107
5183,BE,Mechanical Engineering,TY,6,B,Saturday,02:00,03:00,Digital Electronics,Prof. Faculty 026,ME-319
5184,BE,Mechanical Engineering,TY,6,B,Saturday,03:00,04:00,Mathematics,Prof. Faculty 221,ME-209
5185,BE,Mechanical Engineering,LY,7,A,Monday,09:00,10:00,Cyber Security,Prof. Faculty 239,ME-122
5186,BE,Mechanical Engineering,LY,7,A,Monday,10:00,11:00,Web Development,Prof. Faculty 088,ME-184
5187,BE,Mechanical Engineering,LY,7,A,Monday,11:15,12:15,Machine Learning,Prof. Faculty 011,ME-256
5188,BE,Mechanical Engineering,LY,7,A,Monday,12:15,01:15,Surveying,Prof. Faculty 089,ME-178
5189,BE,Mechanical Engineering,LY,7,A,Monday,02:00,03:00,Computer Networks,Prof. Faculty 170,ME-185
5190,BE,Mechanical Engineering,LY,7,A,Monday,03:00,04:00,Cyber Security,Prof. Faculty 237,ME-179
5191,BE,Mechanical Engineering,LY,7,A,Tuesday,09:00,10:00,Project Lab,Prof. Faculty 227,ME-305
5192,BE,Mechanical Engineering,LY,7,A,Tuesday,10:00,11:00,Software Engineering,Prof. Faculty 021,ME-284
5193,BE,Mechanical Engineering,LY,7,A,Tuesday,11:15,12:15,Software Engineering,Prof. Faculty 102,ME-247
5194,BE,Mechanical Engineering,LY,7,A,Tuesday,12:15,01:15,AI Fundamentals,Prof. Faculty 098,ME-130
5195,BE,Mechanical Engineering,LY,7,A,Tuesday,02:00,03:00,Electrical Machines,Prof. Faculty 191,ME-320
5196,BE,Mechanical Engineering,LY,7,A,Tuesday,03:00,04:00,Physics,Prof. Faculty 131,ME-102
5197,BE,Mechanical Engineering,LY,7,A,Wednesday,09:00,10:00,Physics,Prof. Faculty 197,ME-256
5198,BE,Mechanical Engineering,LY,7,A,Wednesday,10:00,11:00,Computer Networks,Prof. Faculty 237,ME-299
5199,BE,Mechanical Engineering,LY,7,A,Wednesday,11:15,12:15,Data Structures,Prof. Faculty 180,ME-185
5200,BE,Mechanical Engineering,LY,7,A,Wednesday,12:15,01:15,Digital Electronics,Prof. Faculty 202,ME-166
5201,BE,Mechanical Engineering,LY,7,A,Wednesday,02:00,03:00,Cyber Security,Prof. Faculty 117,ME-313
5202,BE,Mechanical Engineering,LY,7,A,Wednesday,03:00,04:00,Cyber Security,Prof. Faculty 210,ME-305
5203,BE,Mechanical Engineering,LY,7,A,Thursday,09:00,10:00,Electrical Machines,Prof. Faculty 238,ME-186
5204,BE,Mechanical Engineering,LY,7,A,Thursday,10:00,11:00,Physics,Prof. Faculty 055,ME-129
5205,BE,Mechanical Engineering,LY,7,A,Thursday,11:15,12:15,Web Development,Prof. Faculty 024,ME-208
5206,BE,Mechanical Engineering,LY,7,A,Thursday,12:15,01:15,DBMS,Prof. Faculty 103,ME-201
5207,BE,Mechanical Engineering,LY,7,A,Thursday,02:00,03:00,Java Programming,Prof. Faculty 235,ME-199
5208,BE,Mechanical Engineering,LY,7,A,Thursday,03:00,04:00,Python Programming,Prof. Faculty 014,ME-315
5209,BE,Mechanical Engineering,LY,7,A,Friday,09:00,10:00,Surveying,Prof. Faculty 221,ME-145
5210,BE,Mechanical Engineering,LY,7,A,Friday,10:00,11:00,Electrical Machines,Prof. Faculty 092,ME-301
5211,BE,Mechanical Engineering,LY,7,A,Friday,11:15,12:15,Mathematics,Prof. Faculty 228,ME-119
5212,BE,Mechanical Engineering,LY,7,A,Friday,12:15,01:15,Web Development,Prof. Faculty 151,ME-187
5213,BE,Mechanical Engineering,LY,7,A,Friday,02:00,03:00,Python Programming,Prof. Faculty 194,ME-178
5214,BE,Mechanical Engineering,LY,7,A,Friday,03:00,04:00,Machine Learning,Prof. Faculty 057,ME-199
5215,BE,Mechanical Engineering,LY,7,A,Saturday,09:00,10:00,DBMS,Prof. Faculty 010,ME-274
5216,BE,Mechanical Engineering,LY,7,A,Saturday,10:00,11:00,CAD/CAM,Prof. Faculty 144,ME-246
5217,BE,Mechanical Engineering,LY,7,A,Saturday,11:15,12:15,Electrical Machines,Prof. Faculty 046,ME-301
5218,BE,Mechanical Engineering,LY,7,A,Saturday,12:15,01:15,Operating Systems,Prof. Faculty 138,ME-222
5219,BE,Mechanical Engineering,LY,7,A,Saturday,02:00,03:00,Cloud Computing,Prof. Faculty 195,ME-246
5220,BE,Mechanical Engineering,LY,7,A,Saturday,03:00,04:00,Electrical Machines,Prof. Faculty 192,ME-118
5221,BE,Mechanical Engineering,LY,7,B,Monday,09:00,10:00,AI Fundamentals,Prof. Faculty 233,ME-225
5222,BE,Mechanical Engineering,LY,7,B,Monday,10:00,11:00,CAD/CAM,Prof. Faculty 057,ME-152
5223,BE,Mechanical Engineering,LY,7,B,Monday,11:15,12:15,Cyber Security,Prof. Faculty 163,ME-102
5224,BE,Mechanical Engineering,LY,7,B,Monday,12:15,01:15,AI Fundamentals,Prof. Faculty 043,ME-256
5225,BE,Mechanical Engineering,LY,7,B,Monday,02:00,03:00,Machine Learning,Prof. Faculty 238,ME-298
5226,BE,Mechanical Engineering,LY,7,B,Monday,03:00,04:00,Thermodynamics,Prof. Faculty 125,ME-206
5227,BE,Mechanical Engineering,LY,7,B,Tuesday,09:00,10:00,Thermodynamics,Prof. Faculty 031,ME-199
5228,BE,Mechanical Engineering,LY,7,B,Tuesday,10:00,11:00,Operating Systems,Prof. Faculty 034,ME-267
5229,BE,Mechanical Engineering,LY,7,B,Tuesday,11:15,12:15,CAD/CAM,Prof. Faculty 143,ME-185
5230,BE,Mechanical Engineering,LY,7,B,Tuesday,12:15,01:15,Operating Systems,Prof. Faculty 028,ME-139
5231,BE,Mechanical Engineering,LY,7,B,Tuesday,02:00,03:00,Digital Electronics,Prof. Faculty 038,ME-161
5232,BE,Mechanical Engineering,LY,7,B,Tuesday,03:00,04:00,Software Engineering,Prof. Faculty 179,ME-249
5233,BE,Mechanical Engineering,LY,7,B,Wednesday,09:00,10:00,Project Lab,Prof. Faculty 044,ME-200
5234,BE,Mechanical Engineering,LY,7,B,Wednesday,10:00,11:00,Cyber Security,Prof. Faculty 082,ME-156
5235,BE,Mechanical Engineering,LY,7,B,Wednesday,11:15,12:15,Computer Networks,Prof. Faculty 094,ME-246
5236,BE,Mechanical Engineering,LY,7,B,Wednesday,12:15,01:15,Data Structures,Prof. Faculty 154,ME-221
5237,BE,Mechanical Engineering,LY,7,B,Wednesday,02:00,03:00,DBMS,Prof. Faculty 198,ME-124
5238,BE,Mechanical Engineering,LY,7,B,Wednesday,03:00,04:00,CAD/CAM,Prof. Faculty 127,ME-142
5239,BE,Mechanical Engineering,LY,7,B,Thursday,09:00,10:00,Digital Electronics,Prof. Faculty 247,ME-230
5240,BE,Mechanical Engineering,LY,7,B,Thursday,10:00,11:00,Surveying,Prof. Faculty 243,ME-266
5241,BE,Mechanical Engineering,LY,7,B,Thursday,11:15,12:15,Electrical Machines,Prof. Faculty 228,ME-268
5242,BE,Mechanical Engineering,LY,7,B,Thursday,12:15,01:15,DBMS,Prof. Faculty 215,ME-111
5243,BE,Mechanical Engineering,LY,7,B,Thursday,02:00,03:00,Cyber Security,Prof. Faculty 118,ME-281
5244,BE,Mechanical Engineering,LY,7,B,Thursday,03:00,04:00,Software Engineering,Prof. Faculty 232,ME-287
5245,BE,Mechanical Engineering,LY,7,B,Friday,09:00,10:00,DBMS,Prof. Faculty 081,ME-316
5246,BE,Mechanical Engineering,LY,7,B,Friday,10:00,11:00,Mathematics,Prof. Faculty 099,ME-143
5247,BE,Mechanical Engineering,LY,7,B,Friday,11:15,12:15,Operating Systems,Prof. Faculty 147,ME-236
5248,BE,Mechanical Engineering,LY,7,B,Friday,12:15,01:15,DBMS,Prof. Faculty 117,ME-167
5249,BE,Mechanical Engineering,LY,7,B,Friday,02:00,03:00,Mathematics,Prof. Faculty 229,ME-113
5250,BE,Mechanical Engineering,LY,7,B,Friday,03:00,04:00,Software Engineering,Prof. Faculty 174,ME-272
5251,BE,Mechanical Engineering,LY,7,B,Saturday,09:00,10:00,Python Programming,Prof. Faculty 249,ME-128
5252,BE,Mechanical Engineering,LY,7,B,Saturday,10:00,11:00,Operating Systems,Prof. Faculty 218,ME-284
5253,BE,Mechanical Engineering,LY,7,B,Saturday,11:15,12:15,Web Development,Prof. Faculty 016,ME-193
5254,BE,Mechanical Engineering,LY,7,B,Saturday,12:15,01:15,Mathematics,Prof. Faculty 183,ME-256
5255,BE,Mechanical Engineering,LY,7,B,Saturday,02:00,03:00,Digital Electronics,Prof. Faculty 202,ME-160
5256,BE,Mechanical Engineering,LY,7,B,Saturday,03:00,04:00,Machine Learning,Prof. Faculty 168,ME-252
5257,BE,Mechanical Engineering,LY,8,A,Monday,09:00,10:00,Python Programming,Prof. Faculty 055,ME-250
5258,BE,Mechanical Engineering,LY,8,A,Monday,10:00,11:00,Machine Learning,Prof. Faculty 197,ME-158
5259,BE,Mechanical Engineering,LY,8,A,Monday,11:15,12:15,Machine Learning,Prof. Faculty 174,ME-121
5260,BE,Mechanical Engineering,LY,8,A,Monday,12:15,01:15,CAD/CAM,Prof. Faculty 004,ME-248
5261,BE,Mechanical Engineering,LY,8,A,Monday,02:00,03:00,Digital Electronics,Prof. Faculty 012,ME-110
5262,BE,Mechanical Engineering,LY,8,A,Monday,03:00,04:00,Cyber Security,Prof. Faculty 077,ME-152
5263,BE,Mechanical Engineering,LY,8,A,Tuesday,09:00,10:00,Computer Networks,Prof. Faculty 198,ME-232
5264,BE,Mechanical Engineering,LY,8,A,Tuesday,10:00,11:00,Digital Electronics,Prof. Faculty 230,ME-242
5265,BE,Mechanical Engineering,LY,8,A,Tuesday,11:15,12:15,Cloud Computing,Prof. Faculty 099,ME-286
5266,BE,Mechanical Engineering,LY,8,A,Tuesday,12:15,01:15,Cloud Computing,Prof. Faculty 209,ME-135
5267,BE,Mechanical Engineering,LY,8,A,Tuesday,02:00,03:00,Python Programming,Prof. Faculty 097,ME-178
5268,BE,Mechanical Engineering,LY,8,A,Tuesday,03:00,04:00,DBMS,Prof. Faculty 147,ME-204
5269,BE,Mechanical Engineering,LY,8,A,Wednesday,09:00,10:00,Software Engineering,Prof. Faculty 076,ME-246
5270,BE,Mechanical Engineering,LY,8,A,Wednesday,10:00,11:00,Machine Learning,Prof. Faculty 065,ME-135
5271,BE,Mechanical Engineering,LY,8,A,Wednesday,11:15,12:15,Electrical Machines,Prof. Faculty 077,ME-148
5272,BE,Mechanical Engineering,LY,8,A,Wednesday,12:15,01:15,Web Development,Prof. Faculty 183,ME-233
5273,BE,Mechanical Engineering,LY,8,A,Wednesday,02:00,03:00,Surveying,Prof. Faculty 156,ME-216
5274,BE,Mechanical Engineering,LY,8,A,Wednesday,03:00,04:00,Cloud Computing,Prof. Faculty 179,ME-212
5275,BE,Mechanical Engineering,LY,8,A,Thursday,09:00,10:00,Cloud Computing,Prof. Faculty 112,ME-240
5276,BE,Mechanical Engineering,LY,8,A,Thursday,10:00,11:00,Web Development,Prof. Faculty 063,ME-122
5277,BE,Mechanical Engineering,LY,8,A,Thursday,11:15,12:15,Surveying,Prof. Faculty 149,ME-209
5278,BE,Mechanical Engineering,LY,8,A,Thursday,12:15,01:15,Physics,Prof. Faculty 230,ME-113
5279,BE,Mechanical Engineering,LY,8,A,Thursday,02:00,03:00,DBMS,Prof. Faculty 149,ME-110
5280,BE,Mechanical Engineering,LY,8,A,Thursday,03:00,04:00,Mathematics,Prof. Faculty 180,ME-184
5281,BE,Mechanical Engineering,LY,8,A,Friday,09:00,10:00,Thermodynamics,Prof. Faculty 210,ME-143
5282,BE,Mechanical Engineering,LY,8,A,Friday,10:00,11:00,Java Programming,Prof. Faculty 245,ME-306
5283,BE,Mechanical Engineering,LY,8,A,Friday,11:15,12:15,Physics,Prof. Faculty 198,ME-276
5284,BE,Mechanical Engineering,LY,8,A,Friday,12:15,01:15,Java Programming,Prof. Faculty 076,ME-188
5285,BE,Mechanical Engineering,LY,8,A,Friday,02:00,03:00,Mathematics,Prof. Faculty 067,ME-209
5286,BE,Mechanical Engineering,LY,8,A,Friday,03:00,04:00,Data Structures,Prof. Faculty 227,ME-158
5287,BE,Mechanical Engineering,LY,8,A,Saturday,09:00,10:00,AI Fundamentals,Prof. Faculty 011,ME-163
5288,BE,Mechanical Engineering,LY,8,A,Saturday,10:00,11:00,Physics,Prof. Faculty 227,ME-110
5289,BE,Mechanical Engineering,LY,8,A,Saturday,11:15,12:15,Project Lab,Prof. Faculty 003,ME-203
5290,BE,Mechanical Engineering,LY,8,A,Saturday,12:15,01:15,Cloud Computing,Prof. Faculty 250,ME-167
5291,BE,Mechanical Engineering,LY,8,A,Saturday,02:00,03:00,Digital Electronics,Prof. Faculty 201,ME-144
5292,BE,Mechanical Engineering,LY,8,A,Saturday,03:00,04:00,CAD/CAM,Prof. Faculty 119,ME-147
5293,BE,Mechanical Engineering,LY,8,B,Monday,09:00,10:00,Cyber Security,Prof. Faculty 006,ME-273
5294,BE,Mechanical Engineering,LY,8,B,Monday,10:00,11:00,Python Programming,Prof. Faculty 121,ME-122
5295,BE,Mechanical Engineering,LY,8,B,Monday,11:15,12:15,Cloud Computing,Prof. Faculty 161,ME-305
5296,BE,Mechanical Engineering,LY,8,B,Monday,12:15,01:15,Software Engineering,Prof. Faculty 144,ME-228
5297,BE,Mechanical Engineering,LY,8,B,Monday,02:00,03:00,Python Programming,Prof. Faculty 033,ME-276
5298,BE,Mechanical Engineering,LY,8,B,Monday,03:00,04:00,Cyber Security,Prof. Faculty 148,ME-112
5299,BE,Mechanical Engineering,LY,8,B,Tuesday,09:00,10:00,AI Fundamentals,Prof. Faculty 089,ME-225
5300,BE,Mechanical Engineering,LY,8,B,Tuesday,10:00,11:00,Physics,Prof. Faculty 140,ME-260
5301,BE,Mechanical Engineering,LY,8,B,Tuesday,11:15,12:15,Digital Electronics,Prof. Faculty 221,ME-117
5302,BE,Mechanical Engineering,LY,8,B,Tuesday,12:15,01:15,Java Programming,Prof. Faculty 124,ME-307
5303,BE,Mechanical Engineering,LY,8,B,Tuesday,02:00,03:00,AI Fundamentals,Prof. Faculty 119,ME-168
5304,BE,Mechanical Engineering,LY,8,B,Tuesday,03:00,04:00,AI Fundamentals,Prof. Faculty 109,ME-187
5305,BE,Mechanical Engineering,LY,8,B,Wednesday,09:00,10:00,Operating Systems,Prof. Faculty 115,ME-285
5306,BE,Mechanical Engineering,LY,8,B,Wednesday,10:00,11:00,Project Lab,Prof. Faculty 157,ME-259
5307,BE,Mechanical Engineering,LY,8,B,Wednesday,11:15,12:15,Machine Learning,Prof. Faculty 147,ME-319
5308,BE,Mechanical Engineering,LY,8,B,Wednesday,12:15,01:15,Mathematics,Prof. Faculty 140,ME-229
5309,BE,Mechanical Engineering,LY,8,B,Wednesday,02:00,03:00,Cloud Computing,Prof. Faculty 124,ME-314
5310,BE,Mechanical Engineering,LY,8,B,Wednesday,03:00,04:00,Mathematics,Prof. Faculty 064,ME-167
5311,BE,Mechanical Engineering,LY,8,B,Thursday,09:00,10:00,DBMS,Prof. Faculty 023,ME-226
5312,BE,Mechanical Engineering,LY,8,B,Thursday,10:00,11:00,Project Lab,Prof. Faculty 151,ME-298
5313,BE,Mechanical Engineering,LY,8,B,Thursday,11:15,12:15,Surveying,Prof. Faculty 165,ME-196
5314,BE,Mechanical Engineering,LY,8,B,Thursday,12:15,01:15,Project Lab,Prof. Faculty 232,ME-111
5315,BE,Mechanical Engineering,LY,8,B,Thursday,02:00,03:00,Operating Systems,Prof. Faculty 168,ME-307
5316,BE,Mechanical Engineering,LY,8,B,Thursday,03:00,04:00,Electrical Machines,Prof. Faculty 004,ME-240
5317,BE,Mechanical Engineering,LY,8,B,Friday,09:00,10:00,Surveying,Prof. Faculty 183,ME-193
5318,BE,Mechanical Engineering,LY,8,B,Friday,10:00,11:00,Java Programming,Prof. Faculty 182,ME-161
5319,BE,Mechanical Engineering,LY,8,B,Friday,11:15,12:15,Software Engineering,Prof. Faculty 223,ME-215
5320,BE,Mechanical Engineering,LY,8,B,Friday,12:15,01:15,Operating Systems,Prof. Faculty 034,ME-130
5321,BE,Mechanical Engineering,LY,8,B,Friday,02:00,03:00,Surveying,Prof. Faculty 082,ME-202
5322,BE,Mechanical Engineering,LY,8,B,Friday,03:00,04:00,Software Engineering,Prof. Faculty 195,ME-268
5323,BE,Mechanical Engineering,LY,8,B,Saturday,09:00,10:00,Digital Electronics,Prof. Faculty 110,ME-227
5324,BE,Mechanical Engineering,LY,8,B,Saturday,10:00,11:00,Java Programming,Prof. Faculty 205,ME-144
5325,BE,Mechanical Engineering,LY,8,B,Saturday,11:15,12:15,AI Fundamentals,Prof. Faculty 005,ME-281
5326,BE,Mechanical Engineering,LY,8,B,Saturday,12:15,01:15,Digital Electronics,Prof. Faculty 066,ME-172
5327,BE,Mechanical Engineering,LY,8,B,Saturday,02:00,03:00,Cloud Computing,Prof. Faculty 022,ME-224
5328,BE,Mechanical Engineering,LY,8,B,Saturday,03:00,04:00,Electrical Machines,Prof. Faculty 083,ME-108
5329,BE,Electrical Engineering,FY,1,A,Monday,09:00,10:00,Cyber Security,Prof. Faculty 011,EL-257
5330,BE,Electrical Engineering,FY,1,A,Monday,10:00,11:00,Data Structures,Prof. Faculty 153,EL-191
5331,BE,Electrical Engineering,FY,1,A,Monday,11:15,12:15,CAD/CAM,Prof. Faculty 030,EL-185
5332,BE,Electrical Engineering,FY,1,A,Monday,12:15,01:15,Electrical Machines,Prof. Faculty 185,EL-138
5333,BE,Electrical Engineering,FY,1,A,Monday,02:00,03:00,AI Fundamentals,Prof. Faculty 057,EL-124
5334,BE,Electrical Engineering,FY,1,A,Monday,03:00,04:00,Machine Learning,Prof. Faculty 190,EL-142
5335,BE,Electrical Engineering,FY,1,A,Tuesday,09:00,10:00,Cloud Computing,Prof. Faculty 083,EL-261
5336,BE,Electrical Engineering,FY,1,A,Tuesday,10:00,11:00,Web Development,Prof. Faculty 004,EL-286
5337,BE,Electrical Engineering,FY,1,A,Tuesday,11:15,12:15,Cloud Computing,Prof. Faculty 220,EL-226
5338,BE,Electrical Engineering,FY,1,A,Tuesday,12:15,01:15,Digital Electronics,Prof. Faculty 172,EL-108
5339,BE,Electrical Engineering,FY,1,A,Tuesday,02:00,03:00,Web Development,Prof. Faculty 224,EL-249
5340,BE,Electrical Engineering,FY,1,A,Tuesday,03:00,04:00,Web Development,Prof. Faculty 230,EL-241
5341,BE,Electrical Engineering,FY,1,A,Wednesday,09:00,10:00,Digital Electronics,Prof. Faculty 080,EL-207
5342,BE,Electrical Engineering,FY,1,A,Wednesday,10:00,11:00,AI Fundamentals,Prof. Faculty 016,EL-255
5343,BE,Electrical Engineering,FY,1,A,Wednesday,11:15,12:15,Mathematics,Prof. Faculty 235,EL-159
5344,BE,Electrical Engineering,FY,1,A,Wednesday,12:15,01:15,CAD/CAM,Prof. Faculty 137,EL-106
5345,BE,Electrical Engineering,FY,1,A,Wednesday,02:00,03:00,Electrical Machines,Prof. Faculty 113,EL-141
5346,BE,Electrical Engineering,FY,1,A,Wednesday,03:00,04:00,Electrical Machines,Prof. Faculty 141,EL-143
5347,BE,Electrical Engineering,FY,1,A,Thursday,09:00,10:00,CAD/CAM,Prof. Faculty 096,EL-212
5348,BE,Electrical Engineering,FY,1,A,Thursday,10:00,11:00,Digital Electronics,Prof. Faculty 197,EL-167
5349,BE,Electrical Engineering,FY,1,A,Thursday,11:15,12:15,Python Programming,Prof. Faculty 060,EL-166
5350,BE,Electrical Engineering,FY,1,A,Thursday,12:15,01:15,Web Development,Prof. Faculty 141,EL-114
5351,BE,Electrical Engineering,FY,1,A,Thursday,02:00,03:00,Mathematics,Prof. Faculty 021,EL-314
5352,BE,Electrical Engineering,FY,1,A,Thursday,03:00,04:00,Surveying,Prof. Faculty 098,EL-242
5353,BE,Electrical Engineering,FY,1,A,Friday,09:00,10:00,Machine Learning,Prof. Faculty 031,EL-161
5354,BE,Electrical Engineering,FY,1,A,Friday,10:00,11:00,Software Engineering,Prof. Faculty 203,EL-130
5355,BE,Electrical Engineering,FY,1,A,Friday,11:15,12:15,Software Engineering,Prof. Faculty 058,EL-299
5356,BE,Electrical Engineering,FY,1,A,Friday,12:15,01:15,Data Structures,Prof. Faculty 050,EL-221
5357,BE,Electrical Engineering,FY,1,A,Friday,02:00,03:00,Cyber Security,Prof. Faculty 083,EL-132
5358,BE,Electrical Engineering,FY,1,A,Friday,03:00,04:00,Software Engineering,Prof. Faculty 212,EL-152
5359,BE,Electrical Engineering,FY,1,A,Saturday,09:00,10:00,AI Fundamentals,Prof. Faculty 024,EL-172
5360,BE,Electrical Engineering,FY,1,A,Saturday,10:00,11:00,Data Structures,Prof. Faculty 012,EL-218
5361,BE,Electrical Engineering,FY,1,A,Saturday,11:15,12:15,DBMS,Prof. Faculty 124,EL-303
5362,BE,Electrical Engineering,FY,1,A,Saturday,12:15,01:15,Cloud Computing,Prof. Faculty 106,EL-190
5363,BE,Electrical Engineering,FY,1,A,Saturday,02:00,03:00,AI Fundamentals,Prof. Faculty 079,EL-116
5364,BE,Electrical Engineering,FY,1,A,Saturday,03:00,04:00,Python Programming,Prof. Faculty 032,EL-132
5365,BE,Electrical Engineering,FY,1,B,Monday,09:00,10:00,Physics,Prof. Faculty 022,EL-199
5366,BE,Electrical Engineering,FY,1,B,Monday,10:00,11:00,DBMS,Prof. Faculty 183,EL-111
5367,BE,Electrical Engineering,FY,1,B,Monday,11:15,12:15,Electrical Machines,Prof. Faculty 029,EL-161
5368,BE,Electrical Engineering,FY,1,B,Monday,12:15,01:15,Surveying,Prof. Faculty 173,EL-134
5369,BE,Electrical Engineering,FY,1,B,Monday,02:00,03:00,Mathematics,Prof. Faculty 064,EL-246
5370,BE,Electrical Engineering,FY,1,B,Monday,03:00,04:00,Mathematics,Prof. Faculty 028,EL-151
5371,BE,Electrical Engineering,FY,1,B,Tuesday,09:00,10:00,Digital Electronics,Prof. Faculty 025,EL-201
5372,BE,Electrical Engineering,FY,1,B,Tuesday,10:00,11:00,Cloud Computing,Prof. Faculty 172,EL-230
5373,BE,Electrical Engineering,FY,1,B,Tuesday,11:15,12:15,Machine Learning,Prof. Faculty 165,EL-203
5374,BE,Electrical Engineering,FY,1,B,Tuesday,12:15,01:15,Mathematics,Prof. Faculty 038,EL-155
5375,BE,Electrical Engineering,FY,1,B,Tuesday,02:00,03:00,Mathematics,Prof. Faculty 014,EL-156
5376,BE,Electrical Engineering,FY,1,B,Tuesday,03:00,04:00,Software Engineering,Prof. Faculty 184,EL-113
5377,BE,Electrical Engineering,FY,1,B,Wednesday,09:00,10:00,DBMS,Prof. Faculty 083,EL-300
5378,BE,Electrical Engineering,FY,1,B,Wednesday,10:00,11:00,CAD/CAM,Prof. Faculty 193,EL-235
5379,BE,Electrical Engineering,FY,1,B,Wednesday,11:15,12:15,AI Fundamentals,Prof. Faculty 173,EL-263
5380,BE,Electrical Engineering,FY,1,B,Wednesday,12:15,01:15,Cyber Security,Prof. Faculty 060,EL-137
5381,BE,Electrical Engineering,FY,1,B,Wednesday,02:00,03:00,Software Engineering,Prof. Faculty 225,EL-318
5382,BE,Electrical Engineering,FY,1,B,Wednesday,03:00,04:00,Cloud Computing,Prof. Faculty 044,EL-297
5383,BE,Electrical Engineering,FY,1,B,Thursday,09:00,10:00,DBMS,Prof. Faculty 237,EL-224
5384,BE,Electrical Engineering,FY,1,B,Thursday,10:00,11:00,CAD/CAM,Prof. Faculty 010,EL-292
5385,BE,Electrical Engineering,FY,1,B,Thursday,11:15,12:15,Mathematics,Prof. Faculty 154,EL-200
5386,BE,Electrical Engineering,FY,1,B,Thursday,12:15,01:15,Machine Learning,Prof. Faculty 246,EL-195
5387,BE,Electrical Engineering,FY,1,B,Thursday,02:00,03:00,Cyber Security,Prof. Faculty 157,EL-241
5388,BE,Electrical Engineering,FY,1,B,Thursday,03:00,04:00,Computer Networks,Prof. Faculty 191,EL-197
5389,BE,Electrical Engineering,FY,1,B,Friday,09:00,10:00,Machine Learning,Prof. Faculty 112,EL-198
5390,BE,Electrical Engineering,FY,1,B,Friday,10:00,11:00,DBMS,Prof. Faculty 018,EL-259
5391,BE,Electrical Engineering,FY,1,B,Friday,11:15,12:15,Data Structures,Prof. Faculty 134,EL-177
5392,BE,Electrical Engineering,FY,1,B,Friday,12:15,01:15,Software Engineering,Prof. Faculty 065,EL-225
5393,BE,Electrical Engineering,FY,1,B,Friday,02:00,03:00,Computer Networks,Prof. Faculty 041,EL-184
5394,BE,Electrical Engineering,FY,1,B,Friday,03:00,04:00,Mathematics,Prof. Faculty 211,EL-226
5395,BE,Electrical Engineering,FY,1,B,Saturday,09:00,10:00,Machine Learning,Prof. Faculty 156,EL-314
5396,BE,Electrical Engineering,FY,1,B,Saturday,10:00,11:00,Java Programming,Prof. Faculty 198,EL-229
5397,BE,Electrical Engineering,FY,1,B,Saturday,11:15,12:15,CAD/CAM,Prof. Faculty 112,EL-239
5398,BE,Electrical Engineering,FY,1,B,Saturday,12:15,01:15,Cyber Security,Prof. Faculty 066,EL-157
5399,BE,Electrical Engineering,FY,1,B,Saturday,02:00,03:00,DBMS,Prof. Faculty 219,EL-293
5400,BE,Electrical Engineering,FY,1,B,Saturday,03:00,04:00,Web Development,Prof. Faculty 059,EL-293
5401,BE,Electrical Engineering,FY,2,A,Monday,09:00,10:00,Machine Learning,Prof. Faculty 194,EL-113
5402,BE,Electrical Engineering,FY,2,A,Monday,10:00,11:00,Computer Networks,Prof. Faculty 158,EL-231
5403,BE,Electrical Engineering,FY,2,A,Monday,11:15,12:15,Data Structures,Prof. Faculty 031,EL-107
5404,BE,Electrical Engineering,FY,2,A,Monday,12:15,01:15,Data Structures,Prof. Faculty 198,EL-210
5405,BE,Electrical Engineering,FY,2,A,Monday,02:00,03:00,Mathematics,Prof. Faculty 106,EL-137
5406,BE,Electrical Engineering,FY,2,A,Monday,03:00,04:00,Software Engineering,Prof. Faculty 083,EL-308
5407,BE,Electrical Engineering,FY,2,A,Tuesday,09:00,10:00,Python Programming,Prof. Faculty 182,EL-283
5408,BE,Electrical Engineering,FY,2,A,Tuesday,10:00,11:00,Thermodynamics,Prof. Faculty 192,EL-286
5409,BE,Electrical Engineering,FY,2,A,Tuesday,11:15,12:15,Mathematics,Prof. Faculty 106,EL-268
5410,BE,Electrical Engineering,FY,2,A,Tuesday,12:15,01:15,Mathematics,Prof. Faculty 012,EL-154
5411,BE,Electrical Engineering,FY,2,A,Tuesday,02:00,03:00,Java Programming,Prof. Faculty 199,EL-277
5412,BE,Electrical Engineering,FY,2,A,Tuesday,03:00,04:00,Project Lab,Prof. Faculty 132,EL-127
5413,BE,Electrical Engineering,FY,2,A,Wednesday,09:00,10:00,Mathematics,Prof. Faculty 101,EL-301
5414,BE,Electrical Engineering,FY,2,A,Wednesday,10:00,11:00,Software Engineering,Prof. Faculty 026,EL-313
5415,BE,Electrical Engineering,FY,2,A,Wednesday,11:15,12:15,Web Development,Prof. Faculty 188,EL-243
5416,BE,Electrical Engineering,FY,2,A,Wednesday,12:15,01:15,Physics,Prof. Faculty 164,EL-314
5417,BE,Electrical Engineering,FY,2,A,Wednesday,02:00,03:00,Operating Systems,Prof. Faculty 169,EL-144
5418,BE,Electrical Engineering,FY,2,A,Wednesday,03:00,04:00,Digital Electronics,Prof. Faculty 225,EL-236
5419,BE,Electrical Engineering,FY,2,A,Thursday,09:00,10:00,Data Structures,Prof. Faculty 111,EL-174
5420,BE,Electrical Engineering,FY,2,A,Thursday,10:00,11:00,Mathematics,Prof. Faculty 145,EL-236
5421,BE,Electrical Engineering,FY,2,A,Thursday,11:15,12:15,Web Development,Prof. Faculty 175,EL-250
5422,BE,Electrical Engineering,FY,2,A,Thursday,12:15,01:15,Data Structures,Prof. Faculty 188,EL-219
5423,BE,Electrical Engineering,FY,2,A,Thursday,02:00,03:00,Electrical Machines,Prof. Faculty 050,EL-285
5424,BE,Electrical Engineering,FY,2,A,Thursday,03:00,04:00,Software Engineering,Prof. Faculty 022,EL-186
5425,BE,Electrical Engineering,FY,2,A,Friday,09:00,10:00,Electrical Machines,Prof. Faculty 189,EL-158
5426,BE,Electrical Engineering,FY,2,A,Friday,10:00,11:00,Data Structures,Prof. Faculty 100,EL-291
5427,BE,Electrical Engineering,FY,2,A,Friday,11:15,12:15,Computer Networks,Prof. Faculty 093,EL-139
5428,BE,Electrical Engineering,FY,2,A,Friday,12:15,01:15,Cloud Computing,Prof. Faculty 010,EL-213
5429,BE,Electrical Engineering,FY,2,A,Friday,02:00,03:00,Operating Systems,Prof. Faculty 020,EL-138
5430,BE,Electrical Engineering,FY,2,A,Friday,03:00,04:00,Machine Learning,Prof. Faculty 006,EL-134
5431,BE,Electrical Engineering,FY,2,A,Saturday,09:00,10:00,Digital Electronics,Prof. Faculty 250,EL-126
5432,BE,Electrical Engineering,FY,2,A,Saturday,10:00,11:00,Operating Systems,Prof. Faculty 067,EL-281
5433,BE,Electrical Engineering,FY,2,A,Saturday,11:15,12:15,Data Structures,Prof. Faculty 075,EL-140
5434,BE,Electrical Engineering,FY,2,A,Saturday,12:15,01:15,Electrical Machines,Prof. Faculty 080,EL-263
5435,BE,Electrical Engineering,FY,2,A,Saturday,02:00,03:00,Machine Learning,Prof. Faculty 212,EL-306
5436,BE,Electrical Engineering,FY,2,A,Saturday,03:00,04:00,Cloud Computing,Prof. Faculty 053,EL-302
5437,BE,Electrical Engineering,FY,2,B,Monday,09:00,10:00,Physics,Prof. Faculty 229,EL-130
5438,BE,Electrical Engineering,FY,2,B,Monday,10:00,11:00,Python Programming,Prof. Faculty 036,EL-137
5439,BE,Electrical Engineering,FY,2,B,Monday,11:15,12:15,Software Engineering,Prof. Faculty 177,EL-167
5440,BE,Electrical Engineering,FY,2,B,Monday,12:15,01:15,Digital Electronics,Prof. Faculty 166,EL-157
5441,BE,Electrical Engineering,FY,2,B,Monday,02:00,03:00,Python Programming,Prof. Faculty 093,EL-246
5442,BE,Electrical Engineering,FY,2,B,Monday,03:00,04:00,Computer Networks,Prof. Faculty 247,EL-101
5443,BE,Electrical Engineering,FY,2,B,Tuesday,09:00,10:00,Physics,Prof. Faculty 045,EL-165
5444,BE,Electrical Engineering,FY,2,B,Tuesday,10:00,11:00,Physics,Prof. Faculty 179,EL-308
5445,BE,Electrical Engineering,FY,2,B,Tuesday,11:15,12:15,Java Programming,Prof. Faculty 022,EL-142
5446,BE,Electrical Engineering,FY,2,B,Tuesday,12:15,01:15,Operating Systems,Prof. Faculty 024,EL-114
5447,BE,Electrical Engineering,FY,2,B,Tuesday,02:00,03:00,Machine Learning,Prof. Faculty 006,EL-121
5448,BE,Electrical Engineering,FY,2,B,Tuesday,03:00,04:00,Data Structures,Prof. Faculty 073,EL-176
5449,BE,Electrical Engineering,FY,2,B,Wednesday,09:00,10:00,Java Programming,Prof. Faculty 161,EL-248
5450,BE,Electrical Engineering,FY,2,B,Wednesday,10:00,11:00,Cyber Security,Prof. Faculty 003,EL-220
5451,BE,Electrical Engineering,FY,2,B,Wednesday,11:15,12:15,Java Programming,Prof. Faculty 128,EL-211
5452,BE,Electrical Engineering,FY,2,B,Wednesday,12:15,01:15,Data Structures,Prof. Faculty 105,EL-204
5453,BE,Electrical Engineering,FY,2,B,Wednesday,02:00,03:00,DBMS,Prof. Faculty 089,EL-201
5454,BE,Electrical Engineering,FY,2,B,Wednesday,03:00,04:00,Project Lab,Prof. Faculty 022,EL-115
5455,BE,Electrical Engineering,FY,2,B,Thursday,09:00,10:00,Digital Electronics,Prof. Faculty 122,EL-123
5456,BE,Electrical Engineering,FY,2,B,Thursday,10:00,11:00,CAD/CAM,Prof. Faculty 011,EL-319
5457,BE,Electrical Engineering,FY,2,B,Thursday,11:15,12:15,Python Programming,Prof. Faculty 178,EL-101
5458,BE,Electrical Engineering,FY,2,B,Thursday,12:15,01:15,Software Engineering,Prof. Faculty 131,EL-102
5459,BE,Electrical Engineering,FY,2,B,Thursday,02:00,03:00,Software Engineering,Prof. Faculty 027,EL-267
5460,BE,Electrical Engineering,FY,2,B,Thursday,03:00,04:00,Operating Systems,Prof. Faculty 172,EL-121
5461,BE,Electrical Engineering,FY,2,B,Friday,09:00,10:00,Computer Networks,Prof. Faculty 211,EL-203
5462,BE,Electrical Engineering,FY,2,B,Friday,10:00,11:00,Java Programming,Prof. Faculty 119,EL-111
5463,BE,Electrical Engineering,FY,2,B,Friday,11:15,12:15,Web Development,Prof. Faculty 094,EL-149
5464,BE,Electrical Engineering,FY,2,B,Friday,12:15,01:15,Web Development,Prof. Faculty 179,EL-208
5465,BE,Electrical Engineering,FY,2,B,Friday,02:00,03:00,Computer Networks,Prof. Faculty 196,EL-312
5466,BE,Electrical Engineering,FY,2,B,Friday,03:00,04:00,Electrical Machines,Prof. Faculty 106,EL-148
5467,BE,Electrical Engineering,FY,2,B,Saturday,09:00,10:00,Software Engineering,Prof. Faculty 083,EL-317
5468,BE,Electrical Engineering,FY,2,B,Saturday,10:00,11:00,Software Engineering,Prof. Faculty 069,EL-169
5469,BE,Electrical Engineering,FY,2,B,Saturday,11:15,12:15,CAD/CAM,Prof. Faculty 173,EL-189
5470,BE,Electrical Engineering,FY,2,B,Saturday,12:15,01:15,Thermodynamics,Prof. Faculty 072,EL-166
5471,BE,Electrical Engineering,FY,2,B,Saturday,02:00,03:00,Electrical Machines,Prof. Faculty 174,EL-180
5472,BE,Electrical Engineering,FY,2,B,Saturday,03:00,04:00,Computer Networks,Prof. Faculty 172,EL-267
5473,BE,Electrical Engineering,SY,3,A,Monday,09:00,10:00,Surveying,Prof. Faculty 177,EL-271
5474,BE,Electrical Engineering,SY,3,A,Monday,10:00,11:00,Thermodynamics,Prof. Faculty 214,EL-315
5475,BE,Electrical Engineering,SY,3,A,Monday,11:15,12:15,Computer Networks,Prof. Faculty 143,EL-196
5476,BE,Electrical Engineering,SY,3,A,Monday,12:15,01:15,Surveying,Prof. Faculty 055,EL-220
5477,BE,Electrical Engineering,SY,3,A,Monday,02:00,03:00,Cloud Computing,Prof. Faculty 165,EL-199
5478,BE,Electrical Engineering,SY,3,A,Monday,03:00,04:00,Thermodynamics,Prof. Faculty 151,EL-294
5479,BE,Electrical Engineering,SY,3,A,Tuesday,09:00,10:00,CAD/CAM,Prof. Faculty 112,EL-307
5480,BE,Electrical Engineering,SY,3,A,Tuesday,10:00,11:00,Physics,Prof. Faculty 198,EL-232
5481,BE,Electrical Engineering,SY,3,A,Tuesday,11:15,12:15,Digital Electronics,Prof. Faculty 141,EL-126
5482,BE,Electrical Engineering,SY,3,A,Tuesday,12:15,01:15,Mathematics,Prof. Faculty 143,EL-190
5483,BE,Electrical Engineering,SY,3,A,Tuesday,02:00,03:00,Software Engineering,Prof. Faculty 117,EL-283
5484,BE,Electrical Engineering,SY,3,A,Tuesday,03:00,04:00,Surveying,Prof. Faculty 058,EL-123
5485,BE,Electrical Engineering,SY,3,A,Wednesday,09:00,10:00,Web Development,Prof. Faculty 082,EL-307
5486,BE,Electrical Engineering,SY,3,A,Wednesday,10:00,11:00,Data Structures,Prof. Faculty 165,EL-176
5487,BE,Electrical Engineering,SY,3,A,Wednesday,11:15,12:15,Physics,Prof. Faculty 184,EL-227
5488,BE,Electrical Engineering,SY,3,A,Wednesday,12:15,01:15,AI Fundamentals,Prof. Faculty 094,EL-215
5489,BE,Electrical Engineering,SY,3,A,Wednesday,02:00,03:00,Machine Learning,Prof. Faculty 173,EL-243
5490,BE,Electrical Engineering,SY,3,A,Wednesday,03:00,04:00,Cloud Computing,Prof. Faculty 131,EL-121
5491,BE,Electrical Engineering,SY,3,A,Thursday,09:00,10:00,Surveying,Prof. Faculty 250,EL-312
5492,BE,Electrical Engineering,SY,3,A,Thursday,10:00,11:00,Cyber Security,Prof. Faculty 053,EL-176
5493,BE,Electrical Engineering,SY,3,A,Thursday,11:15,12:15,AI Fundamentals,Prof. Faculty 157,EL-287
5494,BE,Electrical Engineering,SY,3,A,Thursday,12:15,01:15,Digital Electronics,Prof. Faculty 232,EL-225
5495,BE,Electrical Engineering,SY,3,A,Thursday,02:00,03:00,Python Programming,Prof. Faculty 028,EL-309
5496,BE,Electrical Engineering,SY,3,A,Thursday,03:00,04:00,Web Development,Prof. Faculty 167,EL-302
5497,BE,Electrical Engineering,SY,3,A,Friday,09:00,10:00,DBMS,Prof. Faculty 010,EL-111
5498,BE,Electrical Engineering,SY,3,A,Friday,10:00,11:00,Machine Learning,Prof. Faculty 140,EL-118
5499,BE,Electrical Engineering,SY,3,A,Friday,11:15,12:15,Data Structures,Prof. Faculty 014,EL-230
5500,BE,Electrical Engineering,SY,3,A,Friday,12:15,01:15,DBMS,Prof. Faculty 054,EL-131
5501,BE,Electrical Engineering,SY,3,A,Friday,02:00,03:00,Digital Electronics,Prof. Faculty 104,EL-280
5502,BE,Electrical Engineering,SY,3,A,Friday,03:00,04:00,AI Fundamentals,Prof. Faculty 081,EL-193
5503,BE,Electrical Engineering,SY,3,A,Saturday,09:00,10:00,Computer Networks,Prof. Faculty 119,EL-209
5504,BE,Electrical Engineering,SY,3,A,Saturday,10:00,11:00,Machine Learning,Prof. Faculty 032,EL-256
5505,BE,Electrical Engineering,SY,3,A,Saturday,11:15,12:15,Thermodynamics,Prof. Faculty 186,EL-305
5506,BE,Electrical Engineering,SY,3,A,Saturday,12:15,01:15,Cyber Security,Prof. Faculty 185,EL-182
5507,BE,Electrical Engineering,SY,3,A,Saturday,02:00,03:00,Operating Systems,Prof. Faculty 141,EL-212
5508,BE,Electrical Engineering,SY,3,A,Saturday,03:00,04:00,Python Programming,Prof. Faculty 223,EL-200
5509,BE,Electrical Engineering,SY,3,B,Monday,09:00,10:00,Software Engineering,Prof. Faculty 019,EL-234
5510,BE,Electrical Engineering,SY,3,B,Monday,10:00,11:00,Project Lab,Prof. Faculty 116,EL-181
5511,BE,Electrical Engineering,SY,3,B,Monday,11:15,12:15,AI Fundamentals,Prof. Faculty 035,EL-109
5512,BE,Electrical Engineering,SY,3,B,Monday,12:15,01:15,Surveying,Prof. Faculty 155,EL-242
5513,BE,Electrical Engineering,SY,3,B,Monday,02:00,03:00,CAD/CAM,Prof. Faculty 106,EL-136
5514,BE,Electrical Engineering,SY,3,B,Monday,03:00,04:00,Cloud Computing,Prof. Faculty 210,EL-301
5515,BE,Electrical Engineering,SY,3,B,Tuesday,09:00,10:00,Surveying,Prof. Faculty 001,EL-141
5516,BE,Electrical Engineering,SY,3,B,Tuesday,10:00,11:00,AI Fundamentals,Prof. Faculty 218,EL-230
5517,BE,Electrical Engineering,SY,3,B,Tuesday,11:15,12:15,Thermodynamics,Prof. Faculty 206,EL-284
5518,BE,Electrical Engineering,SY,3,B,Tuesday,12:15,01:15,Cloud Computing,Prof. Faculty 204,EL-106
5519,BE,Electrical Engineering,SY,3,B,Tuesday,02:00,03:00,Cyber Security,Prof. Faculty 078,EL-143
5520,BE,Electrical Engineering,SY,3,B,Tuesday,03:00,04:00,CAD/CAM,Prof. Faculty 031,EL-174
5521,BE,Electrical Engineering,SY,3,B,Wednesday,09:00,10:00,Web Development,Prof. Faculty 169,EL-191
5522,BE,Electrical Engineering,SY,3,B,Wednesday,10:00,11:00,Web Development,Prof. Faculty 038,EL-129
5523,BE,Electrical Engineering,SY,3,B,Wednesday,11:15,12:15,DBMS,Prof. Faculty 064,EL-141
5524,BE,Electrical Engineering,SY,3,B,Wednesday,12:15,01:15,Cyber Security,Prof. Faculty 116,EL-277
5525,BE,Electrical Engineering,SY,3,B,Wednesday,02:00,03:00,Computer Networks,Prof. Faculty 221,EL-103
5526,BE,Electrical Engineering,SY,3,B,Wednesday,03:00,04:00,Digital Electronics,Prof. Faculty 185,EL-131
5527,BE,Electrical Engineering,SY,3,B,Thursday,09:00,10:00,Computer Networks,Prof. Faculty 218,EL-235
5528,BE,Electrical Engineering,SY,3,B,Thursday,10:00,11:00,Project Lab,Prof. Faculty 006,EL-242
5529,BE,Electrical Engineering,SY,3,B,Thursday,11:15,12:15,Surveying,Prof. Faculty 043,EL-209
5530,BE,Electrical Engineering,SY,3,B,Thursday,12:15,01:15,Machine Learning,Prof. Faculty 116,EL-291
5531,BE,Electrical Engineering,SY,3,B,Thursday,02:00,03:00,Mathematics,Prof. Faculty 171,EL-206
5532,BE,Electrical Engineering,SY,3,B,Thursday,03:00,04:00,Java Programming,Prof. Faculty 237,EL-130
5533,BE,Electrical Engineering,SY,3,B,Friday,09:00,10:00,Surveying,Prof. Faculty 191,EL-116
5534,BE,Electrical Engineering,SY,3,B,Friday,10:00,11:00,Electrical Machines,Prof. Faculty 165,EL-185
5535,BE,Electrical Engineering,SY,3,B,Friday,11:15,12:15,Web Development,Prof. Faculty 029,EL-153
5536,BE,Electrical Engineering,SY,3,B,Friday,12:15,01:15,DBMS,Prof. Faculty 208,EL-207
5537,BE,Electrical Engineering,SY,3,B,Friday,02:00,03:00,Mathematics,Prof. Faculty 093,EL-111
5538,BE,Electrical Engineering,SY,3,B,Friday,03:00,04:00,AI Fundamentals,Prof. Faculty 194,EL-236
5539,BE,Electrical Engineering,SY,3,B,Saturday,09:00,10:00,Electrical Machines,Prof. Faculty 020,EL-102
5540,BE,Electrical Engineering,SY,3,B,Saturday,10:00,11:00,Electrical Machines,Prof. Faculty 051,EL-137
5541,BE,Electrical Engineering,SY,3,B,Saturday,11:15,12:15,DBMS,Prof. Faculty 132,EL-129
5542,BE,Electrical Engineering,SY,3,B,Saturday,12:15,01:15,Web Development,Prof. Faculty 098,EL-236
5543,BE,Electrical Engineering,SY,3,B,Saturday,02:00,03:00,Software Engineering,Prof. Faculty 076,EL-284
5544,BE,Electrical Engineering,SY,3,B,Saturday,03:00,04:00,Machine Learning,Prof. Faculty 157,EL-125
5545,BE,Electrical Engineering,SY,4,A,Monday,09:00,10:00,Software Engineering,Prof. Faculty 126,EL-231
5546,BE,Electrical Engineering,SY,4,A,Monday,10:00,11:00,Surveying,Prof. Faculty 125,EL-320
5547,BE,Electrical Engineering,SY,4,A,Monday,11:15,12:15,Web Development,Prof. Faculty 185,EL-142
5548,BE,Electrical Engineering,SY,4,A,Monday,12:15,01:15,Cyber Security,Prof. Faculty 101,EL-203
5549,BE,Electrical Engineering,SY,4,A,Monday,02:00,03:00,Software Engineering,Prof. Faculty 174,EL-306
5550,BE,Electrical Engineering,SY,4,A,Monday,03:00,04:00,Cloud Computing,Prof. Faculty 148,EL-308
5551,BE,Electrical Engineering,SY,4,A,Tuesday,09:00,10:00,CAD/CAM,Prof. Faculty 223,EL-131
5552,BE,Electrical Engineering,SY,4,A,Tuesday,10:00,11:00,Python Programming,Prof. Faculty 189,EL-296
5553,BE,Electrical Engineering,SY,4,A,Tuesday,11:15,12:15,Machine Learning,Prof. Faculty 206,EL-302
5554,BE,Electrical Engineering,SY,4,A,Tuesday,12:15,01:15,Surveying,Prof. Faculty 093,EL-185
5555,BE,Electrical Engineering,SY,4,A,Tuesday,02:00,03:00,Data Structures,Prof. Faculty 222,EL-195
5556,BE,Electrical Engineering,SY,4,A,Tuesday,03:00,04:00,Operating Systems,Prof. Faculty 173,EL-117
5557,BE,Electrical Engineering,SY,4,A,Wednesday,09:00,10:00,AI Fundamentals,Prof. Faculty 023,EL-121
5558,BE,Electrical Engineering,SY,4,A,Wednesday,10:00,11:00,Surveying,Prof. Faculty 155,EL-224
5559,BE,Electrical Engineering,SY,4,A,Wednesday,11:15,12:15,CAD/CAM,Prof. Faculty 089,EL-147
5560,BE,Electrical Engineering,SY,4,A,Wednesday,12:15,01:15,Cyber Security,Prof. Faculty 038,EL-239
5561,BE,Electrical Engineering,SY,4,A,Wednesday,02:00,03:00,Machine Learning,Prof. Faculty 205,EL-282
5562,BE,Electrical Engineering,SY,4,A,Wednesday,03:00,04:00,Web Development,Prof. Faculty 140,EL-212
5563,BE,Electrical Engineering,SY,4,A,Thursday,09:00,10:00,Mathematics,Prof. Faculty 031,EL-109
5564,BE,Electrical Engineering,SY,4,A,Thursday,10:00,11:00,Data Structures,Prof. Faculty 071,EL-108
5565,BE,Electrical Engineering,SY,4,A,Thursday,11:15,12:15,Digital Electronics,Prof. Faculty 035,EL-242
5566,BE,Electrical Engineering,SY,4,A,Thursday,12:15,01:15,Operating Systems,Prof. Faculty 211,EL-258
5567,BE,Electrical Engineering,SY,4,A,Thursday,02:00,03:00,Data Structures,Prof. Faculty 164,EL-279
5568,BE,Electrical Engineering,SY,4,A,Thursday,03:00,04:00,CAD/CAM,Prof. Faculty 146,EL-298
5569,BE,Electrical Engineering,SY,4,A,Friday,09:00,10:00,Mathematics,Prof. Faculty 077,EL-195
5570,BE,Electrical Engineering,SY,4,A,Friday,10:00,11:00,Software Engineering,Prof. Faculty 240,EL-164
5571,BE,Electrical Engineering,SY,4,A,Friday,11:15,12:15,Operating Systems,Prof. Faculty 016,EL-282
5572,BE,Electrical Engineering,SY,4,A,Friday,12:15,01:15,Data Structures,Prof. Faculty 080,EL-283
5573,BE,Electrical Engineering,SY,4,A,Friday,02:00,03:00,CAD/CAM,Prof. Faculty 191,EL-219
5574,BE,Electrical Engineering,SY,4,A,Friday,03:00,04:00,AI Fundamentals,Prof. Faculty 009,EL-314
5575,BE,Electrical Engineering,SY,4,A,Saturday,09:00,10:00,Computer Networks,Prof. Faculty 161,EL-109
5576,BE,Electrical Engineering,SY,4,A,Saturday,10:00,11:00,Data Structures,Prof. Faculty 180,EL-309
5577,BE,Electrical Engineering,SY,4,A,Saturday,11:15,12:15,Python Programming,Prof. Faculty 199,EL-311
5578,BE,Electrical Engineering,SY,4,A,Saturday,12:15,01:15,Web Development,Prof. Faculty 117,EL-296
5579,BE,Electrical Engineering,SY,4,A,Saturday,02:00,03:00,Mathematics,Prof. Faculty 227,EL-164
5580,BE,Electrical Engineering,SY,4,A,Saturday,03:00,04:00,Operating Systems,Prof. Faculty 190,EL-192
5581,BE,Electrical Engineering,SY,4,B,Monday,09:00,10:00,Java Programming,Prof. Faculty 063,EL-104
5582,BE,Electrical Engineering,SY,4,B,Monday,10:00,11:00,Electrical Machines,Prof. Faculty 175,EL-188
5583,BE,Electrical Engineering,SY,4,B,Monday,11:15,12:15,Project Lab,Prof. Faculty 024,EL-306
5584,BE,Electrical Engineering,SY,4,B,Monday,12:15,01:15,DBMS,Prof. Faculty 149,EL-179
5585,BE,Electrical Engineering,SY,4,B,Monday,02:00,03:00,CAD/CAM,Prof. Faculty 249,EL-235
5586,BE,Electrical Engineering,SY,4,B,Monday,03:00,04:00,Cyber Security,Prof. Faculty 201,EL-222
5587,BE,Electrical Engineering,SY,4,B,Tuesday,09:00,10:00,DBMS,Prof. Faculty 039,EL-265
5588,BE,Electrical Engineering,SY,4,B,Tuesday,10:00,11:00,AI Fundamentals,Prof. Faculty 129,EL-114
5589,BE,Electrical Engineering,SY,4,B,Tuesday,11:15,12:15,Operating Systems,Prof. Faculty 188,EL-310
5590,BE,Electrical Engineering,SY,4,B,Tuesday,12:15,01:15,AI Fundamentals,Prof. Faculty 080,EL-110
5591,BE,Electrical Engineering,SY,4,B,Tuesday,02:00,03:00,Software Engineering,Prof. Faculty 177,EL-163
5592,BE,Electrical Engineering,SY,4,B,Tuesday,03:00,04:00,Java Programming,Prof. Faculty 043,EL-275
5593,BE,Electrical Engineering,SY,4,B,Wednesday,09:00,10:00,Data Structures,Prof. Faculty 034,EL-313
5594,BE,Electrical Engineering,SY,4,B,Wednesday,10:00,11:00,Python Programming,Prof. Faculty 064,EL-276
5595,BE,Electrical Engineering,SY,4,B,Wednesday,11:15,12:15,Java Programming,Prof. Faculty 142,EL-237
5596,BE,Electrical Engineering,SY,4,B,Wednesday,12:15,01:15,Physics,Prof. Faculty 180,EL-300
5597,BE,Electrical Engineering,SY,4,B,Wednesday,02:00,03:00,DBMS,Prof. Faculty 048,EL-273
5598,BE,Electrical Engineering,SY,4,B,Wednesday,03:00,04:00,Java Programming,Prof. Faculty 192,EL-234
5599,BE,Electrical Engineering,SY,4,B,Thursday,09:00,10:00,Operating Systems,Prof. Faculty 189,EL-320
5600,BE,Electrical Engineering,SY,4,B,Thursday,10:00,11:00,Java Programming,Prof. Faculty 129,EL-319
5601,BE,Electrical Engineering,SY,4,B,Thursday,11:15,12:15,Machine Learning,Prof. Faculty 250,EL-276
5602,BE,Electrical Engineering,SY,4,B,Thursday,12:15,01:15,Cyber Security,Prof. Faculty 245,EL-276
5603,BE,Electrical Engineering,SY,4,B,Thursday,02:00,03:00,Mathematics,Prof. Faculty 070,EL-172
5604,BE,Electrical Engineering,SY,4,B,Thursday,03:00,04:00,Thermodynamics,Prof. Faculty 007,EL-305
5605,BE,Electrical Engineering,SY,4,B,Friday,09:00,10:00,Project Lab,Prof. Faculty 003,EL-303
5606,BE,Electrical Engineering,SY,4,B,Friday,10:00,11:00,Electrical Machines,Prof. Faculty 111,EL-149
5607,BE,Electrical Engineering,SY,4,B,Friday,11:15,12:15,Thermodynamics,Prof. Faculty 056,EL-115
5608,BE,Electrical Engineering,SY,4,B,Friday,12:15,01:15,Software Engineering,Prof. Faculty 064,EL-201
5609,BE,Electrical Engineering,SY,4,B,Friday,02:00,03:00,Python Programming,Prof. Faculty 243,EL-311
5610,BE,Electrical Engineering,SY,4,B,Friday,03:00,04:00,DBMS,Prof. Faculty 019,EL-205
5611,BE,Electrical Engineering,SY,4,B,Saturday,09:00,10:00,Machine Learning,Prof. Faculty 073,EL-291
5612,BE,Electrical Engineering,SY,4,B,Saturday,10:00,11:00,DBMS,Prof. Faculty 208,EL-150
5613,BE,Electrical Engineering,SY,4,B,Saturday,11:15,12:15,Computer Networks,Prof. Faculty 162,EL-262
5614,BE,Electrical Engineering,SY,4,B,Saturday,12:15,01:15,Digital Electronics,Prof. Faculty 061,EL-261
5615,BE,Electrical Engineering,SY,4,B,Saturday,02:00,03:00,Digital Electronics,Prof. Faculty 210,EL-217
5616,BE,Electrical Engineering,SY,4,B,Saturday,03:00,04:00,Software Engineering,Prof. Faculty 223,EL-284
5617,BE,Electrical Engineering,TY,5,A,Monday,09:00,10:00,CAD/CAM,Prof. Faculty 226,EL-295
5618,BE,Electrical Engineering,TY,5,A,Monday,10:00,11:00,Thermodynamics,Prof. Faculty 029,EL-305
5619,BE,Electrical Engineering,TY,5,A,Monday,11:15,12:15,Web Development,Prof. Faculty 033,EL-279
5620,BE,Electrical Engineering,TY,5,A,Monday,12:15,01:15,Python Programming,Prof. Faculty 033,EL-118
5621,BE,Electrical Engineering,TY,5,A,Monday,02:00,03:00,Project Lab,Prof. Faculty 054,EL-309
5622,BE,Electrical Engineering,TY,5,A,Monday,03:00,04:00,Digital Electronics,Prof. Faculty 231,EL-268
5623,BE,Electrical Engineering,TY,5,A,Tuesday,09:00,10:00,Surveying,Prof. Faculty 038,EL-224
5624,BE,Electrical Engineering,TY,5,A,Tuesday,10:00,11:00,Surveying,Prof. Faculty 234,EL-116
5625,BE,Electrical Engineering,TY,5,A,Tuesday,11:15,12:15,Python Programming,Prof. Faculty 145,EL-135
5626,BE,Electrical Engineering,TY,5,A,Tuesday,12:15,01:15,Operating Systems,Prof. Faculty 177,EL-206
5627,BE,Electrical Engineering,TY,5,A,Tuesday,02:00,03:00,Web Development,Prof. Faculty 087,EL-285
5628,BE,Electrical Engineering,TY,5,A,Tuesday,03:00,04:00,Surveying,Prof. Faculty 140,EL-176
5629,BE,Electrical Engineering,TY,5,A,Wednesday,09:00,10:00,Java Programming,Prof. Faculty 151,EL-130
5630,BE,Electrical Engineering,TY,5,A,Wednesday,10:00,11:00,Surveying,Prof. Faculty 109,EL-284
5631,BE,Electrical Engineering,TY,5,A,Wednesday,11:15,12:15,Cyber Security,Prof. Faculty 061,EL-152
5632,BE,Electrical Engineering,TY,5,A,Wednesday,12:15,01:15,Computer Networks,Prof. Faculty 193,EL-290
5633,BE,Electrical Engineering,TY,5,A,Wednesday,02:00,03:00,Operating Systems,Prof. Faculty 221,EL-247
5634,BE,Electrical Engineering,TY,5,A,Wednesday,03:00,04:00,DBMS,Prof. Faculty 141,EL-191
5635,BE,Electrical Engineering,TY,5,A,Thursday,09:00,10:00,Cyber Security,Prof. Faculty 152,EL-289
5636,BE,Electrical Engineering,TY,5,A,Thursday,10:00,11:00,Data Structures,Prof. Faculty 191,EL-154
5637,BE,Electrical Engineering,TY,5,A,Thursday,11:15,12:15,Physics,Prof. Faculty 036,EL-113
5638,BE,Electrical Engineering,TY,5,A,Thursday,12:15,01:15,Data Structures,Prof. Faculty 035,EL-259
5639,BE,Electrical Engineering,TY,5,A,Thursday,02:00,03:00,Electrical Machines,Prof. Faculty 152,EL-199
5640,BE,Electrical Engineering,TY,5,A,Thursday,03:00,04:00,Project Lab,Prof. Faculty 101,EL-163
5641,BE,Electrical Engineering,TY,5,A,Friday,09:00,10:00,Web Development,Prof. Faculty 079,EL-200
5642,BE,Electrical Engineering,TY,5,A,Friday,10:00,11:00,Operating Systems,Prof. Faculty 071,EL-271
5643,BE,Electrical Engineering,TY,5,A,Friday,11:15,12:15,Electrical Machines,Prof. Faculty 081,EL-135
5644,BE,Electrical Engineering,TY,5,A,Friday,12:15,01:15,AI Fundamentals,Prof. Faculty 207,EL-316
5645,BE,Electrical Engineering,TY,5,A,Friday,02:00,03:00,Thermodynamics,Prof. Faculty 064,EL-202
5646,BE,Electrical Engineering,TY,5,A,Friday,03:00,04:00,Web Development,Prof. Faculty 096,EL-173
5647,BE,Electrical Engineering,TY,5,A,Saturday,09:00,10:00,Cloud Computing,Prof. Faculty 081,EL-174
5648,BE,Electrical Engineering,TY,5,A,Saturday,10:00,11:00,Project Lab,Prof. Faculty 154,EL-199
5649,BE,Electrical Engineering,TY,5,A,Saturday,11:15,12:15,Thermodynamics,Prof. Faculty 018,EL-300
5650,BE,Electrical Engineering,TY,5,A,Saturday,12:15,01:15,Project Lab,Prof. Faculty 054,EL-239
5651,BE,Electrical Engineering,TY,5,A,Saturday,02:00,03:00,Project Lab,Prof. Faculty 232,EL-162
5652,BE,Electrical Engineering,TY,5,A,Saturday,03:00,04:00,Mathematics,Prof. Faculty 162,EL-231
5653,BE,Electrical Engineering,TY,5,B,Monday,09:00,10:00,Operating Systems,Prof. Faculty 230,EL-319
5654,BE,Electrical Engineering,TY,5,B,Monday,10:00,11:00,Surveying,Prof. Faculty 091,EL-240
5655,BE,Electrical Engineering,TY,5,B,Monday,11:15,12:15,CAD/CAM,Prof. Faculty 188,EL-158
5656,BE,Electrical Engineering,TY,5,B,Monday,12:15,01:15,CAD/CAM,Prof. Faculty 250,EL-268
5657,BE,Electrical Engineering,TY,5,B,Monday,02:00,03:00,CAD/CAM,Prof. Faculty 027,EL-291
5658,BE,Electrical Engineering,TY,5,B,Monday,03:00,04:00,Operating Systems,Prof. Faculty 113,EL-271
5659,BE,Electrical Engineering,TY,5,B,Tuesday,09:00,10:00,Surveying,Prof. Faculty 012,EL-253
5660,BE,Electrical Engineering,TY,5,B,Tuesday,10:00,11:00,Digital Electronics,Prof. Faculty 148,EL-236
5661,BE,Electrical Engineering,TY,5,B,Tuesday,11:15,12:15,Software Engineering,Prof. Faculty 214,EL-319
5662,BE,Electrical Engineering,TY,5,B,Tuesday,12:15,01:15,Python Programming,Prof. Faculty 232,EL-115
5663,BE,Electrical Engineering,TY,5,B,Tuesday,02:00,03:00,Thermodynamics,Prof. Faculty 077,EL-241
5664,BE,Electrical Engineering,TY,5,B,Tuesday,03:00,04:00,Surveying,Prof. Faculty 244,EL-195
5665,BE,Electrical Engineering,TY,5,B,Wednesday,09:00,10:00,Project Lab,Prof. Faculty 229,EL-245
5666,BE,Electrical Engineering,TY,5,B,Wednesday,10:00,11:00,Project Lab,Prof. Faculty 200,EL-278
5667,BE,Electrical Engineering,TY,5,B,Wednesday,11:15,12:15,Cyber Security,Prof. Faculty 187,EL-211
5668,BE,Electrical Engineering,TY,5,B,Wednesday,12:15,01:15,Computer Networks,Prof. Faculty 084,EL-317
5669,BE,Electrical Engineering,TY,5,B,Wednesday,02:00,03:00,Cyber Security,Prof. Faculty 219,EL-276
5670,BE,Electrical Engineering,TY,5,B,Wednesday,03:00,04:00,AI Fundamentals,Prof. Faculty 113,EL-201
5671,BE,Electrical Engineering,TY,5,B,Thursday,09:00,10:00,Mathematics,Prof. Faculty 118,EL-102
5672,BE,Electrical Engineering,TY,5,B,Thursday,10:00,11:00,Digital Electronics,Prof. Faculty 054,EL-242
5673,BE,Electrical Engineering,TY,5,B,Thursday,11:15,12:15,Python Programming,Prof. Faculty 068,EL-111
5674,BE,Electrical Engineering,TY,5,B,Thursday,12:15,01:15,Electrical Machines,Prof. Faculty 018,EL-107
5675,BE,Electrical Engineering,TY,5,B,Thursday,02:00,03:00,DBMS,Prof. Faculty 218,EL-131
5676,BE,Electrical Engineering,TY,5,B,Thursday,03:00,04:00,CAD/CAM,Prof. Faculty 153,EL-213
5677,BE,Electrical Engineering,TY,5,B,Friday,09:00,10:00,Web Development,Prof. Faculty 166,EL-301
5678,BE,Electrical Engineering,TY,5,B,Friday,10:00,11:00,Web Development,Prof. Faculty 198,EL-207
5679,BE,Electrical Engineering,TY,5,B,Friday,11:15,12:15,Project Lab,Prof. Faculty 165,EL-314
5680,BE,Electrical Engineering,TY,5,B,Friday,12:15,01:15,Project Lab,Prof. Faculty 167,EL-299
5681,BE,Electrical Engineering,TY,5,B,Friday,02:00,03:00,Operating Systems,Prof. Faculty 145,EL-287
5682,BE,Electrical Engineering,TY,5,B,Friday,03:00,04:00,Surveying,Prof. Faculty 132,EL-311
5683,BE,Electrical Engineering,TY,5,B,Saturday,09:00,10:00,DBMS,Prof. Faculty 195,EL-211
5684,BE,Electrical Engineering,TY,5,B,Saturday,10:00,11:00,Software Engineering,Prof. Faculty 154,EL-230
5685,BE,Electrical Engineering,TY,5,B,Saturday,11:15,12:15,Cyber Security,Prof. Faculty 247,EL-320
5686,BE,Electrical Engineering,TY,5,B,Saturday,12:15,01:15,Software Engineering,Prof. Faculty 049,EL-229
5687,BE,Electrical Engineering,TY,5,B,Saturday,02:00,03:00,Python Programming,Prof. Faculty 173,EL-196
5688,BE,Electrical Engineering,TY,5,B,Saturday,03:00,04:00,Mathematics,Prof. Faculty 101,EL-205
5689,BE,Electrical Engineering,TY,6,A,Monday,09:00,10:00,Machine Learning,Prof. Faculty 052,EL-133
5690,BE,Electrical Engineering,TY,6,A,Monday,10:00,11:00,Electrical Machines,Prof. Faculty 175,EL-216
5691,BE,Electrical Engineering,TY,6,A,Monday,11:15,12:15,Cyber Security,Prof. Faculty 161,EL-150
5692,BE,Electrical Engineering,TY,6,A,Monday,12:15,01:15,Computer Networks,Prof. Faculty 151,EL-131
5693,BE,Electrical Engineering,TY,6,A,Monday,02:00,03:00,Mathematics,Prof. Faculty 056,EL-144
5694,BE,Electrical Engineering,TY,6,A,Monday,03:00,04:00,Computer Networks,Prof. Faculty 064,EL-238
5695,BE,Electrical Engineering,TY,6,A,Tuesday,09:00,10:00,Thermodynamics,Prof. Faculty 092,EL-132
5696,BE,Electrical Engineering,TY,6,A,Tuesday,10:00,11:00,Machine Learning,Prof. Faculty 202,EL-246
5697,BE,Electrical Engineering,TY,6,A,Tuesday,11:15,12:15,Cloud Computing,Prof. Faculty 103,EL-175
5698,BE,Electrical Engineering,TY,6,A,Tuesday,12:15,01:15,Cyber Security,Prof. Faculty 127,EL-151
5699,BE,Electrical Engineering,TY,6,A,Tuesday,02:00,03:00,CAD/CAM,Prof. Faculty 127,EL-238
5700,BE,Electrical Engineering,TY,6,A,Tuesday,03:00,04:00,Java Programming,Prof. Faculty 239,EL-198
5701,BE,Electrical Engineering,TY,6,A,Wednesday,09:00,10:00,Web Development,Prof. Faculty 041,EL-217
5702,BE,Electrical Engineering,TY,6,A,Wednesday,10:00,11:00,Machine Learning,Prof. Faculty 193,EL-194
5703,BE,Electrical Engineering,TY,6,A,Wednesday,11:15,12:15,Cloud Computing,Prof. Faculty 113,EL-232
5704,BE,Electrical Engineering,TY,6,A,Wednesday,12:15,01:15,Operating Systems,Prof. Faculty 094,EL-314
5705,BE,Electrical Engineering,TY,6,A,Wednesday,02:00,03:00,Physics,Prof. Faculty 122,EL-165
5706,BE,Electrical Engineering,TY,6,A,Wednesday,03:00,04:00,Computer Networks,Prof. Faculty 044,EL-222
5707,BE,Electrical Engineering,TY,6,A,Thursday,09:00,10:00,Python Programming,Prof. Faculty 155,EL-243
5708,BE,Electrical Engineering,TY,6,A,Thursday,10:00,11:00,Cyber Security,Prof. Faculty 114,EL-173
5709,BE,Electrical Engineering,TY,6,A,Thursday,11:15,12:15,Project Lab,Prof. Faculty 077,EL-106
5710,BE,Electrical Engineering,TY,6,A,Thursday,12:15,01:15,CAD/CAM,Prof. Faculty 216,EL-215
5711,BE,Electrical Engineering,TY,6,A,Thursday,02:00,03:00,CAD/CAM,Prof. Faculty 126,EL-103
5712,BE,Electrical Engineering,TY,6,A,Thursday,03:00,04:00,Web Development,Prof. Faculty 105,EL-248
5713,BE,Electrical Engineering,TY,6,A,Friday,09:00,10:00,Thermodynamics,Prof. Faculty 098,EL-253
5714,BE,Electrical Engineering,TY,6,A,Friday,10:00,11:00,Data Structures,Prof. Faculty 119,EL-123
5715,BE,Electrical Engineering,TY,6,A,Friday,11:15,12:15,Surveying,Prof. Faculty 208,EL-307
5716,BE,Electrical Engineering,TY,6,A,Friday,12:15,01:15,Project Lab,Prof. Faculty 107,EL-160
5717,BE,Electrical Engineering,TY,6,A,Friday,02:00,03:00,Cloud Computing,Prof. Faculty 072,EL-249
5718,BE,Electrical Engineering,TY,6,A,Friday,03:00,04:00,Python Programming,Prof. Faculty 249,EL-244
5719,BE,Electrical Engineering,TY,6,A,Saturday,09:00,10:00,Electrical Machines,Prof. Faculty 159,EL-309
5720,BE,Electrical Engineering,TY,6,A,Saturday,10:00,11:00,Software Engineering,Prof. Faculty 225,EL-317
5721,BE,Electrical Engineering,TY,6,A,Saturday,11:15,12:15,Web Development,Prof. Faculty 220,EL-272
5722,BE,Electrical Engineering,TY,6,A,Saturday,12:15,01:15,Mathematics,Prof. Faculty 074,EL-128
5723,BE,Electrical Engineering,TY,6,A,Saturday,02:00,03:00,Electrical Machines,Prof. Faculty 107,EL-312
5724,BE,Electrical Engineering,TY,6,A,Saturday,03:00,04:00,Java Programming,Prof. Faculty 056,EL-221
5725,BE,Electrical Engineering,TY,6,B,Monday,09:00,10:00,Project Lab,Prof. Faculty 111,EL-261
5726,BE,Electrical Engineering,TY,6,B,Monday,10:00,11:00,Physics,Prof. Faculty 106,EL-258
5727,BE,Electrical Engineering,TY,6,B,Monday,11:15,12:15,Web Development,Prof. Faculty 059,EL-301
5728,BE,Electrical Engineering,TY,6,B,Monday,12:15,01:15,Operating Systems,Prof. Faculty 136,EL-206
5729,BE,Electrical Engineering,TY,6,B,Monday,02:00,03:00,CAD/CAM,Prof. Faculty 110,EL-204
5730,BE,Electrical Engineering,TY,6,B,Monday,03:00,04:00,Data Structures,Prof. Faculty 244,EL-222
5731,BE,Electrical Engineering,TY,6,B,Tuesday,09:00,10:00,Physics,Prof. Faculty 141,EL-227
5732,BE,Electrical Engineering,TY,6,B,Tuesday,10:00,11:00,Software Engineering,Prof. Faculty 221,EL-269
5733,BE,Electrical Engineering,TY,6,B,Tuesday,11:15,12:15,Cloud Computing,Prof. Faculty 070,EL-303
5734,BE,Electrical Engineering,TY,6,B,Tuesday,12:15,01:15,Cloud Computing,Prof. Faculty 079,EL-130
5735,BE,Electrical Engineering,TY,6,B,Tuesday,02:00,03:00,Python Programming,Prof. Faculty 170,EL-102
5736,BE,Electrical Engineering,TY,6,B,Tuesday,03:00,04:00,Data Structures,Prof. Faculty 166,EL-277
5737,BE,Electrical Engineering,TY,6,B,Wednesday,09:00,10:00,Machine Learning,Prof. Faculty 017,EL-150
5738,BE,Electrical Engineering,TY,6,B,Wednesday,10:00,11:00,Operating Systems,Prof. Faculty 076,EL-270
5739,BE,Electrical Engineering,TY,6,B,Wednesday,11:15,12:15,Python Programming,Prof. Faculty 138,EL-109
5740,BE,Electrical Engineering,TY,6,B,Wednesday,12:15,01:15,Thermodynamics,Prof. Faculty 047,EL-278
5741,BE,Electrical Engineering,TY,6,B,Wednesday,02:00,03:00,Computer Networks,Prof. Faculty 142,EL-314
5742,BE,Electrical Engineering,TY,6,B,Wednesday,03:00,04:00,Mathematics,Prof. Faculty 192,EL-319
5743,BE,Electrical Engineering,TY,6,B,Thursday,09:00,10:00,Cyber Security,Prof. Faculty 050,EL-147
5744,BE,Electrical Engineering,TY,6,B,Thursday,10:00,11:00,Mathematics,Prof. Faculty 046,EL-115
5745,BE,Electrical Engineering,TY,6,B,Thursday,11:15,12:15,Cloud Computing,Prof. Faculty 039,EL-120
5746,BE,Electrical Engineering,TY,6,B,Thursday,12:15,01:15,CAD/CAM,Prof. Faculty 124,EL-284
5747,BE,Electrical Engineering,TY,6,B,Thursday,02:00,03:00,Surveying,Prof. Faculty 084,EL-196
5748,BE,Electrical Engineering,TY,6,B,Thursday,03:00,04:00,Computer Networks,Prof. Faculty 193,EL-204
5749,BE,Electrical Engineering,TY,6,B,Friday,09:00,10:00,Web Development,Prof. Faculty 019,EL-223
5750,BE,Electrical Engineering,TY,6,B,Friday,10:00,11:00,Surveying,Prof. Faculty 044,EL-264
5751,BE,Electrical Engineering,TY,6,B,Friday,11:15,12:15,Surveying,Prof. Faculty 068,EL-265
5752,BE,Electrical Engineering,TY,6,B,Friday,12:15,01:15,Digital Electronics,Prof. Faculty 092,EL-231
5753,BE,Electrical Engineering,TY,6,B,Friday,02:00,03:00,Mathematics,Prof. Faculty 057,EL-119
5754,BE,Electrical Engineering,TY,6,B,Friday,03:00,04:00,Software Engineering,Prof. Faculty 048,EL-246
5755,BE,Electrical Engineering,TY,6,B,Saturday,09:00,10:00,CAD/CAM,Prof. Faculty 010,EL-187
5756,BE,Electrical Engineering,TY,6,B,Saturday,10:00,11:00,Digital Electronics,Prof. Faculty 014,EL-153
5757,BE,Electrical Engineering,TY,6,B,Saturday,11:15,12:15,Software Engineering,Prof. Faculty 214,EL-115
5758,BE,Electrical Engineering,TY,6,B,Saturday,12:15,01:15,Python Programming,Prof. Faculty 135,EL-303
5759,BE,Electrical Engineering,TY,6,B,Saturday,02:00,03:00,Cloud Computing,Prof. Faculty 118,EL-282
5760,BE,Electrical Engineering,TY,6,B,Saturday,03:00,04:00,Project Lab,Prof. Faculty 109,EL-151
5761,BE,Electrical Engineering,LY,7,A,Monday,09:00,10:00,CAD/CAM,Prof. Faculty 031,EL-160
5762,BE,Electrical Engineering,LY,7,A,Monday,10:00,11:00,Electrical Machines,Prof. Faculty 037,EL-255
5763,BE,Electrical Engineering,LY,7,A,Monday,11:15,12:15,Cloud Computing,Prof. Faculty 113,EL-132
5764,BE,Electrical Engineering,LY,7,A,Monday,12:15,01:15,AI Fundamentals,Prof. Faculty 224,EL-177
5765,BE,Electrical Engineering,LY,7,A,Monday,02:00,03:00,Project Lab,Prof. Faculty 116,EL-298
5766,BE,Electrical Engineering,LY,7,A,Monday,03:00,04:00,Python Programming,Prof. Faculty 033,EL-147
5767,BE,Electrical Engineering,LY,7,A,Tuesday,09:00,10:00,CAD/CAM,Prof. Faculty 042,EL-256
5768,BE,Electrical Engineering,LY,7,A,Tuesday,10:00,11:00,Physics,Prof. Faculty 031,EL-148
5769,BE,Electrical Engineering,LY,7,A,Tuesday,11:15,12:15,Machine Learning,Prof. Faculty 057,EL-147
5770,BE,Electrical Engineering,LY,7,A,Tuesday,12:15,01:15,Mathematics,Prof. Faculty 086,EL-141
5771,BE,Electrical Engineering,LY,7,A,Tuesday,02:00,03:00,CAD/CAM,Prof. Faculty 204,EL-167
5772,BE,Electrical Engineering,LY,7,A,Tuesday,03:00,04:00,Cloud Computing,Prof. Faculty 135,EL-181
5773,BE,Electrical Engineering,LY,7,A,Wednesday,09:00,10:00,Thermodynamics,Prof. Faculty 090,EL-279
5774,BE,Electrical Engineering,LY,7,A,Wednesday,10:00,11:00,CAD/CAM,Prof. Faculty 003,EL-242
5775,BE,Electrical Engineering,LY,7,A,Wednesday,11:15,12:15,Electrical Machines,Prof. Faculty 022,EL-205
5776,BE,Electrical Engineering,LY,7,A,Wednesday,12:15,01:15,Computer Networks,Prof. Faculty 235,EL-247
5777,BE,Electrical Engineering,LY,7,A,Wednesday,02:00,03:00,Python Programming,Prof. Faculty 178,EL-164
5778,BE,Electrical Engineering,LY,7,A,Wednesday,03:00,04:00,DBMS,Prof. Faculty 009,EL-108
5779,BE,Electrical Engineering,LY,7,A,Thursday,09:00,10:00,Cyber Security,Prof. Faculty 054,EL-192
5780,BE,Electrical Engineering,LY,7,A,Thursday,10:00,11:00,Physics,Prof. Faculty 074,EL-291
5781,BE,Electrical Engineering,LY,7,A,Thursday,11:15,12:15,Surveying,Prof. Faculty 022,EL-133
5782,BE,Electrical Engineering,LY,7,A,Thursday,12:15,01:15,DBMS,Prof. Faculty 053,EL-261
5783,BE,Electrical Engineering,LY,7,A,Thursday,02:00,03:00,Thermodynamics,Prof. Faculty 242,EL-298
5784,BE,Electrical Engineering,LY,7,A,Thursday,03:00,04:00,Operating Systems,Prof. Faculty 155,EL-301
5785,BE,Electrical Engineering,LY,7,A,Friday,09:00,10:00,AI Fundamentals,Prof. Faculty 004,EL-121
5786,BE,Electrical Engineering,LY,7,A,Friday,10:00,11:00,Physics,Prof. Faculty 219,EL-162
5787,BE,Electrical Engineering,LY,7,A,Friday,11:15,12:15,Thermodynamics,Prof. Faculty 136,EL-198
5788,BE,Electrical Engineering,LY,7,A,Friday,12:15,01:15,CAD/CAM,Prof. Faculty 078,EL-231
5789,BE,Electrical Engineering,LY,7,A,Friday,02:00,03:00,Machine Learning,Prof. Faculty 109,EL-224
5790,BE,Electrical Engineering,LY,7,A,Friday,03:00,04:00,Physics,Prof. Faculty 111,EL-303
5791,BE,Electrical Engineering,LY,7,A,Saturday,09:00,10:00,Mathematics,Prof. Faculty 172,EL-284
5792,BE,Electrical Engineering,LY,7,A,Saturday,10:00,11:00,Project Lab,Prof. Faculty 131,EL-276
5793,BE,Electrical Engineering,LY,7,A,Saturday,11:15,12:15,Data Structures,Prof. Faculty 161,EL-186
5794,BE,Electrical Engineering,LY,7,A,Saturday,12:15,01:15,AI Fundamentals,Prof. Faculty 025,EL-252
5795,BE,Electrical Engineering,LY,7,A,Saturday,02:00,03:00,Operating Systems,Prof. Faculty 084,EL-215
5796,BE,Electrical Engineering,LY,7,A,Saturday,03:00,04:00,DBMS,Prof. Faculty 147,EL-209
5797,BE,Electrical Engineering,LY,7,B,Monday,09:00,10:00,Mathematics,Prof. Faculty 085,EL-220
5798,BE,Electrical Engineering,LY,7,B,Monday,10:00,11:00,Digital Electronics,Prof. Faculty 019,EL-120
5799,BE,Electrical Engineering,LY,7,B,Monday,11:15,12:15,Python Programming,Prof. Faculty 230,EL-263
5800,BE,Electrical Engineering,LY,7,B,Monday,12:15,01:15,Operating Systems,Prof. Faculty 172,EL-137
5801,BE,Electrical Engineering,LY,7,B,Monday,02:00,03:00,Machine Learning,Prof. Faculty 187,EL-234
5802,BE,Electrical Engineering,LY,7,B,Monday,03:00,04:00,Project Lab,Prof. Faculty 112,EL-131
5803,BE,Electrical Engineering,LY,7,B,Tuesday,09:00,10:00,Web Development,Prof. Faculty 192,EL-176
5804,BE,Electrical Engineering,LY,7,B,Tuesday,10:00,11:00,CAD/CAM,Prof. Faculty 019,EL-112
5805,BE,Electrical Engineering,LY,7,B,Tuesday,11:15,12:15,Software Engineering,Prof. Faculty 083,EL-240
5806,BE,Electrical Engineering,LY,7,B,Tuesday,12:15,01:15,Mathematics,Prof. Faculty 113,EL-127
5807,BE,Electrical Engineering,LY,7,B,Tuesday,02:00,03:00,Thermodynamics,Prof. Faculty 231,EL-298
5808,BE,Electrical Engineering,LY,7,B,Tuesday,03:00,04:00,Surveying,Prof. Faculty 029,EL-126
5809,BE,Electrical Engineering,LY,7,B,Wednesday,09:00,10:00,Python Programming,Prof. Faculty 156,EL-308
5810,BE,Electrical Engineering,LY,7,B,Wednesday,10:00,11:00,Electrical Machines,Prof. Faculty 079,EL-121
5811,BE,Electrical Engineering,LY,7,B,Wednesday,11:15,12:15,Cloud Computing,Prof. Faculty 145,EL-180
5812,BE,Electrical Engineering,LY,7,B,Wednesday,12:15,01:15,Computer Networks,Prof. Faculty 230,EL-163
5813,BE,Electrical Engineering,LY,7,B,Wednesday,02:00,03:00,Python Programming,Prof. Faculty 084,EL-116
5814,BE,Electrical Engineering,LY,7,B,Wednesday,03:00,04:00,Cyber Security,Prof. Faculty 203,EL-239
5815,BE,Electrical Engineering,LY,7,B,Thursday,09:00,10:00,DBMS,Prof. Faculty 028,EL-165
5816,BE,Electrical Engineering,LY,7,B,Thursday,10:00,11:00,Digital Electronics,Prof. Faculty 194,EL-279
5817,BE,Electrical Engineering,LY,7,B,Thursday,11:15,12:15,Electrical Machines,Prof. Faculty 228,EL-275
5818,BE,Electrical Engineering,LY,7,B,Thursday,12:15,01:15,Python Programming,Prof. Faculty 247,EL-316
5819,BE,Electrical Engineering,LY,7,B,Thursday,02:00,03:00,Cyber Security,Prof. Faculty 067,EL-249
5820,BE,Electrical Engineering,LY,7,B,Thursday,03:00,04:00,Computer Networks,Prof. Faculty 039,EL-166
5821,BE,Electrical Engineering,LY,7,B,Friday,09:00,10:00,Software Engineering,Prof. Faculty 171,EL-261
5822,BE,Electrical Engineering,LY,7,B,Friday,10:00,11:00,Machine Learning,Prof. Faculty 044,EL-198
5823,BE,Electrical Engineering,LY,7,B,Friday,11:15,12:15,Project Lab,Prof. Faculty 041,EL-253
5824,BE,Electrical Engineering,LY,7,B,Friday,12:15,01:15,Operating Systems,Prof. Faculty 030,EL-127
5825,BE,Electrical Engineering,LY,7,B,Friday,02:00,03:00,AI Fundamentals,Prof. Faculty 030,EL-126
5826,BE,Electrical Engineering,LY,7,B,Friday,03:00,04:00,Data Structures,Prof. Faculty 146,EL-139
5827,BE,Electrical Engineering,LY,7,B,Saturday,09:00,10:00,Physics,Prof. Faculty 203,EL-297
5828,BE,Electrical Engineering,LY,7,B,Saturday,10:00,11:00,Data Structures,Prof. Faculty 151,EL-292
5829,BE,Electrical Engineering,LY,7,B,Saturday,11:15,12:15,Computer Networks,Prof. Faculty 185,EL-285
5830,BE,Electrical Engineering,LY,7,B,Saturday,12:15,01:15,Data Structures,Prof. Faculty 126,EL-227
5831,BE,Electrical Engineering,LY,7,B,Saturday,02:00,03:00,Project Lab,Prof. Faculty 099,EL-315
5832,BE,Electrical Engineering,LY,7,B,Saturday,03:00,04:00,Web Development,Prof. Faculty 051,EL-108
5833,BE,Electrical Engineering,LY,8,A,Monday,09:00,10:00,Electrical Machines,Prof. Faculty 247,EL-140
5834,BE,Electrical Engineering,LY,8,A,Monday,10:00,11:00,Data Structures,Prof. Faculty 038,EL-249
5835,BE,Electrical Engineering,LY,8,A,Monday,11:15,12:15,CAD/CAM,Prof. Faculty 027,EL-101
5836,BE,Electrical Engineering,LY,8,A,Monday,12:15,01:15,Operating Systems,Prof. Faculty 020,EL-195
5837,BE,Electrical Engineering,LY,8,A,Monday,02:00,03:00,Java Programming,Prof. Faculty 195,EL-286
5838,BE,Electrical Engineering,LY,8,A,Monday,03:00,04:00,Python Programming,Prof. Faculty 239,EL-298
5839,BE,Electrical Engineering,LY,8,A,Tuesday,09:00,10:00,DBMS,Prof. Faculty 091,EL-177
5840,BE,Electrical Engineering,LY,8,A,Tuesday,10:00,11:00,Python Programming,Prof. Faculty 169,EL-105
5841,BE,Electrical Engineering,LY,8,A,Tuesday,11:15,12:15,Project Lab,Prof. Faculty 124,EL-116
5842,BE,Electrical Engineering,LY,8,A,Tuesday,12:15,01:15,Operating Systems,Prof. Faculty 093,EL-255
5843,BE,Electrical Engineering,LY,8,A,Tuesday,02:00,03:00,Project Lab,Prof. Faculty 170,EL-298
5844,BE,Electrical Engineering,LY,8,A,Tuesday,03:00,04:00,Python Programming,Prof. Faculty 138,EL-297
5845,BE,Electrical Engineering,LY,8,A,Wednesday,09:00,10:00,Operating Systems,Prof. Faculty 137,EL-226
5846,BE,Electrical Engineering,LY,8,A,Wednesday,10:00,11:00,Cloud Computing,Prof. Faculty 186,EL-138
5847,BE,Electrical Engineering,LY,8,A,Wednesday,11:15,12:15,Software Engineering,Prof. Faculty 167,EL-203
5848,BE,Electrical Engineering,LY,8,A,Wednesday,12:15,01:15,Physics,Prof. Faculty 024,EL-250
5849,BE,Electrical Engineering,LY,8,A,Wednesday,02:00,03:00,AI Fundamentals,Prof. Faculty 206,EL-127
5850,BE,Electrical Engineering,LY,8,A,Wednesday,03:00,04:00,Python Programming,Prof. Faculty 157,EL-214
5851,BE,Electrical Engineering,LY,8,A,Thursday,09:00,10:00,Computer Networks,Prof. Faculty 249,EL-159
5852,BE,Electrical Engineering,LY,8,A,Thursday,10:00,11:00,Project Lab,Prof. Faculty 237,EL-157
5853,BE,Electrical Engineering,LY,8,A,Thursday,11:15,12:15,Java Programming,Prof. Faculty 061,EL-181
5854,BE,Electrical Engineering,LY,8,A,Thursday,12:15,01:15,Cyber Security,Prof. Faculty 201,EL-303
5855,BE,Electrical Engineering,LY,8,A,Thursday,02:00,03:00,Software Engineering,Prof. Faculty 242,EL-166
5856,BE,Electrical Engineering,LY,8,A,Thursday,03:00,04:00,AI Fundamentals,Prof. Faculty 165,EL-301
5857,BE,Electrical Engineering,LY,8,A,Friday,09:00,10:00,Electrical Machines,Prof. Faculty 249,EL-270
5858,BE,Electrical Engineering,LY,8,A,Friday,10:00,11:00,Data Structures,Prof. Faculty 194,EL-245
5859,BE,Electrical Engineering,LY,8,A,Friday,11:15,12:15,Project Lab,Prof. Faculty 218,EL-260
5860,BE,Electrical Engineering,LY,8,A,Friday,12:15,01:15,Project Lab,Prof. Faculty 121,EL-257
5861,BE,Electrical Engineering,LY,8,A,Friday,02:00,03:00,Cloud Computing,Prof. Faculty 135,EL-245
5862,BE,Electrical Engineering,LY,8,A,Friday,03:00,04:00,Computer Networks,Prof. Faculty 109,EL-284
5863,BE,Electrical Engineering,LY,8,A,Saturday,09:00,10:00,Data Structures,Prof. Faculty 172,EL-226
5864,BE,Electrical Engineering,LY,8,A,Saturday,10:00,11:00,Surveying,Prof. Faculty 204,EL-256
5865,BE,Electrical Engineering,LY,8,A,Saturday,11:15,12:15,Digital Electronics,Prof. Faculty 215,EL-156
5866,BE,Electrical Engineering,LY,8,A,Saturday,12:15,01:15,Electrical Machines,Prof. Faculty 240,EL-302
5867,BE,Electrical Engineering,LY,8,A,Saturday,02:00,03:00,Software Engineering,Prof. Faculty 206,EL-160
5868,BE,Electrical Engineering,LY,8,A,Saturday,03:00,04:00,Digital Electronics,Prof. Faculty 205,EL-161
5869,BE,Electrical Engineering,LY,8,B,Monday,09:00,10:00,Java Programming,Prof. Faculty 219,EL-240
5870,BE,Electrical Engineering,LY,8,B,Monday,10:00,11:00,CAD/CAM,Prof. Faculty 010,EL-269
5871,BE,Electrical Engineering,LY,8,B,Monday,11:15,12:15,Thermodynamics,Prof. Faculty 029,EL-161
5872,BE,Electrical Engineering,LY,8,B,Monday,12:15,01:15,Python Programming,Prof. Faculty 075,EL-279
5873,BE,Electrical Engineering,LY,8,B,Monday,02:00,03:00,Cloud Computing,Prof. Faculty 012,EL-303
5874,BE,Electrical Engineering,LY,8,B,Monday,03:00,04:00,Machine Learning,Prof. Faculty 123,EL-276
5875,BE,Electrical Engineering,LY,8,B,Tuesday,09:00,10:00,Software Engineering,Prof. Faculty 125,EL-302
5876,BE,Electrical Engineering,LY,8,B,Tuesday,10:00,11:00,Thermodynamics,Prof. Faculty 080,EL-207
5877,BE,Electrical Engineering,LY,8,B,Tuesday,11:15,12:15,Surveying,Prof. Faculty 120,EL-260
5878,BE,Electrical Engineering,LY,8,B,Tuesday,12:15,01:15,DBMS,Prof. Faculty 250,EL-213
5879,BE,Electrical Engineering,LY,8,B,Tuesday,02:00,03:00,Software Engineering,Prof. Faculty 229,EL-299
5880,BE,Electrical Engineering,LY,8,B,Tuesday,03:00,04:00,Electrical Machines,Prof. Faculty 020,EL-115
5881,BE,Electrical Engineering,LY,8,B,Wednesday,09:00,10:00,Cloud Computing,Prof. Faculty 100,EL-265
5882,BE,Electrical Engineering,LY,8,B,Wednesday,10:00,11:00,Computer Networks,Prof. Faculty 239,EL-135
5883,BE,Electrical Engineering,LY,8,B,Wednesday,11:15,12:15,Computer Networks,Prof. Faculty 034,EL-177
5884,BE,Electrical Engineering,LY,8,B,Wednesday,12:15,01:15,Mathematics,Prof. Faculty 133,EL-231
5885,BE,Electrical Engineering,LY,8,B,Wednesday,02:00,03:00,Thermodynamics,Prof. Faculty 218,EL-245
5886,BE,Electrical Engineering,LY,8,B,Wednesday,03:00,04:00,Electrical Machines,Prof. Faculty 001,EL-182
5887,BE,Electrical Engineering,LY,8,B,Thursday,09:00,10:00,Physics,Prof. Faculty 027,EL-210
5888,BE,Electrical Engineering,LY,8,B,Thursday,10:00,11:00,Electrical Machines,Prof. Faculty 127,EL-285
5889,BE,Electrical Engineering,LY,8,B,Thursday,11:15,12:15,Project Lab,Prof. Faculty 046,EL-291
5890,BE,Electrical Engineering,LY,8,B,Thursday,12:15,01:15,Operating Systems,Prof. Faculty 132,EL-248
5891,BE,Electrical Engineering,LY,8,B,Thursday,02:00,03:00,Software Engineering,Prof. Faculty 210,EL-172
5892,BE,Electrical Engineering,LY,8,B,Thursday,03:00,04:00,Digital Electronics,Prof. Faculty 082,EL-103
5893,BE,Electrical Engineering,LY,8,B,Friday,09:00,10:00,CAD/CAM,Prof. Faculty 127,EL-241
5894,BE,Electrical Engineering,LY,8,B,Friday,10:00,11:00,Thermodynamics,Prof. Faculty 175,EL-202
5895,BE,Electrical Engineering,LY,8,B,Friday,11:15,12:15,Computer Networks,Prof. Faculty 196,EL-234
5896,BE,Electrical Engineering,LY,8,B,Friday,12:15,01:15,Digital Electronics,Prof. Faculty 171,EL-112
5897,BE,Electrical Engineering,LY,8,B,Friday,02:00,03:00,AI Fundamentals,Prof. Faculty 019,EL-155
5898,BE,Electrical Engineering,LY,8,B,Friday,03:00,04:00,Digital Electronics,Prof. Faculty 034,EL-175
5899,BE,Electrical Engineering,LY,8,B,Saturday,09:00,10:00,Data Structures,Prof. Faculty 115,EL-142
5900,BE,Electrical Engineering,LY,8,B,Saturday,10:00,11:00,Mathematics,Prof. Faculty 121,EL-225
5901,BE,Electrical Engineering,LY,8,B,Saturday,11:15,12:15,Digital Electronics,Prof. Faculty 014,EL-126
5902,BE,Electrical Engineering,LY,8,B,Saturday,12:15,01:15,Computer Networks,Prof. Faculty 038,EL-302
5903,BE,Electrical Engineering,LY,8,B,Saturday,02:00,03:00,AI Fundamentals,Prof. Faculty 203,EL-249
5904,BE,Electrical Engineering,LY,8,B,Saturday,03:00,04:00,Mathematics,Prof. Faculty 126,EL-108
5905,BE,Electronics & Communication,FY,1,A,Monday,09:00,10:00,Python Programming,Prof. Faculty 146,EL-260
5906,BE,Electronics & Communication,FY,1,A,Monday,10:00,11:00,Python Programming,Prof. Faculty 135,EL-224
5907,BE,Electronics & Communication,FY,1,A,Monday,11:15,12:15,Python Programming,Prof. Faculty 184,EL-135
5908,BE,Electronics & Communication,FY,1,A,Monday,12:15,01:15,Operating Systems,Prof. Faculty 189,EL-235
5909,BE,Electronics & Communication,FY,1,A,Monday,02:00,03:00,DBMS,Prof. Faculty 044,EL-117
5910,BE,Electronics & Communication,FY,1,A,Monday,03:00,04:00,Data Structures,Prof. Faculty 129,EL-200
5911,BE,Electronics & Communication,FY,1,A,Tuesday,09:00,10:00,Cyber Security,Prof. Faculty 036,EL-218
5912,BE,Electronics & Communication,FY,1,A,Tuesday,10:00,11:00,Computer Networks,Prof. Faculty 166,EL-221
5913,BE,Electronics & Communication,FY,1,A,Tuesday,11:15,12:15,Cyber Security,Prof. Faculty 195,EL-207
5914,BE,Electronics & Communication,FY,1,A,Tuesday,12:15,01:15,Operating Systems,Prof. Faculty 215,EL-258
5915,BE,Electronics & Communication,FY,1,A,Tuesday,02:00,03:00,AI Fundamentals,Prof. Faculty 044,EL-270
5916,BE,Electronics & Communication,FY,1,A,Tuesday,03:00,04:00,Java Programming,Prof. Faculty 161,EL-200
5917,BE,Electronics & Communication,FY,1,A,Wednesday,09:00,10:00,AI Fundamentals,Prof. Faculty 100,EL-138
5918,BE,Electronics & Communication,FY,1,A,Wednesday,10:00,11:00,CAD/CAM,Prof. Faculty 032,EL-232
5919,BE,Electronics & Communication,FY,1,A,Wednesday,11:15,12:15,Software Engineering,Prof. Faculty 250,EL-117
5920,BE,Electronics & Communication,FY,1,A,Wednesday,12:15,01:15,Python Programming,Prof. Faculty 015,EL-177
5921,BE,Electronics & Communication,FY,1,A,Wednesday,02:00,03:00,Digital Electronics,Prof. Faculty 026,EL-315
5922,BE,Electronics & Communication,FY,1,A,Wednesday,03:00,04:00,Data Structures,Prof. Faculty 090,EL-263
5923,BE,Electronics & Communication,FY,1,A,Thursday,09:00,10:00,Data Structures,Prof. Faculty 232,EL-247
5924,BE,Electronics & Communication,FY,1,A,Thursday,10:00,11:00,CAD/CAM,Prof. Faculty 094,EL-199
5925,BE,Electronics & Communication,FY,1,A,Thursday,11:15,12:15,Java Programming,Prof. Faculty 007,EL-214
5926,BE,Electronics & Communication,FY,1,A,Thursday,12:15,01:15,Digital Electronics,Prof. Faculty 068,EL-309
5927,BE,Electronics & Communication,FY,1,A,Thursday,02:00,03:00,Software Engineering,Prof. Faculty 174,EL-307
5928,BE,Electronics & Communication,FY,1,A,Thursday,03:00,04:00,Web Development,Prof. Faculty 184,EL-260
5929,BE,Electronics & Communication,FY,1,A,Friday,09:00,10:00,Physics,Prof. Faculty 066,EL-315
5930,BE,Electronics & Communication,FY,1,A,Friday,10:00,11:00,Software Engineering,Prof. Faculty 237,EL-115
5931,BE,Electronics & Communication,FY,1,A,Friday,11:15,12:15,DBMS,Prof. Faculty 093,EL-171
5932,BE,Electronics & Communication,FY,1,A,Friday,12:15,01:15,Cloud Computing,Prof. Faculty 040,EL-101
5933,BE,Electronics & Communication,FY,1,A,Friday,02:00,03:00,Electrical Machines,Prof. Faculty 180,EL-200
5934,BE,Electronics & Communication,FY,1,A,Friday,03:00,04:00,Web Development,Prof. Faculty 204,EL-284
5935,BE,Electronics & Communication,FY,1,A,Saturday,09:00,10:00,Computer Networks,Prof. Faculty 111,EL-171
5936,BE,Electronics & Communication,FY,1,A,Saturday,10:00,11:00,Physics,Prof. Faculty 174,EL-253
5937,BE,Electronics & Communication,FY,1,A,Saturday,11:15,12:15,Software Engineering,Prof. Faculty 019,EL-262
5938,BE,Electronics & Communication,FY,1,A,Saturday,12:15,01:15,Digital Electronics,Prof. Faculty 086,EL-151
5939,BE,Electronics & Communication,FY,1,A,Saturday,02:00,03:00,Mathematics,Prof. Faculty 081,EL-176
5940,BE,Electronics & Communication,FY,1,A,Saturday,03:00,04:00,DBMS,Prof. Faculty 250,EL-314
5941,BE,Electronics & Communication,FY,1,B,Monday,09:00,10:00,Electrical Machines,Prof. Faculty 074,EL-170
5942,BE,Electronics & Communication,FY,1,B,Monday,10:00,11:00,DBMS,Prof. Faculty 211,EL-140
5943,BE,Electronics & Communication,FY,1,B,Monday,11:15,12:15,Electrical Machines,Prof. Faculty 080,EL-243
5944,BE,Electronics & Communication,FY,1,B,Monday,12:15,01:15,Digital Electronics,Prof. Faculty 211,EL-114
5945,BE,Electronics & Communication,FY,1,B,Monday,02:00,03:00,CAD/CAM,Prof. Faculty 160,EL-284
5946,BE,Electronics & Communication,FY,1,B,Monday,03:00,04:00,Surveying,Prof. Faculty 233,EL-233
5947,BE,Electronics & Communication,FY,1,B,Tuesday,09:00,10:00,Mathematics,Prof. Faculty 008,EL-262
5948,BE,Electronics & Communication,FY,1,B,Tuesday,10:00,11:00,Operating Systems,Prof. Faculty 093,EL-246
5949,BE,Electronics & Communication,FY,1,B,Tuesday,11:15,12:15,Physics,Prof. Faculty 199,EL-231
5950,BE,Electronics & Communication,FY,1,B,Tuesday,12:15,01:15,CAD/CAM,Prof. Faculty 066,EL-294
5951,BE,Electronics & Communication,FY,1,B,Tuesday,02:00,03:00,Cloud Computing,Prof. Faculty 013,EL-240
5952,BE,Electronics & Communication,FY,1,B,Tuesday,03:00,04:00,DBMS,Prof. Faculty 249,EL-262
5953,BE,Electronics & Communication,FY,1,B,Wednesday,09:00,10:00,Thermodynamics,Prof. Faculty 244,EL-265
5954,BE,Electronics & Communication,FY,1,B,Wednesday,10:00,11:00,Project Lab,Prof. Faculty 078,EL-195
5955,BE,Electronics & Communication,FY,1,B,Wednesday,11:15,12:15,Data Structures,Prof. Faculty 087,EL-236
5956,BE,Electronics & Communication,FY,1,B,Wednesday,12:15,01:15,Machine Learning,Prof. Faculty 057,EL-267
5957,BE,Electronics & Communication,FY,1,B,Wednesday,02:00,03:00,Electrical Machines,Prof. Faculty 240,EL-304
5958,BE,Electronics & Communication,FY,1,B,Wednesday,03:00,04:00,Data Structures,Prof. Faculty 135,EL-119
5959,BE,Electronics & Communication,FY,1,B,Thursday,09:00,10:00,Machine Learning,Prof. Faculty 236,EL-104
5960,BE,Electronics & Communication,FY,1,B,Thursday,10:00,11:00,Surveying,Prof. Faculty 095,EL-165
5961,BE,Electronics & Communication,FY,1,B,Thursday,11:15,12:15,Software Engineering,Prof. Faculty 089,EL-181
5962,BE,Electronics & Communication,FY,1,B,Thursday,12:15,01:15,AI Fundamentals,Prof. Faculty 029,EL-232
5963,BE,Electronics & Communication,FY,1,B,Thursday,02:00,03:00,Mathematics,Prof. Faculty 213,EL-261
5964,BE,Electronics & Communication,FY,1,B,Thursday,03:00,04:00,Thermodynamics,Prof. Faculty 064,EL-288
5965,BE,Electronics & Communication,FY,1,B,Friday,09:00,10:00,Data Structures,Prof. Faculty 063,EL-120
5966,BE,Electronics & Communication,FY,1,B,Friday,10:00,11:00,Surveying,Prof. Faculty 235,EL-248
5967,BE,Electronics & Communication,FY,1,B,Friday,11:15,12:15,Software Engineering,Prof. Faculty 250,EL-211
5968,BE,Electronics & Communication,FY,1,B,Friday,12:15,01:15,Thermodynamics,Prof. Faculty 120,EL-262
5969,BE,Electronics & Communication,FY,1,B,Friday,02:00,03:00,Python Programming,Prof. Faculty 033,EL-140
5970,BE,Electronics & Communication,FY,1,B,Friday,03:00,04:00,Computer Networks,Prof. Faculty 132,EL-167
5971,BE,Electronics & Communication,FY,1,B,Saturday,09:00,10:00,Surveying,Prof. Faculty 122,EL-295
5972,BE,Electronics & Communication,FY,1,B,Saturday,10:00,11:00,Machine Learning,Prof. Faculty 159,EL-209
5973,BE,Electronics & Communication,FY,1,B,Saturday,11:15,12:15,Physics,Prof. Faculty 228,EL-232
5974,BE,Electronics & Communication,FY,1,B,Saturday,12:15,01:15,Operating Systems,Prof. Faculty 034,EL-200
5975,BE,Electronics & Communication,FY,1,B,Saturday,02:00,03:00,Software Engineering,Prof. Faculty 226,EL-208
5976,BE,Electronics & Communication,FY,1,B,Saturday,03:00,04:00,AI Fundamentals,Prof. Faculty 161,EL-280
5977,BE,Electronics & Communication,FY,2,A,Monday,09:00,10:00,Java Programming,Prof. Faculty 172,EL-234
5978,BE,Electronics & Communication,FY,2,A,Monday,10:00,11:00,Surveying,Prof. Faculty 121,EL-114
5979,BE,Electronics & Communication,FY,2,A,Monday,11:15,12:15,Electrical Machines,Prof. Faculty 028,EL-133
5980,BE,Electronics & Communication,FY,2,A,Monday,12:15,01:15,Operating Systems,Prof. Faculty 169,EL-108
5981,BE,Electronics & Communication,FY,2,A,Monday,02:00,03:00,Mathematics,Prof. Faculty 115,EL-287
5982,BE,Electronics & Communication,FY,2,A,Monday,03:00,04:00,Mathematics,Prof. Faculty 083,EL-106
5983,BE,Electronics & Communication,FY,2,A,Tuesday,09:00,10:00,Digital Electronics,Prof. Faculty 140,EL-273
5984,BE,Electronics & Communication,FY,2,A,Tuesday,10:00,11:00,Computer Networks,Prof. Faculty 071,EL-191
5985,BE,Electronics & Communication,FY,2,A,Tuesday,11:15,12:15,Project Lab,Prof. Faculty 151,EL-297
5986,BE,Electronics & Communication,FY,2,A,Tuesday,12:15,01:15,Cyber Security,Prof. Faculty 064,EL-291
5987,BE,Electronics & Communication,FY,2,A,Tuesday,02:00,03:00,Cyber Security,Prof. Faculty 091,EL-163
5988,BE,Electronics & Communication,FY,2,A,Tuesday,03:00,04:00,Digital Electronics,Prof. Faculty 155,EL-158
5989,BE,Electronics & Communication,FY,2,A,Wednesday,09:00,10:00,Operating Systems,Prof. Faculty 136,EL-310
5990,BE,Electronics & Communication,FY,2,A,Wednesday,10:00,11:00,Python Programming,Prof. Faculty 126,EL-317
5991,BE,Electronics & Communication,FY,2,A,Wednesday,11:15,12:15,Mathematics,Prof. Faculty 005,EL-320
5992,BE,Electronics & Communication,FY,2,A,Wednesday,12:15,01:15,Project Lab,Prof. Faculty 245,EL-297
5993,BE,Electronics & Communication,FY,2,A,Wednesday,02:00,03:00,Operating Systems,Prof. Faculty 164,EL-202
5994,BE,Electronics & Communication,FY,2,A,Wednesday,03:00,04:00,Physics,Prof. Faculty 033,EL-159
5995,BE,Electronics & Communication,FY,2,A,Thursday,09:00,10:00,Software Engineering,Prof. Faculty 055,EL-179
5996,BE,Electronics & Communication,FY,2,A,Thursday,10:00,11:00,Operating Systems,Prof. Faculty 062,EL-218
5997,BE,Electronics & Communication,FY,2,A,Thursday,11:15,12:15,Surveying,Prof. Faculty 136,EL-154
5998,BE,Electronics & Communication,FY,2,A,Thursday,12:15,01:15,Physics,Prof. Faculty 034,EL-127
5999,BE,Electronics & Communication,FY,2,A,Thursday,02:00,03:00,Java Programming,Prof. Faculty 102,EL-261
6000,BE,Electronics & Communication,FY,2,A,Thursday,03:00,04:00,Mathematics,Prof. Faculty 084,EL-278
6001,BE,Electronics & Communication,FY,2,A,Friday,09:00,10:00,Software Engineering,Prof. Faculty 189,EL-159
6002,BE,Electronics & Communication,FY,2,A,Friday,10:00,11:00,Machine Learning,Prof. Faculty 224,EL-186
6003,BE,Electronics & Communication,FY,2,A,Friday,11:15,12:15,Mathematics,Prof. Faculty 097,EL-144
6004,BE,Electronics & Communication,FY,2,A,Friday,12:15,01:15,Web Development,Prof. Faculty 044,EL-273
6005,BE,Electronics & Communication,FY,2,A,Friday,02:00,03:00,Thermodynamics,Prof. Faculty 039,EL-272
6006,BE,Electronics & Communication,FY,2,A,Friday,03:00,04:00,Physics,Prof. Faculty 153,EL-194
6007,BE,Electronics & Communication,FY,2,A,Saturday,09:00,10:00,Data Structures,Prof. Faculty 069,EL-111
6008,BE,Electronics & Communication,FY,2,A,Saturday,10:00,11:00,Surveying,Prof. Faculty 246,EL-298
6009,BE,Electronics & Communication,FY,2,A,Saturday,11:15,12:15,CAD/CAM,Prof. Faculty 010,EL-227
6010,BE,Electronics & Communication,FY,2,A,Saturday,12:15,01:15,Mathematics,Prof. Faculty 127,EL-304
6011,BE,Electronics & Communication,FY,2,A,Saturday,02:00,03:00,Machine Learning,Prof. Faculty 250,EL-224
6012,BE,Electronics & Communication,FY,2,A,Saturday,03:00,04:00,Software Engineering,Prof. Faculty 044,EL-266
6013,BE,Electronics & Communication,FY,2,B,Monday,09:00,10:00,Thermodynamics,Prof. Faculty 098,EL-165
6014,BE,Electronics & Communication,FY,2,B,Monday,10:00,11:00,Mathematics,Prof. Faculty 159,EL-263
6015,BE,Electronics & Communication,FY,2,B,Monday,11:15,12:15,Digital Electronics,Prof. Faculty 191,EL-290
6016,BE,Electronics & Communication,FY,2,B,Monday,12:15,01:15,Machine Learning,Prof. Faculty 085,EL-133
6017,BE,Electronics & Communication,FY,2,B,Monday,02:00,03:00,Python Programming,Prof. Faculty 005,EL-293
6018,BE,Electronics & Communication,FY,2,B,Monday,03:00,04:00,Machine Learning,Prof. Faculty 183,EL-293
6019,BE,Electronics & Communication,FY,2,B,Tuesday,09:00,10:00,Electrical Machines,Prof. Faculty 134,EL-117
6020,BE,Electronics & Communication,FY,2,B,Tuesday,10:00,11:00,Machine Learning,Prof. Faculty 076,EL-291
6021,BE,Electronics & Communication,FY,2,B,Tuesday,11:15,12:15,Thermodynamics,Prof. Faculty 108,EL-135
6022,BE,Electronics & Communication,FY,2,B,Tuesday,12:15,01:15,DBMS,Prof. Faculty 131,EL-266
6023,BE,Electronics & Communication,FY,2,B,Tuesday,02:00,03:00,DBMS,Prof. Faculty 032,EL-109
6024,BE,Electronics & Communication,FY,2,B,Tuesday,03:00,04:00,Web Development,Prof. Faculty 237,EL-240
6025,BE,Electronics & Communication,FY,2,B,Wednesday,09:00,10:00,Python Programming,Prof. Faculty 082,EL-198
6026,BE,Electronics & Communication,FY,2,B,Wednesday,10:00,11:00,DBMS,Prof. Faculty 154,EL-222
6027,BE,Electronics & Communication,FY,2,B,Wednesday,11:15,12:15,Operating Systems,Prof. Faculty 228,EL-183
6028,BE,Electronics & Communication,FY,2,B,Wednesday,12:15,01:15,Software Engineering,Prof. Faculty 193,EL-142
6029,BE,Electronics & Communication,FY,2,B,Wednesday,02:00,03:00,Data Structures,Prof. Faculty 110,EL-306
6030,BE,Electronics & Communication,FY,2,B,Wednesday,03:00,04:00,Data Structures,Prof. Faculty 064,EL-161
6031,BE,Electronics & Communication,FY,2,B,Thursday,09:00,10:00,Cyber Security,Prof. Faculty 229,EL-265
6032,BE,Electronics & Communication,FY,2,B,Thursday,10:00,11:00,Software Engineering,Prof. Faculty 100,EL-320
6033,BE,Electronics & Communication,FY,2,B,Thursday,11:15,12:15,Web Development,Prof. Faculty 156,EL-180
6034,BE,Electronics & Communication,FY,2,B,Thursday,12:15,01:15,Data Structures,Prof. Faculty 160,EL-229
6035,BE,Electronics & Communication,FY,2,B,Thursday,02:00,03:00,CAD/CAM,Prof. Faculty 240,EL-123
6036,BE,Electronics & Communication,FY,2,B,Thursday,03:00,04:00,Thermodynamics,Prof. Faculty 191,EL-268
6037,BE,Electronics & Communication,FY,2,B,Friday,09:00,10:00,Physics,Prof. Faculty 027,EL-222
6038,BE,Electronics & Communication,FY,2,B,Friday,10:00,11:00,Web Development,Prof. Faculty 027,EL-276
6039,BE,Electronics & Communication,FY,2,B,Friday,11:15,12:15,Python Programming,Prof. Faculty 172,EL-210
6040,BE,Electronics & Communication,FY,2,B,Friday,12:15,01:15,Digital Electronics,Prof. Faculty 095,EL-267
6041,BE,Electronics & Communication,FY,2,B,Friday,02:00,03:00,Computer Networks,Prof. Faculty 240,EL-212
6042,BE,Electronics & Communication,FY,2,B,Friday,03:00,04:00,Project Lab,Prof. Faculty 073,EL-201
6043,BE,Electronics & Communication,FY,2,B,Saturday,09:00,10:00,CAD/CAM,Prof. Faculty 186,EL-264
6044,BE,Electronics & Communication,FY,2,B,Saturday,10:00,11:00,Operating Systems,Prof. Faculty 131,EL-128
6045,BE,Electronics & Communication,FY,2,B,Saturday,11:15,12:15,Project Lab,Prof. Faculty 029,EL-134
6046,BE,Electronics & Communication,FY,2,B,Saturday,12:15,01:15,AI Fundamentals,Prof. Faculty 167,EL-126
6047,BE,Electronics & Communication,FY,2,B,Saturday,02:00,03:00,Thermodynamics,Prof. Faculty 186,EL-163
6048,BE,Electronics & Communication,FY,2,B,Saturday,03:00,04:00,Operating Systems,Prof. Faculty 085,EL-106
6049,BE,Electronics & Communication,SY,3,A,Monday,09:00,10:00,Thermodynamics,Prof. Faculty 083,EL-156
6050,BE,Electronics & Communication,SY,3,A,Monday,10:00,11:00,Computer Networks,Prof. Faculty 085,EL-106
6051,BE,Electronics & Communication,SY,3,A,Monday,11:15,12:15,Thermodynamics,Prof. Faculty 078,EL-106
6052,BE,Electronics & Communication,SY,3,A,Monday,12:15,01:15,AI Fundamentals,Prof. Faculty 134,EL-122
6053,BE,Electronics & Communication,SY,3,A,Monday,02:00,03:00,Software Engineering,Prof. Faculty 191,EL-245
6054,BE,Electronics & Communication,SY,3,A,Monday,03:00,04:00,AI Fundamentals,Prof. Faculty 231,EL-114
6055,BE,Electronics & Communication,SY,3,A,Tuesday,09:00,10:00,DBMS,Prof. Faculty 055,EL-221
6056,BE,Electronics & Communication,SY,3,A,Tuesday,10:00,11:00,Physics,Prof. Faculty 157,EL-165
6057,BE,Electronics & Communication,SY,3,A,Tuesday,11:15,12:15,AI Fundamentals,Prof. Faculty 234,EL-203
6058,BE,Electronics & Communication,SY,3,A,Tuesday,12:15,01:15,Electrical Machines,Prof. Faculty 174,EL-223
6059,BE,Electronics & Communication,SY,3,A,Tuesday,02:00,03:00,Cyber Security,Prof. Faculty 152,EL-214
6060,BE,Electronics & Communication,SY,3,A,Tuesday,03:00,04:00,DBMS,Prof. Faculty 248,EL-205
6061,BE,Electronics & Communication,SY,3,A,Wednesday,09:00,10:00,Electrical Machines,Prof. Faculty 194,EL-206
6062,BE,Electronics & Communication,SY,3,A,Wednesday,10:00,11:00,Cloud Computing,Prof. Faculty 085,EL-127
6063,BE,Electronics & Communication,SY,3,A,Wednesday,11:15,12:15,Web Development,Prof. Faculty 213,EL-273
6064,BE,Electronics & Communication,SY,3,A,Wednesday,12:15,01:15,Mathematics,Prof. Faculty 018,EL-265
6065,BE,Electronics & Communication,SY,3,A,Wednesday,02:00,03:00,CAD/CAM,Prof. Faculty 166,EL-141
6066,BE,Electronics & Communication,SY,3,A,Wednesday,03:00,04:00,Cloud Computing,Prof. Faculty 076,EL-259
6067,BE,Electronics & Communication,SY,3,A,Thursday,09:00,10:00,Digital Electronics,Prof. Faculty 169,EL-207
6068,BE,Electronics & Communication,SY,3,A,Thursday,10:00,11:00,Python Programming,Prof. Faculty 109,EL-292
6069,BE,Electronics & Communication,SY,3,A,Thursday,11:15,12:15,CAD/CAM,Prof. Faculty 055,EL-168
6070,BE,Electronics & Communication,SY,3,A,Thursday,12:15,01:15,Machine Learning,Prof. Faculty 100,EL-309
6071,BE,Electronics & Communication,SY,3,A,Thursday,02:00,03:00,Project Lab,Prof. Faculty 152,EL-307
6072,BE,Electronics & Communication,SY,3,A,Thursday,03:00,04:00,Cloud Computing,Prof. Faculty 099,EL-317
6073,BE,Electronics & Communication,SY,3,A,Friday,09:00,10:00,Electrical Machines,Prof. Faculty 056,EL-113
6074,BE,Electronics & Communication,SY,3,A,Friday,10:00,11:00,Electrical Machines,Prof. Faculty 103,EL-241
6075,BE,Electronics & Communication,SY,3,A,Friday,11:15,12:15,Cyber Security,Prof. Faculty 041,EL-300
6076,BE,Electronics & Communication,SY,3,A,Friday,12:15,01:15,Mathematics,Prof. Faculty 035,EL-274
6077,BE,Electronics & Communication,SY,3,A,Friday,02:00,03:00,Digital Electronics,Prof. Faculty 073,EL-295
6078,BE,Electronics & Communication,SY,3,A,Friday,03:00,04:00,Data Structures,Prof. Faculty 158,EL-171
6079,BE,Electronics & Communication,SY,3,A,Saturday,09:00,10:00,Python Programming,Prof. Faculty 038,EL-245
6080,BE,Electronics & Communication,SY,3,A,Saturday,10:00,11:00,AI Fundamentals,Prof. Faculty 035,EL-181
6081,BE,Electronics & Communication,SY,3,A,Saturday,11:15,12:15,Data Structures,Prof. Faculty 154,EL-136
6082,BE,Electronics & Communication,SY,3,A,Saturday,12:15,01:15,Digital Electronics,Prof. Faculty 224,EL-281
6083,BE,Electronics & Communication,SY,3,A,Saturday,02:00,03:00,Electrical Machines,Prof. Faculty 016,EL-272
6084,BE,Electronics & Communication,SY,3,A,Saturday,03:00,04:00,Computer Networks,Prof. Faculty 090,EL-154
6085,BE,Electronics & Communication,SY,3,B,Monday,09:00,10:00,DBMS,Prof. Faculty 201,EL-220
6086,BE,Electronics & Communication,SY,3,B,Monday,10:00,11:00,CAD/CAM,Prof. Faculty 129,EL-108
6087,BE,Electronics & Communication,SY,3,B,Monday,11:15,12:15,CAD/CAM,Prof. Faculty 010,EL-297
6088,BE,Electronics & Communication,SY,3,B,Monday,12:15,01:15,Cloud Computing,Prof. Faculty 176,EL-140
6089,BE,Electronics & Communication,SY,3,B,Monday,02:00,03:00,Digital Electronics,Prof. Faculty 064,EL-265
6090,BE,Electronics & Communication,SY,3,B,Monday,03:00,04:00,Computer Networks,Prof. Faculty 243,EL-315
6091,BE,Electronics & Communication,SY,3,B,Tuesday,09:00,10:00,CAD/CAM,Prof. Faculty 210,EL-205
6092,BE,Electronics & Communication,SY,3,B,Tuesday,10:00,11:00,Thermodynamics,Prof. Faculty 017,EL-156
6093,BE,Electronics & Communication,SY,3,B,Tuesday,11:15,12:15,Python Programming,Prof. Faculty 231,EL-250
6094,BE,Electronics & Communication,SY,3,B,Tuesday,12:15,01:15,DBMS,Prof. Faculty 056,EL-228
6095,BE,Electronics & Communication,SY,3,B,Tuesday,02:00,03:00,Cyber Security,Prof. Faculty 017,EL-261
6096,BE,Electronics & Communication,SY,3,B,Tuesday,03:00,04:00,CAD/CAM,Prof. Faculty 048,EL-250
6097,BE,Electronics & Communication,SY,3,B,Wednesday,09:00,10:00,Computer Networks,Prof. Faculty 168,EL-203
6098,BE,Electronics & Communication,SY,3,B,Wednesday,10:00,11:00,Cloud Computing,Prof. Faculty 205,EL-218
6099,BE,Electronics & Communication,SY,3,B,Wednesday,11:15,12:15,Python Programming,Prof. Faculty 153,EL-284
6100,BE,Electronics & Communication,SY,3,B,Wednesday,12:15,01:15,Software Engineering,Prof. Faculty 024,EL-158
6101,BE,Electronics & Communication,SY,3,B,Wednesday,02:00,03:00,Data Structures,Prof. Faculty 050,EL-199
6102,BE,Electronics & Communication,SY,3,B,Wednesday,03:00,04:00,Surveying,Prof. Faculty 189,EL-270
6103,BE,Electronics & Communication,SY,3,B,Thursday,09:00,10:00,Cloud Computing,Prof. Faculty 125,EL-274
6104,BE,Electronics & Communication,SY,3,B,Thursday,10:00,11:00,Operating Systems,Prof. Faculty 014,EL-281
6105,BE,Electronics & Communication,SY,3,B,Thursday,11:15,12:15,Digital Electronics,Prof. Faculty 192,EL-217
6106,BE,Electronics & Communication,SY,3,B,Thursday,12:15,01:15,Web Development,Prof. Faculty 035,EL-101
6107,BE,Electronics & Communication,SY,3,B,Thursday,02:00,03:00,Physics,Prof. Faculty 169,EL-207
6108,BE,Electronics & Communication,SY,3,B,Thursday,03:00,04:00,Mathematics,Prof. Faculty 135,EL-156
6109,BE,Electronics & Communication,SY,3,B,Friday,09:00,10:00,Thermodynamics,Prof. Faculty 149,EL-165
6110,BE,Electronics & Communication,SY,3,B,Friday,10:00,11:00,Java Programming,Prof. Faculty 192,EL-242
6111,BE,Electronics & Communication,SY,3,B,Friday,11:15,12:15,Surveying,Prof. Faculty 118,EL-204
6112,BE,Electronics & Communication,SY,3,B,Friday,12:15,01:15,Python Programming,Prof. Faculty 234,EL-118
6113,BE,Electronics & Communication,SY,3,B,Friday,02:00,03:00,Web Development,Prof. Faculty 188,EL-239
6114,BE,Electronics & Communication,SY,3,B,Friday,03:00,04:00,Java Programming,Prof. Faculty 107,EL-206
6115,BE,Electronics & Communication,SY,3,B,Saturday,09:00,10:00,Python Programming,Prof. Faculty 031,EL-220
6116,BE,Electronics & Communication,SY,3,B,Saturday,10:00,11:00,Surveying,Prof. Faculty 141,EL-187
6117,BE,Electronics & Communication,SY,3,B,Saturday,11:15,12:15,Electrical Machines,Prof. Faculty 227,EL-172
6118,BE,Electronics & Communication,SY,3,B,Saturday,12:15,01:15,Surveying,Prof. Faculty 246,EL-315
6119,BE,Electronics & Communication,SY,3,B,Saturday,02:00,03:00,DBMS,Prof. Faculty 102,EL-200
6120,BE,Electronics & Communication,SY,3,B,Saturday,03:00,04:00,Digital Electronics,Prof. Faculty 025,EL-263
6121,BE,Electronics & Communication,SY,4,A,Monday,09:00,10:00,AI Fundamentals,Prof. Faculty 239,EL-291
6122,BE,Electronics & Communication,SY,4,A,Monday,10:00,11:00,Computer Networks,Prof. Faculty 089,EL-113
6123,BE,Electronics & Communication,SY,4,A,Monday,11:15,12:15,Mathematics,Prof. Faculty 049,EL-186
6124,BE,Electronics & Communication,SY,4,A,Monday,12:15,01:15,AI Fundamentals,Prof. Faculty 187,EL-201
6125,BE,Electronics & Communication,SY,4,A,Monday,02:00,03:00,AI Fundamentals,Prof. Faculty 245,EL-171
6126,BE,Electronics & Communication,SY,4,A,Monday,03:00,04:00,Digital Electronics,Prof. Faculty 083,EL-184
6127,BE,Electronics & Communication,SY,4,A,Tuesday,09:00,10:00,CAD/CAM,Prof. Faculty 066,EL-140
6128,BE,Electronics & Communication,SY,4,A,Tuesday,10:00,11:00,Mathematics,Prof. Faculty 141,EL-248
6129,BE,Electronics & Communication,SY,4,A,Tuesday,11:15,12:15,Surveying,Prof. Faculty 085,EL-222
6130,BE,Electronics & Communication,SY,4,A,Tuesday,12:15,01:15,AI Fundamentals,Prof. Faculty 208,EL-282
6131,BE,Electronics & Communication,SY,4,A,Tuesday,02:00,03:00,Cyber Security,Prof. Faculty 088,EL-199
6132,BE,Electronics & Communication,SY,4,A,Tuesday,03:00,04:00,Mathematics,Prof. Faculty 211,EL-291
6133,BE,Electronics & Communication,SY,4,A,Wednesday,09:00,10:00,DBMS,Prof. Faculty 029,EL-154
6134,BE,Electronics & Communication,SY,4,A,Wednesday,10:00,11:00,Data Structures,Prof. Faculty 038,EL-140
6135,BE,Electronics & Communication,SY,4,A,Wednesday,11:15,12:15,Physics,Prof. Faculty 080,EL-138
6136,BE,Electronics & Communication,SY,4,A,Wednesday,12:15,01:15,Cyber Security,Prof. Faculty 021,EL-108
6137,BE,Electronics & Communication,SY,4,A,Wednesday,02:00,03:00,Data Structures,Prof. Faculty 004,EL-146
6138,BE,Electronics & Communication,SY,4,A,Wednesday,03:00,04:00,Java Programming,Prof. Faculty 031,EL-307
6139,BE,Electronics & Communication,SY,4,A,Thursday,09:00,10:00,Operating Systems,Prof. Faculty 246,EL-251
6140,BE,Electronics & Communication,SY,4,A,Thursday,10:00,11:00,Software Engineering,Prof. Faculty 191,EL-107
6141,BE,Electronics & Communication,SY,4,A,Thursday,11:15,12:15,Electrical Machines,Prof. Faculty 012,EL-144
6142,BE,Electronics & Communication,SY,4,A,Thursday,12:15,01:15,AI Fundamentals,Prof. Faculty 087,EL-141
6143,BE,Electronics & Communication,SY,4,A,Thursday,02:00,03:00,Cloud Computing,Prof. Faculty 001,EL-137
6144,BE,Electronics & Communication,SY,4,A,Thursday,03:00,04:00,AI Fundamentals,Prof. Faculty 227,EL-161
6145,BE,Electronics & Communication,SY,4,A,Friday,09:00,10:00,DBMS,Prof. Faculty 209,EL-173
6146,BE,Electronics & Communication,SY,4,A,Friday,10:00,11:00,Operating Systems,Prof. Faculty 179,EL-288
6147,BE,Electronics & Communication,SY,4,A,Friday,11:15,12:15,Cyber Security,Prof. Faculty 144,EL-205
6148,BE,Electronics & Communication,SY,4,A,Friday,12:15,01:15,DBMS,Prof. Faculty 071,EL-257
6149,BE,Electronics & Communication,SY,4,A,Friday,02:00,03:00,Project Lab,Prof. Faculty 133,EL-282
6150,BE,Electronics & Communication,SY,4,A,Friday,03:00,04:00,Electrical Machines,Prof. Faculty 156,EL-240
6151,BE,Electronics & Communication,SY,4,A,Saturday,09:00,10:00,Surveying,Prof. Faculty 080,EL-234
6152,BE,Electronics & Communication,SY,4,A,Saturday,10:00,11:00,Mathematics,Prof. Faculty 098,EL-198
6153,BE,Electronics & Communication,SY,4,A,Saturday,11:15,12:15,Machine Learning,Prof. Faculty 092,EL-175
6154,BE,Electronics & Communication,SY,4,A,Saturday,12:15,01:15,CAD/CAM,Prof. Faculty 081,EL-262
6155,BE,Electronics & Communication,SY,4,A,Saturday,02:00,03:00,Electrical Machines,Prof. Faculty 167,EL-262
6156,BE,Electronics & Communication,SY,4,A,Saturday,03:00,04:00,Project Lab,Prof. Faculty 072,EL-183
6157,BE,Electronics & Communication,SY,4,B,Monday,09:00,10:00,Cyber Security,Prof. Faculty 046,EL-172
6158,BE,Electronics & Communication,SY,4,B,Monday,10:00,11:00,Software Engineering,Prof. Faculty 024,EL-174
6159,BE,Electronics & Communication,SY,4,B,Monday,11:15,12:15,Digital Electronics,Prof. Faculty 079,EL-242
6160,BE,Electronics & Communication,SY,4,B,Monday,12:15,01:15,Web Development,Prof. Faculty 201,EL-203
6161,BE,Electronics & Communication,SY,4,B,Monday,02:00,03:00,Computer Networks,Prof. Faculty 067,EL-163
6162,BE,Electronics & Communication,SY,4,B,Monday,03:00,04:00,Software Engineering,Prof. Faculty 157,EL-118
6163,BE,Electronics & Communication,SY,4,B,Tuesday,09:00,10:00,Mathematics,Prof. Faculty 111,EL-170
6164,BE,Electronics & Communication,SY,4,B,Tuesday,10:00,11:00,Electrical Machines,Prof. Faculty 076,EL-249
6165,BE,Electronics & Communication,SY,4,B,Tuesday,11:15,12:15,DBMS,Prof. Faculty 190,EL-251
6166,BE,Electronics & Communication,SY,4,B,Tuesday,12:15,01:15,AI Fundamentals,Prof. Faculty 047,EL-143
6167,BE,Electronics & Communication,SY,4,B,Tuesday,02:00,03:00,Thermodynamics,Prof. Faculty 041,EL-304
6168,BE,Electronics & Communication,SY,4,B,Tuesday,03:00,04:00,Electrical Machines,Prof. Faculty 031,EL-180
6169,BE,Electronics & Communication,SY,4,B,Wednesday,09:00,10:00,Operating Systems,Prof. Faculty 250,EL-294
6170,BE,Electronics & Communication,SY,4,B,Wednesday,10:00,11:00,Digital Electronics,Prof. Faculty 066,EL-135
6171,BE,Electronics & Communication,SY,4,B,Wednesday,11:15,12:15,Operating Systems,Prof. Faculty 150,EL-130
6172,BE,Electronics & Communication,SY,4,B,Wednesday,12:15,01:15,CAD/CAM,Prof. Faculty 017,EL-118
6173,BE,Electronics & Communication,SY,4,B,Wednesday,02:00,03:00,Java Programming,Prof. Faculty 090,EL-197
6174,BE,Electronics & Communication,SY,4,B,Wednesday,03:00,04:00,Physics,Prof. Faculty 250,EL-220
6175,BE,Electronics & Communication,SY,4,B,Thursday,09:00,10:00,Cyber Security,Prof. Faculty 184,EL-317
6176,BE,Electronics & Communication,SY,4,B,Thursday,10:00,11:00,Surveying,Prof. Faculty 118,EL-229
6177,BE,Electronics & Communication,SY,4,B,Thursday,11:15,12:15,Mathematics,Prof. Faculty 055,EL-280
6178,BE,Electronics & Communication,SY,4,B,Thursday,12:15,01:15,Mathematics,Prof. Faculty 226,EL-203
6179,BE,Electronics & Communication,SY,4,B,Thursday,02:00,03:00,Electrical Machines,Prof. Faculty 039,EL-251
6180,BE,Electronics & Communication,SY,4,B,Thursday,03:00,04:00,Java Programming,Prof. Faculty 156,EL-191
6181,BE,Electronics & Communication,SY,4,B,Friday,09:00,10:00,Electrical Machines,Prof. Faculty 172,EL-207
6182,BE,Electronics & Communication,SY,4,B,Friday,10:00,11:00,Data Structures,Prof. Faculty 020,EL-240
6183,BE,Electronics & Communication,SY,4,B,Friday,11:15,12:15,Physics,Prof. Faculty 217,EL-119
6184,BE,Electronics & Communication,SY,4,B,Friday,12:15,01:15,Project Lab,Prof. Faculty 022,EL-120
6185,BE,Electronics & Communication,SY,4,B,Friday,02:00,03:00,Electrical Machines,Prof. Faculty 128,EL-237
6186,BE,Electronics & Communication,SY,4,B,Friday,03:00,04:00,Web Development,Prof. Faculty 213,EL-207
6187,BE,Electronics & Communication,SY,4,B,Saturday,09:00,10:00,Data Structures,Prof. Faculty 153,EL-292
6188,BE,Electronics & Communication,SY,4,B,Saturday,10:00,11:00,Cloud Computing,Prof. Faculty 124,EL-156
6189,BE,Electronics & Communication,SY,4,B,Saturday,11:15,12:15,Digital Electronics,Prof. Faculty 136,EL-151
6190,BE,Electronics & Communication,SY,4,B,Saturday,12:15,01:15,Cloud Computing,Prof. Faculty 103,EL-252
6191,BE,Electronics & Communication,SY,4,B,Saturday,02:00,03:00,Java Programming,Prof. Faculty 155,EL-283
6192,BE,Electronics & Communication,SY,4,B,Saturday,03:00,04:00,Digital Electronics,Prof. Faculty 216,EL-136
6193,BE,Electronics & Communication,TY,5,A,Monday,09:00,10:00,Computer Networks,Prof. Faculty 118,EL-110
6194,BE,Electronics & Communication,TY,5,A,Monday,10:00,11:00,Cloud Computing,Prof. Faculty 174,EL-213
6195,BE,Electronics & Communication,TY,5,A,Monday,11:15,12:15,Python Programming,Prof. Faculty 206,EL-262
6196,BE,Electronics & Communication,TY,5,A,Monday,12:15,01:15,Project Lab,Prof. Faculty 244,EL-277
6197,BE,Electronics & Communication,TY,5,A,Monday,02:00,03:00,Physics,Prof. Faculty 004,EL-121
6198,BE,Electronics & Communication,TY,5,A,Monday,03:00,04:00,Software Engineering,Prof. Faculty 042,EL-215
6199,BE,Electronics & Communication,TY,5,A,Tuesday,09:00,10:00,DBMS,Prof. Faculty 169,EL-158
6200,BE,Electronics & Communication,TY,5,A,Tuesday,10:00,11:00,Operating Systems,Prof. Faculty 226,EL-153
6201,BE,Electronics & Communication,TY,5,A,Tuesday,11:15,12:15,Machine Learning,Prof. Faculty 023,EL-142
6202,BE,Electronics & Communication,TY,5,A,Tuesday,12:15,01:15,Operating Systems,Prof. Faculty 100,EL-310
6203,BE,Electronics & Communication,TY,5,A,Tuesday,02:00,03:00,DBMS,Prof. Faculty 128,EL-277
6204,BE,Electronics & Communication,TY,5,A,Tuesday,03:00,04:00,Data Structures,Prof. Faculty 161,EL-151
6205,BE,Electronics & Communication,TY,5,A,Wednesday,09:00,10:00,AI Fundamentals,Prof. Faculty 228,EL-296
6206,BE,Electronics & Communication,TY,5,A,Wednesday,10:00,11:00,Machine Learning,Prof. Faculty 158,EL-197
6207,BE,Electronics & Communication,TY,5,A,Wednesday,11:15,12:15,Project Lab,Prof. Faculty 179,EL-108
6208,BE,Electronics & Communication,TY,5,A,Wednesday,12:15,01:15,Thermodynamics,Prof. Faculty 206,EL-207
6209,BE,Electronics & Communication,TY,5,A,Wednesday,02:00,03:00,Surveying,Prof. Faculty 012,EL-104
6210,BE,Electronics & Communication,TY,5,A,Wednesday,03:00,04:00,Web Development,Prof. Faculty 212,EL-230
6211,BE,Electronics & Communication,TY,5,A,Thursday,09:00,10:00,Thermodynamics,Prof. Faculty 076,EL-102
6212,BE,Electronics & Communication,TY,5,A,Thursday,10:00,11:00,Thermodynamics,Prof. Faculty 127,EL-243
6213,BE,Electronics & Communication,TY,5,A,Thursday,11:15,12:15,Surveying,Prof. Faculty 080,EL-175
6214,BE,Electronics & Communication,TY,5,A,Thursday,12:15,01:15,AI Fundamentals,Prof. Faculty 219,EL-109
6215,BE,Electronics & Communication,TY,5,A,Thursday,02:00,03:00,Surveying,Prof. Faculty 027,EL-260
6216,BE,Electronics & Communication,TY,5,A,Thursday,03:00,04:00,Machine Learning,Prof. Faculty 213,EL-170
6217,BE,Electronics & Communication,TY,5,A,Friday,09:00,10:00,Data Structures,Prof. Faculty 039,EL-171
6218,BE,Electronics & Communication,TY,5,A,Friday,10:00,11:00,DBMS,Prof. Faculty 224,EL-216
6219,BE,Electronics & Communication,TY,5,A,Friday,11:15,12:15,Project Lab,Prof. Faculty 233,EL-266
6220,BE,Electronics & Communication,TY,5,A,Friday,12:15,01:15,Machine Learning,Prof. Faculty 095,EL-297
6221,BE,Electronics & Communication,TY,5,A,Friday,02:00,03:00,CAD/CAM,Prof. Faculty 108,EL-285
6222,BE,Electronics & Communication,TY,5,A,Friday,03:00,04:00,Digital Electronics,Prof. Faculty 176,EL-210
6223,BE,Electronics & Communication,TY,5,A,Saturday,09:00,10:00,Machine Learning,Prof. Faculty 199,EL-112
6224,BE,Electronics & Communication,TY,5,A,Saturday,10:00,11:00,Digital Electronics,Prof. Faculty 194,EL-299
6225,BE,Electronics & Communication,TY,5,A,Saturday,11:15,12:15,Machine Learning,Prof. Faculty 017,EL-283
6226,BE,Electronics & Communication,TY,5,A,Saturday,12:15,01:15,Software Engineering,Prof. Faculty 156,EL-195
6227,BE,Electronics & Communication,TY,5,A,Saturday,02:00,03:00,DBMS,Prof. Faculty 066,EL-155
6228,BE,Electronics & Communication,TY,5,A,Saturday,03:00,04:00,Web Development,Prof. Faculty 195,EL-167
6229,BE,Electronics & Communication,TY,5,B,Monday,09:00,10:00,Java Programming,Prof. Faculty 102,EL-238
6230,BE,Electronics & Communication,TY,5,B,Monday,10:00,11:00,CAD/CAM,Prof. Faculty 169,EL-281
6231,BE,Electronics & Communication,TY,5,B,Monday,11:15,12:15,Project Lab,Prof. Faculty 223,EL-247
6232,BE,Electronics & Communication,TY,5,B,Monday,12:15,01:15,Operating Systems,Prof. Faculty 133,EL-253
6233,BE,Electronics & Communication,TY,5,B,Monday,02:00,03:00,Operating Systems,Prof. Faculty 152,EL-313
6234,BE,Electronics & Communication,TY,5,B,Monday,03:00,04:00,Surveying,Prof. Faculty 050,EL-305
6235,BE,Electronics & Communication,TY,5,B,Tuesday,09:00,10:00,Cyber Security,Prof. Faculty 222,EL-222
6236,BE,Electronics & Communication,TY,5,B,Tuesday,10:00,11:00,Cloud Computing,Prof. Faculty 027,EL-237
6237,BE,Electronics & Communication,TY,5,B,Tuesday,11:15,12:15,Python Programming,Prof. Faculty 054,EL-315
6238,BE,Electronics & Communication,TY,5,B,Tuesday,12:15,01:15,Python Programming,Prof. Faculty 248,EL-160
6239,BE,Electronics & Communication,TY,5,B,Tuesday,02:00,03:00,Project Lab,Prof. Faculty 226,EL-111
6240,BE,Electronics & Communication,TY,5,B,Tuesday,03:00,04:00,Digital Electronics,Prof. Faculty 120,EL-120
6241,BE,Electronics & Communication,TY,5,B,Wednesday,09:00,10:00,Digital Electronics,Prof. Faculty 021,EL-271
6242,BE,Electronics & Communication,TY,5,B,Wednesday,10:00,11:00,Thermodynamics,Prof. Faculty 246,EL-103
6243,BE,Electronics & Communication,TY,5,B,Wednesday,11:15,12:15,DBMS,Prof. Faculty 126,EL-208
6244,BE,Electronics & Communication,TY,5,B,Wednesday,12:15,01:15,Thermodynamics,Prof. Faculty 013,EL-133
6245,BE,Electronics & Communication,TY,5,B,Wednesday,02:00,03:00,Data Structures,Prof. Faculty 194,EL-193
6246,BE,Electronics & Communication,TY,5,B,Wednesday,03:00,04:00,Web Development,Prof. Faculty 048,EL-312
6247,BE,Electronics & Communication,TY,5,B,Thursday,09:00,10:00,Data Structures,Prof. Faculty 001,EL-226
6248,BE,Electronics & Communication,TY,5,B,Thursday,10:00,11:00,Project Lab,Prof. Faculty 250,EL-135
6249,BE,Electronics & Communication,TY,5,B,Thursday,11:15,12:15,CAD/CAM,Prof. Faculty 238,EL-235
6250,BE,Electronics & Communication,TY,5,B,Thursday,12:15,01:15,Java Programming,Prof. Faculty 071,EL-156
6251,BE,Electronics & Communication,TY,5,B,Thursday,02:00,03:00,Cyber Security,Prof. Faculty 048,EL-109
6252,BE,Electronics & Communication,TY,5,B,Thursday,03:00,04:00,Software Engineering,Prof. Faculty 167,EL-132
6253,BE,Electronics & Communication,TY,5,B,Friday,09:00,10:00,Electrical Machines,Prof. Faculty 003,EL-183
6254,BE,Electronics & Communication,TY,5,B,Friday,10:00,11:00,Cloud Computing,Prof. Faculty 196,EL-116
6255,BE,Electronics & Communication,TY,5,B,Friday,11:15,12:15,Surveying,Prof. Faculty 024,EL-271
6256,BE,Electronics & Communication,TY,5,B,Friday,12:15,01:15,Project Lab,Prof. Faculty 245,EL-281
6257,BE,Electronics & Communication,TY,5,B,Friday,02:00,03:00,Data Structures,Prof. Faculty 077,EL-226
6258,BE,Electronics & Communication,TY,5,B,Friday,03:00,04:00,Java Programming,Prof. Faculty 031,EL-254
6259,BE,Electronics & Communication,TY,5,B,Saturday,09:00,10:00,CAD/CAM,Prof. Faculty 215,EL-310
6260,BE,Electronics & Communication,TY,5,B,Saturday,10:00,11:00,Thermodynamics,Prof. Faculty 060,EL-265
6261,BE,Electronics & Communication,TY,5,B,Saturday,11:15,12:15,Electrical Machines,Prof. Faculty 090,EL-102
6262,BE,Electronics & Communication,TY,5,B,Saturday,12:15,01:15,Java Programming,Prof. Faculty 247,EL-132
6263,BE,Electronics & Communication,TY,5,B,Saturday,02:00,03:00,Python Programming,Prof. Faculty 132,EL-193
6264,BE,Electronics & Communication,TY,5,B,Saturday,03:00,04:00,Java Programming,Prof. Faculty 216,EL-306
6265,BE,Electronics & Communication,TY,6,A,Monday,09:00,10:00,Software Engineering,Prof. Faculty 154,EL-169
6266,BE,Electronics & Communication,TY,6,A,Monday,10:00,11:00,Computer Networks,Prof. Faculty 221,EL-253
6267,BE,Electronics & Communication,TY,6,A,Monday,11:15,12:15,DBMS,Prof. Faculty 082,EL-142
6268,BE,Electronics & Communication,TY,6,A,Monday,12:15,01:15,Surveying,Prof. Faculty 068,EL-253
6269,BE,Electronics & Communication,TY,6,A,Monday,02:00,03:00,Digital Electronics,Prof. Faculty 028,EL-315
6270,BE,Electronics & Communication,TY,6,A,Monday,03:00,04:00,Electrical Machines,Prof. Faculty 025,EL-304
6271,BE,Electronics & Communication,TY,6,A,Tuesday,09:00,10:00,Web Development,Prof. Faculty 197,EL-238
6272,BE,Electronics & Communication,TY,6,A,Tuesday,10:00,11:00,Thermodynamics,Prof. Faculty 065,EL-206
6273,BE,Electronics & Communication,TY,6,A,Tuesday,11:15,12:15,Mathematics,Prof. Faculty 024,EL-108
6274,BE,Electronics & Communication,TY,6,A,Tuesday,12:15,01:15,Physics,Prof. Faculty 013,EL-290
6275,BE,Electronics & Communication,TY,6,A,Tuesday,02:00,03:00,Cloud Computing,Prof. Faculty 094,EL-114
6276,BE,Electronics & Communication,TY,6,A,Tuesday,03:00,04:00,Data Structures,Prof. Faculty 198,EL-214
6277,BE,Electronics & Communication,TY,6,A,Wednesday,09:00,10:00,Electrical Machines,Prof. Faculty 198,EL-260
6278,BE,Electronics & Communication,TY,6,A,Wednesday,10:00,11:00,Cyber Security,Prof. Faculty 128,EL-205
6279,BE,Electronics & Communication,TY,6,A,Wednesday,11:15,12:15,Web Development,Prof. Faculty 137,EL-315
6280,BE,Electronics & Communication,TY,6,A,Wednesday,12:15,01:15,Cyber Security,Prof. Faculty 227,EL-240
6281,BE,Electronics & Communication,TY,6,A,Wednesday,02:00,03:00,Software Engineering,Prof. Faculty 180,EL-319
6282,BE,Electronics & Communication,TY,6,A,Wednesday,03:00,04:00,Surveying,Prof. Faculty 091,EL-275
6283,BE,Electronics & Communication,TY,6,A,Thursday,09:00,10:00,Cloud Computing,Prof. Faculty 095,EL-255
6284,BE,Electronics & Communication,TY,6,A,Thursday,10:00,11:00,Data Structures,Prof. Faculty 178,EL-288
6285,BE,Electronics & Communication,TY,6,A,Thursday,11:15,12:15,Cyber Security,Prof. Faculty 081,EL-131
6286,BE,Electronics & Communication,TY,6,A,Thursday,12:15,01:15,Machine Learning,Prof. Faculty 061,EL-208
6287,BE,Electronics & Communication,TY,6,A,Thursday,02:00,03:00,CAD/CAM,Prof. Faculty 090,EL-277
6288,BE,Electronics & Communication,TY,6,A,Thursday,03:00,04:00,Mathematics,Prof. Faculty 203,EL-124
6289,BE,Electronics & Communication,TY,6,A,Friday,09:00,10:00,Machine Learning,Prof. Faculty 231,EL-276
6290,BE,Electronics & Communication,TY,6,A,Friday,10:00,11:00,Electrical Machines,Prof. Faculty 203,EL-144
6291,BE,Electronics & Communication,TY,6,A,Friday,11:15,12:15,Python Programming,Prof. Faculty 170,EL-233
6292,BE,Electronics & Communication,TY,6,A,Friday,12:15,01:15,Surveying,Prof. Faculty 003,EL-148
6293,BE,Electronics & Communication,TY,6,A,Friday,02:00,03:00,Project Lab,Prof. Faculty 190,EL-221
6294,BE,Electronics & Communication,TY,6,A,Friday,03:00,04:00,Java Programming,Prof. Faculty 193,EL-230
6295,BE,Electronics & Communication,TY,6,A,Saturday,09:00,10:00,Java Programming,Prof. Faculty 156,EL-120
6296,BE,Electronics & Communication,TY,6,A,Saturday,10:00,11:00,Python Programming,Prof. Faculty 202,EL-262
6297,BE,Electronics & Communication,TY,6,A,Saturday,11:15,12:15,Physics,Prof. Faculty 124,EL-227
6298,BE,Electronics & Communication,TY,6,A,Saturday,12:15,01:15,Operating Systems,Prof. Faculty 196,EL-194
6299,BE,Electronics & Communication,TY,6,A,Saturday,02:00,03:00,Python Programming,Prof. Faculty 025,EL-164
6300,BE,Electronics & Communication,TY,6,A,Saturday,03:00,04:00,Software Engineering,Prof. Faculty 239,EL-312
6301,BE,Electronics & Communication,TY,6,B,Monday,09:00,10:00,AI Fundamentals,Prof. Faculty 226,EL-226
6302,BE,Electronics & Communication,TY,6,B,Monday,10:00,11:00,Java Programming,Prof. Faculty 067,EL-251
6303,BE,Electronics & Communication,TY,6,B,Monday,11:15,12:15,Web Development,Prof. Faculty 020,EL-106
6304,BE,Electronics & Communication,TY,6,B,Monday,12:15,01:15,Cyber Security,Prof. Faculty 048,EL-262
6305,BE,Electronics & Communication,TY,6,B,Monday,02:00,03:00,CAD/CAM,Prof. Faculty 151,EL-127
6306,BE,Electronics & Communication,TY,6,B,Monday,03:00,04:00,Web Development,Prof. Faculty 138,EL-318
6307,BE,Electronics & Communication,TY,6,B,Tuesday,09:00,10:00,Software Engineering,Prof. Faculty 025,EL-203
6308,BE,Electronics & Communication,TY,6,B,Tuesday,10:00,11:00,Data Structures,Prof. Faculty 243,EL-232
6309,BE,Electronics & Communication,TY,6,B,Tuesday,11:15,12:15,Project Lab,Prof. Faculty 167,EL-147
6310,BE,Electronics & Communication,TY,6,B,Tuesday,12:15,01:15,Digital Electronics,Prof. Faculty 189,EL-105
6311,BE,Electronics & Communication,TY,6,B,Tuesday,02:00,03:00,Cloud Computing,Prof. Faculty 202,EL-310
6312,BE,Electronics & Communication,TY,6,B,Tuesday,03:00,04:00,Web Development,Prof. Faculty 079,EL-275
6313,BE,Electronics & Communication,TY,6,B,Wednesday,09:00,10:00,Data Structures,Prof. Faculty 181,EL-114
6314,BE,Electronics & Communication,TY,6,B,Wednesday,10:00,11:00,Python Programming,Prof. Faculty 023,EL-267
6315,BE,Electronics & Communication,TY,6,B,Wednesday,11:15,12:15,Machine Learning,Prof. Faculty 233,EL-276
6316,BE,Electronics & Communication,TY,6,B,Wednesday,12:15,01:15,Web Development,Prof. Faculty 158,EL-245
6317,BE,Electronics & Communication,TY,6,B,Wednesday,02:00,03:00,Software Engineering,Prof. Faculty 166,EL-119
6318,BE,Electronics & Communication,TY,6,B,Wednesday,03:00,04:00,Physics,Prof. Faculty 097,EL-219
6319,BE,Electronics & Communication,TY,6,B,Thursday,09:00,10:00,Data Structures,Prof. Faculty 142,EL-190
6320,BE,Electronics & Communication,TY,6,B,Thursday,10:00,11:00,Python Programming,Prof. Faculty 069,EL-218
6321,BE,Electronics & Communication,TY,6,B,Thursday,11:15,12:15,Surveying,Prof. Faculty 054,EL-281
6322,BE,Electronics & Communication,TY,6,B,Thursday,12:15,01:15,Electrical Machines,Prof. Faculty 068,EL-159
6323,BE,Electronics & Communication,TY,6,B,Thursday,02:00,03:00,Surveying,Prof. Faculty 010,EL-240
6324,BE,Electronics & Communication,TY,6,B,Thursday,03:00,04:00,Thermodynamics,Prof. Faculty 134,EL-114
6325,BE,Electronics & Communication,TY,6,B,Friday,09:00,10:00,DBMS,Prof. Faculty 053,EL-265
6326,BE,Electronics & Communication,TY,6,B,Friday,10:00,11:00,Machine Learning,Prof. Faculty 237,EL-219
6327,BE,Electronics & Communication,TY,6,B,Friday,11:15,12:15,Software Engineering,Prof. Faculty 241,EL-291
6328,BE,Electronics & Communication,TY,6,B,Friday,12:15,01:15,Data Structures,Prof. Faculty 204,EL-185
6329,BE,Electronics & Communication,TY,6,B,Friday,02:00,03:00,Electrical Machines,Prof. Faculty 189,EL-207
6330,BE,Electronics & Communication,TY,6,B,Friday,03:00,04:00,Surveying,Prof. Faculty 192,EL-109
6331,BE,Electronics & Communication,TY,6,B,Saturday,09:00,10:00,Data Structures,Prof. Faculty 003,EL-185
6332,BE,Electronics & Communication,TY,6,B,Saturday,10:00,11:00,Data Structures,Prof. Faculty 215,EL-268
6333,BE,Electronics & Communication,TY,6,B,Saturday,11:15,12:15,Surveying,Prof. Faculty 017,EL-200
6334,BE,Electronics & Communication,TY,6,B,Saturday,12:15,01:15,Project Lab,Prof. Faculty 089,EL-136
6335,BE,Electronics & Communication,TY,6,B,Saturday,02:00,03:00,CAD/CAM,Prof. Faculty 124,EL-260
6336,BE,Electronics & Communication,TY,6,B,Saturday,03:00,04:00,Cyber Security,Prof. Faculty 239,EL-157
6337,BE,Electronics & Communication,LY,7,A,Monday,09:00,10:00,Mathematics,Prof. Faculty 088,EL-256
6338,BE,Electronics & Communication,LY,7,A,Monday,10:00,11:00,CAD/CAM,Prof. Faculty 154,EL-240
6339,BE,Electronics & Communication,LY,7,A,Monday,11:15,12:15,Machine Learning,Prof. Faculty 231,EL-234
6340,BE,Electronics & Communication,LY,7,A,Monday,12:15,01:15,Electrical Machines,Prof. Faculty 107,EL-204
6341,BE,Electronics & Communication,LY,7,A,Monday,02:00,03:00,Data Structures,Prof. Faculty 156,EL-194
6342,BE,Electronics & Communication,LY,7,A,Monday,03:00,04:00,Python Programming,Prof. Faculty 235,EL-281
6343,BE,Electronics & Communication,LY,7,A,Tuesday,09:00,10:00,Python Programming,Prof. Faculty 209,EL-104
6344,BE,Electronics & Communication,LY,7,A,Tuesday,10:00,11:00,Operating Systems,Prof. Faculty 235,EL-202
6345,BE,Electronics & Communication,LY,7,A,Tuesday,11:15,12:15,Java Programming,Prof. Faculty 136,EL-147
6346,BE,Electronics & Communication,LY,7,A,Tuesday,12:15,01:15,Data Structures,Prof. Faculty 156,EL-296
6347,BE,Electronics & Communication,LY,7,A,Tuesday,02:00,03:00,Operating Systems,Prof. Faculty 239,EL-280
6348,BE,Electronics & Communication,LY,7,A,Tuesday,03:00,04:00,Software Engineering,Prof. Faculty 199,EL-189
6349,BE,Electronics & Communication,LY,7,A,Wednesday,09:00,10:00,DBMS,Prof. Faculty 195,EL-249
6350,BE,Electronics & Communication,LY,7,A,Wednesday,10:00,11:00,Software Engineering,Prof. Faculty 009,EL-229
6351,BE,Electronics & Communication,LY,7,A,Wednesday,11:15,12:15,Software Engineering,Prof. Faculty 144,EL-313
6352,BE,Electronics & Communication,LY,7,A,Wednesday,12:15,01:15,Operating Systems,Prof. Faculty 209,EL-317
6353,BE,Electronics & Communication,LY,7,A,Wednesday,02:00,03:00,Digital Electronics,Prof. Faculty 102,EL-249
6354,BE,Electronics & Communication,LY,7,A,Wednesday,03:00,04:00,Web Development,Prof. Faculty 079,EL-302
6355,BE,Electronics & Communication,LY,7,A,Thursday,09:00,10:00,Thermodynamics,Prof. Faculty 219,EL-316
6356,BE,Electronics & Communication,LY,7,A,Thursday,10:00,11:00,Cloud Computing,Prof. Faculty 068,EL-173
6357,BE,Electronics & Communication,LY,7,A,Thursday,11:15,12:15,Physics,Prof. Faculty 164,EL-219
6358,BE,Electronics & Communication,LY,7,A,Thursday,12:15,01:15,Digital Electronics,Prof. Faculty 030,EL-159
6359,BE,Electronics & Communication,LY,7,A,Thursday,02:00,03:00,Cyber Security,Prof. Faculty 120,EL-239
6360,BE,Electronics & Communication,LY,7,A,Thursday,03:00,04:00,Digital Electronics,Prof. Faculty 145,EL-144
6361,BE,Electronics & Communication,LY,7,A,Friday,09:00,10:00,Physics,Prof. Faculty 182,EL-179
6362,BE,Electronics & Communication,LY,7,A,Friday,10:00,11:00,Surveying,Prof. Faculty 219,EL-140
6363,BE,Electronics & Communication,LY,7,A,Friday,11:15,12:15,Operating Systems,Prof. Faculty 205,EL-107
6364,BE,Electronics & Communication,LY,7,A,Friday,12:15,01:15,Operating Systems,Prof. Faculty 176,EL-217
6365,BE,Electronics & Communication,LY,7,A,Friday,02:00,03:00,DBMS,Prof. Faculty 230,EL-234
6366,BE,Electronics & Communication,LY,7,A,Friday,03:00,04:00,Thermodynamics,Prof. Faculty 005,EL-236
6367,BE,Electronics & Communication,LY,7,A,Saturday,09:00,10:00,DBMS,Prof. Faculty 004,EL-191
6368,BE,Electronics & Communication,LY,7,A,Saturday,10:00,11:00,Thermodynamics,Prof. Faculty 068,EL-167
6369,BE,Electronics & Communication,LY,7,A,Saturday,11:15,12:15,Machine Learning,Prof. Faculty 008,EL-174
6370,BE,Electronics & Communication,LY,7,A,Saturday,12:15,01:15,DBMS,Prof. Faculty 223,EL-116
6371,BE,Electronics & Communication,LY,7,A,Saturday,02:00,03:00,Digital Electronics,Prof. Faculty 216,EL-279
6372,BE,Electronics & Communication,LY,7,A,Saturday,03:00,04:00,Physics,Prof. Faculty 220,EL-256
6373,BE,Electronics & Communication,LY,7,B,Monday,09:00,10:00,Software Engineering,Prof. Faculty 047,EL-177
6374,BE,Electronics & Communication,LY,7,B,Monday,10:00,11:00,Operating Systems,Prof. Faculty 136,EL-137
6375,BE,Electronics & Communication,LY,7,B,Monday,11:15,12:15,Project Lab,Prof. Faculty 210,EL-241
6376,BE,Electronics & Communication,LY,7,B,Monday,12:15,01:15,Digital Electronics,Prof. Faculty 132,EL-254
6377,BE,Electronics & Communication,LY,7,B,Monday,02:00,03:00,Project Lab,Prof. Faculty 183,EL-170
6378,BE,Electronics & Communication,LY,7,B,Monday,03:00,04:00,AI Fundamentals,Prof. Faculty 075,EL-276
6379,BE,Electronics & Communication,LY,7,B,Tuesday,09:00,10:00,Computer Networks,Prof. Faculty 044,EL-151
6380,BE,Electronics & Communication,LY,7,B,Tuesday,10:00,11:00,Data Structures,Prof. Faculty 158,EL-145
6381,BE,Electronics & Communication,LY,7,B,Tuesday,11:15,12:15,Computer Networks,Prof. Faculty 006,EL-239
6382,BE,Electronics & Communication,LY,7,B,Tuesday,12:15,01:15,Electrical Machines,Prof. Faculty 037,EL-181
6383,BE,Electronics & Communication,LY,7,B,Tuesday,02:00,03:00,Physics,Prof. Faculty 124,EL-294
6384,BE,Electronics & Communication,LY,7,B,Tuesday,03:00,04:00,Web Development,Prof. Faculty 119,EL-300
6385,BE,Electronics & Communication,LY,7,B,Wednesday,09:00,10:00,Java Programming,Prof. Faculty 111,EL-306
6386,BE,Electronics & Communication,LY,7,B,Wednesday,10:00,11:00,Physics,Prof. Faculty 171,EL-252
6387,BE,Electronics & Communication,LY,7,B,Wednesday,11:15,12:15,Operating Systems,Prof. Faculty 013,EL-181
6388,BE,Electronics & Communication,LY,7,B,Wednesday,12:15,01:15,Operating Systems,Prof. Faculty 110,EL-284
6389,BE,Electronics & Communication,LY,7,B,Wednesday,02:00,03:00,Python Programming,Prof. Faculty 034,EL-133
6390,BE,Electronics & Communication,LY,7,B,Wednesday,03:00,04:00,Physics,Prof. Faculty 210,EL-278
6391,BE,Electronics & Communication,LY,7,B,Thursday,09:00,10:00,Project Lab,Prof. Faculty 211,EL-201
6392,BE,Electronics & Communication,LY,7,B,Thursday,10:00,11:00,Web Development,Prof. Faculty 073,EL-246
6393,BE,Electronics & Communication,LY,7,B,Thursday,11:15,12:15,Computer Networks,Prof. Faculty 240,EL-204
6394,BE,Electronics & Communication,LY,7,B,Thursday,12:15,01:15,Cyber Security,Prof. Faculty 243,EL-228
6395,BE,Electronics & Communication,LY,7,B,Thursday,02:00,03:00,Python Programming,Prof. Faculty 007,EL-274
6396,BE,Electronics & Communication,LY,7,B,Thursday,03:00,04:00,Web Development,Prof. Faculty 012,EL-205
6397,BE,Electronics & Communication,LY,7,B,Friday,09:00,10:00,DBMS,Prof. Faculty 120,EL-300
6398,BE,Electronics & Communication,LY,7,B,Friday,10:00,11:00,Operating Systems,Prof. Faculty 011,EL-317
6399,BE,Electronics & Communication,LY,7,B,Friday,11:15,12:15,Electrical Machines,Prof. Faculty 226,EL-157
6400,BE,Electronics & Communication,LY,7,B,Friday,12:15,01:15,Project Lab,Prof. Faculty 234,EL-188
6401,BE,Electronics & Communication,LY,7,B,Friday,02:00,03:00,Web Development,Prof. Faculty 001,EL-155
6402,BE,Electronics & Communication,LY,7,B,Friday,03:00,04:00,Java Programming,Prof. Faculty 021,EL-193
6403,BE,Electronics & Communication,LY,7,B,Saturday,09:00,10:00,Electrical Machines,Prof. Faculty 036,EL-182
6404,BE,Electronics & Communication,LY,7,B,Saturday,10:00,11:00,Cyber Security,Prof. Faculty 215,EL-101
6405,BE,Electronics & Communication,LY,7,B,Saturday,11:15,12:15,Cloud Computing,Prof. Faculty 078,EL-276
6406,BE,Electronics & Communication,LY,7,B,Saturday,12:15,01:15,Operating Systems,Prof. Faculty 116,EL-135
6407,BE,Electronics & Communication,LY,7,B,Saturday,02:00,03:00,Java Programming,Prof. Faculty 203,EL-129
6408,BE,Electronics & Communication,LY,7,B,Saturday,03:00,04:00,CAD/CAM,Prof. Faculty 212,EL-103
6409,BE,Electronics & Communication,LY,8,A,Monday,09:00,10:00,Project Lab,Prof. Faculty 164,EL-213
6410,BE,Electronics & Communication,LY,8,A,Monday,10:00,11:00,Python Programming,Prof. Faculty 223,EL-284
6411,BE,Electronics & Communication,LY,8,A,Monday,11:15,12:15,Cyber Security,Prof. Faculty 098,EL-132
6412,BE,Electronics & Communication,LY,8,A,Monday,12:15,01:15,Physics,Prof. Faculty 168,EL-231
6413,BE,Electronics & Communication,LY,8,A,Monday,02:00,03:00,Cyber Security,Prof. Faculty 204,EL-135
6414,BE,Electronics & Communication,LY,8,A,Monday,03:00,04:00,Operating Systems,Prof. Faculty 112,EL-214
6415,BE,Electronics & Communication,LY,8,A,Tuesday,09:00,10:00,DBMS,Prof. Faculty 020,EL-235
6416,BE,Electronics & Communication,LY,8,A,Tuesday,10:00,11:00,Cyber Security,Prof. Faculty 239,EL-251
6417,BE,Electronics & Communication,LY,8,A,Tuesday,11:15,12:15,Mathematics,Prof. Faculty 152,EL-317
6418,BE,Electronics & Communication,LY,8,A,Tuesday,12:15,01:15,DBMS,Prof. Faculty 102,EL-202
6419,BE,Electronics & Communication,LY,8,A,Tuesday,02:00,03:00,Digital Electronics,Prof. Faculty 065,EL-142
6420,BE,Electronics & Communication,LY,8,A,Tuesday,03:00,04:00,DBMS,Prof. Faculty 128,EL-246
6421,BE,Electronics & Communication,LY,8,A,Wednesday,09:00,10:00,Operating Systems,Prof. Faculty 149,EL-270
6422,BE,Electronics & Communication,LY,8,A,Wednesday,10:00,11:00,Project Lab,Prof. Faculty 223,EL-310
6423,BE,Electronics & Communication,LY,8,A,Wednesday,11:15,12:15,Project Lab,Prof. Faculty 052,EL-221
6424,BE,Electronics & Communication,LY,8,A,Wednesday,12:15,01:15,Data Structures,Prof. Faculty 197,EL-168
6425,BE,Electronics & Communication,LY,8,A,Wednesday,02:00,03:00,Computer Networks,Prof. Faculty 125,EL-221
6426,BE,Electronics & Communication,LY,8,A,Wednesday,03:00,04:00,Project Lab,Prof. Faculty 097,EL-107
6427,BE,Electronics & Communication,LY,8,A,Thursday,09:00,10:00,Cyber Security,Prof. Faculty 053,EL-243
6428,BE,Electronics & Communication,LY,8,A,Thursday,10:00,11:00,Thermodynamics,Prof. Faculty 041,EL-173
6429,BE,Electronics & Communication,LY,8,A,Thursday,11:15,12:15,CAD/CAM,Prof. Faculty 136,EL-214
6430,BE,Electronics & Communication,LY,8,A,Thursday,12:15,01:15,Mathematics,Prof. Faculty 243,EL-313
6431,BE,Electronics & Communication,LY,8,A,Thursday,02:00,03:00,Project Lab,Prof. Faculty 141,EL-185
6432,BE,Electronics & Communication,LY,8,A,Thursday,03:00,04:00,CAD/CAM,Prof. Faculty 014,EL-273
6433,BE,Electronics & Communication,LY,8,A,Friday,09:00,10:00,Cloud Computing,Prof. Faculty 013,EL-202
6434,BE,Electronics & Communication,LY,8,A,Friday,10:00,11:00,Digital Electronics,Prof. Faculty 054,EL-103
6435,BE,Electronics & Communication,LY,8,A,Friday,11:15,12:15,Digital Electronics,Prof. Faculty 185,EL-170
6436,BE,Electronics & Communication,LY,8,A,Friday,12:15,01:15,Surveying,Prof. Faculty 053,EL-190
6437,BE,Electronics & Communication,LY,8,A,Friday,02:00,03:00,Cloud Computing,Prof. Faculty 135,EL-104
6438,BE,Electronics & Communication,LY,8,A,Friday,03:00,04:00,Cyber Security,Prof. Faculty 057,EL-193
6439,BE,Electronics & Communication,LY,8,A,Saturday,09:00,10:00,Cloud Computing,Prof. Faculty 108,EL-222
6440,BE,Electronics & Communication,LY,8,A,Saturday,10:00,11:00,Physics,Prof. Faculty 072,EL-302
6441,BE,Electronics & Communication,LY,8,A,Saturday,11:15,12:15,Thermodynamics,Prof. Faculty 073,EL-313
6442,BE,Electronics & Communication,LY,8,A,Saturday,12:15,01:15,Data Structures,Prof. Faculty 190,EL-150
6443,BE,Electronics & Communication,LY,8,A,Saturday,02:00,03:00,Cloud Computing,Prof. Faculty 171,EL-113
6444,BE,Electronics & Communication,LY,8,A,Saturday,03:00,04:00,Electrical Machines,Prof. Faculty 185,EL-262
6445,BE,Electronics & Communication,LY,8,B,Monday,09:00,10:00,Cloud Computing,Prof. Faculty 189,EL-274
6446,BE,Electronics & Communication,LY,8,B,Monday,10:00,11:00,DBMS,Prof. Faculty 206,EL-114
6447,BE,Electronics & Communication,LY,8,B,Monday,11:15,12:15,Data Structures,Prof. Faculty 159,EL-283
6448,BE,Electronics & Communication,LY,8,B,Monday,12:15,01:15,Software Engineering,Prof. Faculty 075,EL-106
6449,BE,Electronics & Communication,LY,8,B,Monday,02:00,03:00,Operating Systems,Prof. Faculty 004,EL-140
6450,BE,Electronics & Communication,LY,8,B,Monday,03:00,04:00,AI Fundamentals,Prof. Faculty 091,EL-106
6451,BE,Electronics & Communication,LY,8,B,Tuesday,09:00,10:00,Python Programming,Prof. Faculty 028,EL-170
6452,BE,Electronics & Communication,LY,8,B,Tuesday,10:00,11:00,Web Development,Prof. Faculty 139,EL-114
6453,BE,Electronics & Communication,LY,8,B,Tuesday,11:15,12:15,Web Development,Prof. Faculty 212,EL-295
6454,BE,Electronics & Communication,LY,8,B,Tuesday,12:15,01:15,Python Programming,Prof. Faculty 017,EL-263
6455,BE,Electronics & Communication,LY,8,B,Tuesday,02:00,03:00,Thermodynamics,Prof. Faculty 228,EL-278
6456,BE,Electronics & Communication,LY,8,B,Tuesday,03:00,04:00,AI Fundamentals,Prof. Faculty 082,EL-189
6457,BE,Electronics & Communication,LY,8,B,Wednesday,09:00,10:00,Physics,Prof. Faculty 162,EL-105
6458,BE,Electronics & Communication,LY,8,B,Wednesday,10:00,11:00,Project Lab,Prof. Faculty 002,EL-262
6459,BE,Electronics & Communication,LY,8,B,Wednesday,11:15,12:15,Electrical Machines,Prof. Faculty 097,EL-212
6460,BE,Electronics & Communication,LY,8,B,Wednesday,12:15,01:15,Cyber Security,Prof. Faculty 144,EL-267
6461,BE,Electronics & Communication,LY,8,B,Wednesday,02:00,03:00,Project Lab,Prof. Faculty 017,EL-199
6462,BE,Electronics & Communication,LY,8,B,Wednesday,03:00,04:00,Digital Electronics,Prof. Faculty 142,EL-314
6463,BE,Electronics & Communication,LY,8,B,Thursday,09:00,10:00,Electrical Machines,Prof. Faculty 027,EL-104
6464,BE,Electronics & Communication,LY,8,B,Thursday,10:00,11:00,Web Development,Prof. Faculty 126,EL-198
6465,BE,Electronics & Communication,LY,8,B,Thursday,11:15,12:15,Cloud Computing,Prof. Faculty 133,EL-184
6466,BE,Electronics & Communication,LY,8,B,Thursday,12:15,01:15,Electrical Machines,Prof. Faculty 099,EL-152
6467,BE,Electronics & Communication,LY,8,B,Thursday,02:00,03:00,AI Fundamentals,Prof. Faculty 218,EL-180
6468,BE,Electronics & Communication,LY,8,B,Thursday,03:00,04:00,Operating Systems,Prof. Faculty 053,EL-134
6469,BE,Electronics & Communication,LY,8,B,Friday,09:00,10:00,Cyber Security,Prof. Faculty 116,EL-303
6470,BE,Electronics & Communication,LY,8,B,Friday,10:00,11:00,Mathematics,Prof. Faculty 077,EL-315
6471,BE,Electronics & Communication,LY,8,B,Friday,11:15,12:15,Software Engineering,Prof. Faculty 223,EL-128
6472,BE,Electronics & Communication,LY,8,B,Friday,12:15,01:15,Data Structures,Prof. Faculty 213,EL-180
6473,BE,Electronics & Communication,LY,8,B,Friday,02:00,03:00,Java Programming,Prof. Faculty 088,EL-237
6474,BE,Electronics & Communication,LY,8,B,Friday,03:00,04:00,Digital Electronics,Prof. Faculty 112,EL-290
6475,BE,Electronics & Communication,LY,8,B,Saturday,09:00,10:00,Thermodynamics,Prof. Faculty 040,EL-199
6476,BE,Electronics & Communication,LY,8,B,Saturday,10:00,11:00,Project Lab,Prof. Faculty 054,EL-181
6477,BE,Electronics & Communication,LY,8,B,Saturday,11:15,12:15,Project Lab,Prof. Faculty 201,EL-154
6478,BE,Electronics & Communication,LY,8,B,Saturday,12:15,01:15,Web Development,Prof. Faculty 210,EL-251
6479,BE,Electronics & Communication,LY,8,B,Saturday,02:00,03:00,Thermodynamics,Prof. Faculty 078,EL-310
6480,BE,Electronics & Communication,LY,8,B,Saturday,03:00,04:00,Machine Learning,Prof. Faculty 003,EL-208
6481,BE,Artificial Intelligence & Machine Learning,FY,1,A,Monday,09:00,10:00,CAD/CAM,Prof. Faculty 210,AR-286
6482,BE,Artificial Intelligence & Machine Learning,FY,1,A,Monday,10:00,11:00,Electrical Machines,Prof. Faculty 247,AR-150
6483,BE,Artificial Intelligence & Machine Learning,FY,1,A,Monday,11:15,12:15,DBMS,Prof. Faculty 119,AR-154
6484,BE,Artificial Intelligence & Machine Learning,FY,1,A,Monday,12:15,01:15,Thermodynamics,Prof. Faculty 099,AR-169
6485,BE,Artificial Intelligence & Machine Learning,FY,1,A,Monday,02:00,03:00,Software Engineering,Prof. Faculty 095,AR-265
6486,BE,Artificial Intelligence & Machine Learning,FY,1,A,Monday,03:00,04:00,Cyber Security,Prof. Faculty 245,AR-242
6487,BE,Artificial Intelligence & Machine Learning,FY,1,A,Tuesday,09:00,10:00,Cloud Computing,Prof. Faculty 090,AR-125
6488,BE,Artificial Intelligence & Machine Learning,FY,1,A,Tuesday,10:00,11:00,Computer Networks,Prof. Faculty 008,AR-288
6489,BE,Artificial Intelligence & Machine Learning,FY,1,A,Tuesday,11:15,12:15,Physics,Prof. Faculty 056,AR-230
6490,BE,Artificial Intelligence & Machine Learning,FY,1,A,Tuesday,12:15,01:15,Web Development,Prof. Faculty 218,AR-286
6491,BE,Artificial Intelligence & Machine Learning,FY,1,A,Tuesday,02:00,03:00,Physics,Prof. Faculty 038,AR-269
6492,BE,Artificial Intelligence & Machine Learning,FY,1,A,Tuesday,03:00,04:00,Web Development,Prof. Faculty 020,AR-297
6493,BE,Artificial Intelligence & Machine Learning,FY,1,A,Wednesday,09:00,10:00,DBMS,Prof. Faculty 203,AR-143
6494,BE,Artificial Intelligence & Machine Learning,FY,1,A,Wednesday,10:00,11:00,Thermodynamics,Prof. Faculty 138,AR-292
6495,BE,Artificial Intelligence & Machine Learning,FY,1,A,Wednesday,11:15,12:15,Electrical Machines,Prof. Faculty 003,AR-187
6496,BE,Artificial Intelligence & Machine Learning,FY,1,A,Wednesday,12:15,01:15,Cloud Computing,Prof. Faculty 132,AR-256
6497,BE,Artificial Intelligence & Machine Learning,FY,1,A,Wednesday,02:00,03:00,AI Fundamentals,Prof. Faculty 064,AR-271
6498,BE,Artificial Intelligence & Machine Learning,FY,1,A,Wednesday,03:00,04:00,Project Lab,Prof. Faculty 108,AR-210
6499,BE,Artificial Intelligence & Machine Learning,FY,1,A,Thursday,09:00,10:00,Project Lab,Prof. Faculty 095,AR-255
6500,BE,Artificial Intelligence & Machine Learning,FY,1,A,Thursday,10:00,11:00,Cyber Security,Prof. Faculty 183,AR-202
6501,BE,Artificial Intelligence & Machine Learning,FY,1,A,Thursday,11:15,12:15,Cloud Computing,Prof. Faculty 222,AR-103
6502,BE,Artificial Intelligence & Machine Learning,FY,1,A,Thursday,12:15,01:15,Physics,Prof. Faculty 163,AR-220
6503,BE,Artificial Intelligence & Machine Learning,FY,1,A,Thursday,02:00,03:00,Java Programming,Prof. Faculty 166,AR-177
6504,BE,Artificial Intelligence & Machine Learning,FY,1,A,Thursday,03:00,04:00,Python Programming,Prof. Faculty 041,AR-160
6505,BE,Artificial Intelligence & Machine Learning,FY,1,A,Friday,09:00,10:00,Machine Learning,Prof. Faculty 113,AR-267
6506,BE,Artificial Intelligence & Machine Learning,FY,1,A,Friday,10:00,11:00,Project Lab,Prof. Faculty 095,AR-143
6507,BE,Artificial Intelligence & Machine Learning,FY,1,A,Friday,11:15,12:15,Machine Learning,Prof. Faculty 150,AR-138
6508,BE,Artificial Intelligence & Machine Learning,FY,1,A,Friday,12:15,01:15,DBMS,Prof. Faculty 091,AR-156
6509,BE,Artificial Intelligence & Machine Learning,FY,1,A,Friday,02:00,03:00,Project Lab,Prof. Faculty 095,AR-157
6510,BE,Artificial Intelligence & Machine Learning,FY,1,A,Friday,03:00,04:00,CAD/CAM,Prof. Faculty 109,AR-167
6511,BE,Artificial Intelligence & Machine Learning,FY,1,A,Saturday,09:00,10:00,Physics,Prof. Faculty 041,AR-269
6512,BE,Artificial Intelligence & Machine Learning,FY,1,A,Saturday,10:00,11:00,Surveying,Prof. Faculty 010,AR-305
6513,BE,Artificial Intelligence & Machine Learning,FY,1,A,Saturday,11:15,12:15,Operating Systems,Prof. Faculty 173,AR-233
6514,BE,Artificial Intelligence & Machine Learning,FY,1,A,Saturday,12:15,01:15,Physics,Prof. Faculty 099,AR-277
6515,BE,Artificial Intelligence & Machine Learning,FY,1,A,Saturday,02:00,03:00,Cyber Security,Prof. Faculty 111,AR-319
6516,BE,Artificial Intelligence & Machine Learning,FY,1,A,Saturday,03:00,04:00,Cloud Computing,Prof. Faculty 070,AR-171
6517,BE,Artificial Intelligence & Machine Learning,FY,1,B,Monday,09:00,10:00,DBMS,Prof. Faculty 248,AR-117
6518,BE,Artificial Intelligence & Machine Learning,FY,1,B,Monday,10:00,11:00,Electrical Machines,Prof. Faculty 106,AR-217
6519,BE,Artificial Intelligence & Machine Learning,FY,1,B,Monday,11:15,12:15,Software Engineering,Prof. Faculty 015,AR-219
6520,BE,Artificial Intelligence & Machine Learning,FY,1,B,Monday,12:15,01:15,Web Development,Prof. Faculty 079,AR-296
6521,BE,Artificial Intelligence & Machine Learning,FY,1,B,Monday,02:00,03:00,Electrical Machines,Prof. Faculty 075,AR-168
6522,BE,Artificial Intelligence & Machine Learning,FY,1,B,Monday,03:00,04:00,Python Programming,Prof. Faculty 193,AR-263
6523,BE,Artificial Intelligence & Machine Learning,FY,1,B,Tuesday,09:00,10:00,Mathematics,Prof. Faculty 211,AR-211
6524,BE,Artificial Intelligence & Machine Learning,FY,1,B,Tuesday,10:00,11:00,Data Structures,Prof. Faculty 240,AR-266
6525,BE,Artificial Intelligence & Machine Learning,FY,1,B,Tuesday,11:15,12:15,Surveying,Prof. Faculty 218,AR-205
6526,BE,Artificial Intelligence & Machine Learning,FY,1,B,Tuesday,12:15,01:15,Cyber Security,Prof. Faculty 210,AR-235
6527,BE,Artificial Intelligence & Machine Learning,FY,1,B,Tuesday,02:00,03:00,Mathematics,Prof. Faculty 210,AR-312
6528,BE,Artificial Intelligence & Machine Learning,FY,1,B,Tuesday,03:00,04:00,Operating Systems,Prof. Faculty 029,AR-173
6529,BE,Artificial Intelligence & Machine Learning,FY,1,B,Wednesday,09:00,10:00,CAD/CAM,Prof. Faculty 094,AR-317
6530,BE,Artificial Intelligence & Machine Learning,FY,1,B,Wednesday,10:00,11:00,Thermodynamics,Prof. Faculty 174,AR-110
6531,BE,Artificial Intelligence & Machine Learning,FY,1,B,Wednesday,11:15,12:15,Cloud Computing,Prof. Faculty 165,AR-309
6532,BE,Artificial Intelligence & Machine Learning,FY,1,B,Wednesday,12:15,01:15,CAD/CAM,Prof. Faculty 078,AR-263
6533,BE,Artificial Intelligence & Machine Learning,FY,1,B,Wednesday,02:00,03:00,DBMS,Prof. Faculty 226,AR-125
6534,BE,Artificial Intelligence & Machine Learning,FY,1,B,Wednesday,03:00,04:00,Mathematics,Prof. Faculty 240,AR-262
6535,BE,Artificial Intelligence & Machine Learning,FY,1,B,Thursday,09:00,10:00,CAD/CAM,Prof. Faculty 198,AR-212
6536,BE,Artificial Intelligence & Machine Learning,FY,1,B,Thursday,10:00,11:00,DBMS,Prof. Faculty 063,AR-192
6537,BE,Artificial Intelligence & Machine Learning,FY,1,B,Thursday,11:15,12:15,Cyber Security,Prof. Faculty 127,AR-308
6538,BE,Artificial Intelligence & Machine Learning,FY,1,B,Thursday,12:15,01:15,Mathematics,Prof. Faculty 182,AR-154
6539,BE,Artificial Intelligence & Machine Learning,FY,1,B,Thursday,02:00,03:00,Data Structures,Prof. Faculty 013,AR-317
6540,BE,Artificial Intelligence & Machine Learning,FY,1,B,Thursday,03:00,04:00,Java Programming,Prof. Faculty 083,AR-295
6541,BE,Artificial Intelligence & Machine Learning,FY,1,B,Friday,09:00,10:00,Web Development,Prof. Faculty 055,AR-260
6542,BE,Artificial Intelligence & Machine Learning,FY,1,B,Friday,10:00,11:00,Web Development,Prof. Faculty 240,AR-149
6543,BE,Artificial Intelligence & Machine Learning,FY,1,B,Friday,11:15,12:15,Operating Systems,Prof. Faculty 045,AR-196
6544,BE,Artificial Intelligence & Machine Learning,FY,1,B,Friday,12:15,01:15,Machine Learning,Prof. Faculty 135,AR-180
6545,BE,Artificial Intelligence & Machine Learning,FY,1,B,Friday,02:00,03:00,Project Lab,Prof. Faculty 003,AR-312
6546,BE,Artificial Intelligence & Machine Learning,FY,1,B,Friday,03:00,04:00,Mathematics,Prof. Faculty 248,AR-137
6547,BE,Artificial Intelligence & Machine Learning,FY,1,B,Saturday,09:00,10:00,Electrical Machines,Prof. Faculty 179,AR-264
6548,BE,Artificial Intelligence & Machine Learning,FY,1,B,Saturday,10:00,11:00,Physics,Prof. Faculty 214,AR-108
6549,BE,Artificial Intelligence & Machine Learning,FY,1,B,Saturday,11:15,12:15,DBMS,Prof. Faculty 042,AR-111
6550,BE,Artificial Intelligence & Machine Learning,FY,1,B,Saturday,12:15,01:15,Python Programming,Prof. Faculty 123,AR-135
6551,BE,Artificial Intelligence & Machine Learning,FY,1,B,Saturday,02:00,03:00,Electrical Machines,Prof. Faculty 235,AR-257
6552,BE,Artificial Intelligence & Machine Learning,FY,1,B,Saturday,03:00,04:00,Operating Systems,Prof. Faculty 081,AR-234
6553,BE,Artificial Intelligence & Machine Learning,FY,2,A,Monday,09:00,10:00,CAD/CAM,Prof. Faculty 215,AR-295
6554,BE,Artificial Intelligence & Machine Learning,FY,2,A,Monday,10:00,11:00,Digital Electronics,Prof. Faculty 235,AR-233
6555,BE,Artificial Intelligence & Machine Learning,FY,2,A,Monday,11:15,12:15,Digital Electronics,Prof. Faculty 222,AR-160
6556,BE,Artificial Intelligence & Machine Learning,FY,2,A,Monday,12:15,01:15,Software Engineering,Prof. Faculty 093,AR-103
6557,BE,Artificial Intelligence & Machine Learning,FY,2,A,Monday,02:00,03:00,DBMS,Prof. Faculty 183,AR-199
6558,BE,Artificial Intelligence & Machine Learning,FY,2,A,Monday,03:00,04:00,Surveying,Prof. Faculty 173,AR-163
6559,BE,Artificial Intelligence & Machine Learning,FY,2,A,Tuesday,09:00,10:00,Data Structures,Prof. Faculty 143,AR-289
6560,BE,Artificial Intelligence & Machine Learning,FY,2,A,Tuesday,10:00,11:00,Thermodynamics,Prof. Faculty 077,AR-173
6561,BE,Artificial Intelligence & Machine Learning,FY,2,A,Tuesday,11:15,12:15,Surveying,Prof. Faculty 226,AR-204
6562,BE,Artificial Intelligence & Machine Learning,FY,2,A,Tuesday,12:15,01:15,Operating Systems,Prof. Faculty 181,AR-107
6563,BE,Artificial Intelligence & Machine Learning,FY,2,A,Tuesday,02:00,03:00,CAD/CAM,Prof. Faculty 097,AR-263
6564,BE,Artificial Intelligence & Machine Learning,FY,2,A,Tuesday,03:00,04:00,Digital Electronics,Prof. Faculty 241,AR-318
6565,BE,Artificial Intelligence & Machine Learning,FY,2,A,Wednesday,09:00,10:00,Machine Learning,Prof. Faculty 137,AR-289
6566,BE,Artificial Intelligence & Machine Learning,FY,2,A,Wednesday,10:00,11:00,Web Development,Prof. Faculty 186,AR-176
6567,BE,Artificial Intelligence & Machine Learning,FY,2,A,Wednesday,11:15,12:15,Machine Learning,Prof. Faculty 048,AR-174
6568,BE,Artificial Intelligence & Machine Learning,FY,2,A,Wednesday,12:15,01:15,Computer Networks,Prof. Faculty 044,AR-276
6569,BE,Artificial Intelligence & Machine Learning,FY,2,A,Wednesday,02:00,03:00,Python Programming,Prof. Faculty 096,AR-103
6570,BE,Artificial Intelligence & Machine Learning,FY,2,A,Wednesday,03:00,04:00,CAD/CAM,Prof. Faculty 174,AR-174
6571,BE,Artificial Intelligence & Machine Learning,FY,2,A,Thursday,09:00,10:00,CAD/CAM,Prof. Faculty 180,AR-290
6572,BE,Artificial Intelligence & Machine Learning,FY,2,A,Thursday,10:00,11:00,Python Programming,Prof. Faculty 048,AR-113
6573,BE,Artificial Intelligence & Machine Learning,FY,2,A,Thursday,11:15,12:15,Python Programming,Prof. Faculty 002,AR-168
6574,BE,Artificial Intelligence & Machine Learning,FY,2,A,Thursday,12:15,01:15,Python Programming,Prof. Faculty 097,AR-139
6575,BE,Artificial Intelligence & Machine Learning,FY,2,A,Thursday,02:00,03:00,Cyber Security,Prof. Faculty 101,AR-307
6576,BE,Artificial Intelligence & Machine Learning,FY,2,A,Thursday,03:00,04:00,Surveying,Prof. Faculty 107,AR-258
6577,BE,Artificial Intelligence & Machine Learning,FY,2,A,Friday,09:00,10:00,Python Programming,Prof. Faculty 116,AR-290
6578,BE,Artificial Intelligence & Machine Learning,FY,2,A,Friday,10:00,11:00,Physics,Prof. Faculty 172,AR-200
6579,BE,Artificial Intelligence & Machine Learning,FY,2,A,Friday,11:15,12:15,DBMS,Prof. Faculty 023,AR-113
6580,BE,Artificial Intelligence & Machine Learning,FY,2,A,Friday,12:15,01:15,Digital Electronics,Prof. Faculty 227,AR-258
6581,BE,Artificial Intelligence & Machine Learning,FY,2,A,Friday,02:00,03:00,Operating Systems,Prof. Faculty 024,AR-240
6582,BE,Artificial Intelligence & Machine Learning,FY,2,A,Friday,03:00,04:00,Cloud Computing,Prof. Faculty 068,AR-173
6583,BE,Artificial Intelligence & Machine Learning,FY,2,A,Saturday,09:00,10:00,Digital Electronics,Prof. Faculty 176,AR-150
6584,BE,Artificial Intelligence & Machine Learning,FY,2,A,Saturday,10:00,11:00,Machine Learning,Prof. Faculty 055,AR-296
6585,BE,Artificial Intelligence & Machine Learning,FY,2,A,Saturday,11:15,12:15,Project Lab,Prof. Faculty 171,AR-182
6586,BE,Artificial Intelligence & Machine Learning,FY,2,A,Saturday,12:15,01:15,Operating Systems,Prof. Faculty 176,AR-148
6587,BE,Artificial Intelligence & Machine Learning,FY,2,A,Saturday,02:00,03:00,Machine Learning,Prof. Faculty 227,AR-290
6588,BE,Artificial Intelligence & Machine Learning,FY,2,A,Saturday,03:00,04:00,Mathematics,Prof. Faculty 222,AR-308
6589,BE,Artificial Intelligence & Machine Learning,FY,2,B,Monday,09:00,10:00,Operating Systems,Prof. Faculty 087,AR-126
6590,BE,Artificial Intelligence & Machine Learning,FY,2,B,Monday,10:00,11:00,Operating Systems,Prof. Faculty 144,AR-197
6591,BE,Artificial Intelligence & Machine Learning,FY,2,B,Monday,11:15,12:15,Web Development,Prof. Faculty 067,AR-112
6592,BE,Artificial Intelligence & Machine Learning,FY,2,B,Monday,12:15,01:15,CAD/CAM,Prof. Faculty 168,AR-196
6593,BE,Artificial Intelligence & Machine Learning,FY,2,B,Monday,02:00,03:00,Thermodynamics,Prof. Faculty 231,AR-117
6594,BE,Artificial Intelligence & Machine Learning,FY,2,B,Monday,03:00,04:00,Mathematics,Prof. Faculty 204,AR-211
6595,BE,Artificial Intelligence & Machine Learning,FY,2,B,Tuesday,09:00,10:00,Web Development,Prof. Faculty 128,AR-153
6596,BE,Artificial Intelligence & Machine Learning,FY,2,B,Tuesday,10:00,11:00,Surveying,Prof. Faculty 117,AR-184
6597,BE,Artificial Intelligence & Machine Learning,FY,2,B,Tuesday,11:15,12:15,Thermodynamics,Prof. Faculty 161,AR-239
6598,BE,Artificial Intelligence & Machine Learning,FY,2,B,Tuesday,12:15,01:15,Project Lab,Prof. Faculty 049,AR-132
6599,BE,Artificial Intelligence & Machine Learning,FY,2,B,Tuesday,02:00,03:00,Electrical Machines,Prof. Faculty 003,AR-128
6600,BE,Artificial Intelligence & Machine Learning,FY,2,B,Tuesday,03:00,04:00,Physics,Prof. Faculty 128,AR-238
6601,BE,Artificial Intelligence & Machine Learning,FY,2,B,Wednesday,09:00,10:00,AI Fundamentals,Prof. Faculty 081,AR-254
6602,BE,Artificial Intelligence & Machine Learning,FY,2,B,Wednesday,10:00,11:00,CAD/CAM,Prof. Faculty 156,AR-187
6603,BE,Artificial Intelligence & Machine Learning,FY,2,B,Wednesday,11:15,12:15,Project Lab,Prof. Faculty 223,AR-187
6604,BE,Artificial Intelligence & Machine Learning,FY,2,B,Wednesday,12:15,01:15,Surveying,Prof. Faculty 018,AR-318
6605,BE,Artificial Intelligence & Machine Learning,FY,2,B,Wednesday,02:00,03:00,Mathematics,Prof. Faculty 114,AR-265
6606,BE,Artificial Intelligence & Machine Learning,FY,2,B,Wednesday,03:00,04:00,Project Lab,Prof. Faculty 094,AR-215
6607,BE,Artificial Intelligence & Machine Learning,FY,2,B,Thursday,09:00,10:00,Cyber Security,Prof. Faculty 171,AR-211
6608,BE,Artificial Intelligence & Machine Learning,FY,2,B,Thursday,10:00,11:00,Python Programming,Prof. Faculty 201,AR-120
6609,BE,Artificial Intelligence & Machine Learning,FY,2,B,Thursday,11:15,12:15,Physics,Prof. Faculty 016,AR-296
6610,BE,Artificial Intelligence & Machine Learning,FY,2,B,Thursday,12:15,01:15,DBMS,Prof. Faculty 011,AR-311
6611,BE,Artificial Intelligence & Machine Learning,FY,2,B,Thursday,02:00,03:00,Project Lab,Prof. Faculty 171,AR-295
6612,BE,Artificial Intelligence & Machine Learning,FY,2,B,Thursday,03:00,04:00,CAD/CAM,Prof. Faculty 232,AR-140
6613,BE,Artificial Intelligence & Machine Learning,FY,2,B,Friday,09:00,10:00,Data Structures,Prof. Faculty 214,AR-208
6614,BE,Artificial Intelligence & Machine Learning,FY,2,B,Friday,10:00,11:00,Web Development,Prof. Faculty 114,AR-217
6615,BE,Artificial Intelligence & Machine Learning,FY,2,B,Friday,11:15,12:15,CAD/CAM,Prof. Faculty 024,AR-222
6616,BE,Artificial Intelligence & Machine Learning,FY,2,B,Friday,12:15,01:15,Operating Systems,Prof. Faculty 053,AR-267
6617,BE,Artificial Intelligence & Machine Learning,FY,2,B,Friday,02:00,03:00,Machine Learning,Prof. Faculty 082,AR-266
6618,BE,Artificial Intelligence & Machine Learning,FY,2,B,Friday,03:00,04:00,DBMS,Prof. Faculty 017,AR-120
6619,BE,Artificial Intelligence & Machine Learning,FY,2,B,Saturday,09:00,10:00,Computer Networks,Prof. Faculty 118,AR-156
6620,BE,Artificial Intelligence & Machine Learning,FY,2,B,Saturday,10:00,11:00,Python Programming,Prof. Faculty 008,AR-307
6621,BE,Artificial Intelligence & Machine Learning,FY,2,B,Saturday,11:15,12:15,Computer Networks,Prof. Faculty 042,AR-111
6622,BE,Artificial Intelligence & Machine Learning,FY,2,B,Saturday,12:15,01:15,Cloud Computing,Prof. Faculty 182,AR-106
6623,BE,Artificial Intelligence & Machine Learning,FY,2,B,Saturday,02:00,03:00,Project Lab,Prof. Faculty 116,AR-249
6624,BE,Artificial Intelligence & Machine Learning,FY,2,B,Saturday,03:00,04:00,Cloud Computing,Prof. Faculty 170,AR-205
6625,BE,Artificial Intelligence & Machine Learning,SY,3,A,Monday,09:00,10:00,Surveying,Prof. Faculty 199,AR-109
6626,BE,Artificial Intelligence & Machine Learning,SY,3,A,Monday,10:00,11:00,Data Structures,Prof. Faculty 069,AR-317
6627,BE,Artificial Intelligence & Machine Learning,SY,3,A,Monday,11:15,12:15,Java Programming,Prof. Faculty 079,AR-244
6628,BE,Artificial Intelligence & Machine Learning,SY,3,A,Monday,12:15,01:15,Project Lab,Prof. Faculty 051,AR-204
6629,BE,Artificial Intelligence & Machine Learning,SY,3,A,Monday,02:00,03:00,DBMS,Prof. Faculty 026,AR-134
6630,BE,Artificial Intelligence & Machine Learning,SY,3,A,Monday,03:00,04:00,Thermodynamics,Prof. Faculty 127,AR-171
6631,BE,Artificial Intelligence & Machine Learning,SY,3,A,Tuesday,09:00,10:00,DBMS,Prof. Faculty 015,AR-200
6632,BE,Artificial Intelligence & Machine Learning,SY,3,A,Tuesday,10:00,11:00,Java Programming,Prof. Faculty 145,AR-283
6633,BE,Artificial Intelligence & Machine Learning,SY,3,A,Tuesday,11:15,12:15,Thermodynamics,Prof. Faculty 248,AR-221
6634,BE,Artificial Intelligence & Machine Learning,SY,3,A,Tuesday,12:15,01:15,Python Programming,Prof. Faculty 032,AR-116
6635,BE,Artificial Intelligence & Machine Learning,SY,3,A,Tuesday,02:00,03:00,Mathematics,Prof. Faculty 038,AR-180
6636,BE,Artificial Intelligence & Machine Learning,SY,3,A,Tuesday,03:00,04:00,Cloud Computing,Prof. Faculty 041,AR-238
6637,BE,Artificial Intelligence & Machine Learning,SY,3,A,Wednesday,09:00,10:00,Thermodynamics,Prof. Faculty 151,AR-234
6638,BE,Artificial Intelligence & Machine Learning,SY,3,A,Wednesday,10:00,11:00,CAD/CAM,Prof. Faculty 242,AR-120
6639,BE,Artificial Intelligence & Machine Learning,SY,3,A,Wednesday,11:15,12:15,Digital Electronics,Prof. Faculty 224,AR-318
6640,BE,Artificial Intelligence & Machine Learning,SY,3,A,Wednesday,12:15,01:15,Cyber Security,Prof. Faculty 038,AR-132
6641,BE,Artificial Intelligence & Machine Learning,SY,3,A,Wednesday,02:00,03:00,DBMS,Prof. Faculty 121,AR-119
6642,BE,Artificial Intelligence & Machine Learning,SY,3,A,Wednesday,03:00,04:00,Cyber Security,Prof. Faculty 063,AR-168
6643,BE,Artificial Intelligence & Machine Learning,SY,3,A,Thursday,09:00,10:00,Thermodynamics,Prof. Faculty 056,AR-146
6644,BE,Artificial Intelligence & Machine Learning,SY,3,A,Thursday,10:00,11:00,Python Programming,Prof. Faculty 079,AR-228
6645,BE,Artificial Intelligence & Machine Learning,SY,3,A,Thursday,11:15,12:15,Electrical Machines,Prof. Faculty 012,AR-245
6646,BE,Artificial Intelligence & Machine Learning,SY,3,A,Thursday,12:15,01:15,Project Lab,Prof. Faculty 118,AR-277
6647,BE,Artificial Intelligence & Machine Learning,SY,3,A,Thursday,02:00,03:00,Electrical Machines,Prof. Faculty 044,AR-246
6648,BE,Artificial Intelligence & Machine Learning,SY,3,A,Thursday,03:00,04:00,Python Programming,Prof. Faculty 242,AR-307
6649,BE,Artificial Intelligence & Machine Learning,SY,3,A,Friday,09:00,10:00,Computer Networks,Prof. Faculty 250,AR-151
6650,BE,Artificial Intelligence & Machine Learning,SY,3,A,Friday,10:00,11:00,Digital Electronics,Prof. Faculty 098,AR-270
6651,BE,Artificial Intelligence & Machine Learning,SY,3,A,Friday,11:15,12:15,Digital Electronics,Prof. Faculty 073,AR-185
6652,BE,Artificial Intelligence & Machine Learning,SY,3,A,Friday,12:15,01:15,Operating Systems,Prof. Faculty 201,AR-217
6653,BE,Artificial Intelligence & Machine Learning,SY,3,A,Friday,02:00,03:00,Physics,Prof. Faculty 074,AR-102
6654,BE,Artificial Intelligence & Machine Learning,SY,3,A,Friday,03:00,04:00,Python Programming,Prof. Faculty 199,AR-206
6655,BE,Artificial Intelligence & Machine Learning,SY,3,A,Saturday,09:00,10:00,Project Lab,Prof. Faculty 242,AR-159
6656,BE,Artificial Intelligence & Machine Learning,SY,3,A,Saturday,10:00,11:00,Electrical Machines,Prof. Faculty 111,AR-220
6657,BE,Artificial Intelligence & Machine Learning,SY,3,A,Saturday,11:15,12:15,Operating Systems,Prof. Faculty 110,AR-201
6658,BE,Artificial Intelligence & Machine Learning,SY,3,A,Saturday,12:15,01:15,Computer Networks,Prof. Faculty 150,AR-136
6659,BE,Artificial Intelligence & Machine Learning,SY,3,A,Saturday,02:00,03:00,Machine Learning,Prof. Faculty 197,AR-309
6660,BE,Artificial Intelligence & Machine Learning,SY,3,A,Saturday,03:00,04:00,DBMS,Prof. Faculty 171,AR-158
6661,BE,Artificial Intelligence & Machine Learning,SY,3,B,Monday,09:00,10:00,Machine Learning,Prof. Faculty 063,AR-104
6662,BE,Artificial Intelligence & Machine Learning,SY,3,B,Monday,10:00,11:00,Data Structures,Prof. Faculty 074,AR-277
6663,BE,Artificial Intelligence & Machine Learning,SY,3,B,Monday,11:15,12:15,Project Lab,Prof. Faculty 224,AR-282
6664,BE,Artificial Intelligence & Machine Learning,SY,3,B,Monday,12:15,01:15,Machine Learning,Prof. Faculty 118,AR-289
6665,BE,Artificial Intelligence & Machine Learning,SY,3,B,Monday,02:00,03:00,CAD/CAM,Prof. Faculty 029,AR-152
6666,BE,Artificial Intelligence & Machine Learning,SY,3,B,Monday,03:00,04:00,AI Fundamentals,Prof. Faculty 046,AR-306
6667,BE,Artificial Intelligence & Machine Learning,SY,3,B,Tuesday,09:00,10:00,Project Lab,Prof. Faculty 235,AR-313
6668,BE,Artificial Intelligence & Machine Learning,SY,3,B,Tuesday,10:00,11:00,Operating Systems,Prof. Faculty 032,AR-107
6669,BE,Artificial Intelligence & Machine Learning,SY,3,B,Tuesday,11:15,12:15,Thermodynamics,Prof. Faculty 206,AR-319
6670,BE,Artificial Intelligence & Machine Learning,SY,3,B,Tuesday,12:15,01:15,Cyber Security,Prof. Faculty 164,AR-237
6671,BE,Artificial Intelligence & Machine Learning,SY,3,B,Tuesday,02:00,03:00,Computer Networks,Prof. Faculty 025,AR-292
6672,BE,Artificial Intelligence & Machine Learning,SY,3,B,Tuesday,03:00,04:00,Surveying,Prof. Faculty 084,AR-193
6673,BE,Artificial Intelligence & Machine Learning,SY,3,B,Wednesday,09:00,10:00,Surveying,Prof. Faculty 110,AR-276
6674,BE,Artificial Intelligence & Machine Learning,SY,3,B,Wednesday,10:00,11:00,Machine Learning,Prof. Faculty 059,AR-300
6675,BE,Artificial Intelligence & Machine Learning,SY,3,B,Wednesday,11:15,12:15,Thermodynamics,Prof. Faculty 117,AR-209
6676,BE,Artificial Intelligence & Machine Learning,SY,3,B,Wednesday,12:15,01:15,Electrical Machines,Prof. Faculty 111,AR-232
6677,BE,Artificial Intelligence & Machine Learning,SY,3,B,Wednesday,02:00,03:00,Cloud Computing,Prof. Faculty 153,AR-114
6678,BE,Artificial Intelligence & Machine Learning,SY,3,B,Wednesday,03:00,04:00,Electrical Machines,Prof. Faculty 150,AR-195
6679,BE,Artificial Intelligence & Machine Learning,SY,3,B,Thursday,09:00,10:00,Web Development,Prof. Faculty 225,AR-277
6680,BE,Artificial Intelligence & Machine Learning,SY,3,B,Thursday,10:00,11:00,Web Development,Prof. Faculty 215,AR-275
6681,BE,Artificial Intelligence & Machine Learning,SY,3,B,Thursday,11:15,12:15,AI Fundamentals,Prof. Faculty 064,AR-266
6682,BE,Artificial Intelligence & Machine Learning,SY,3,B,Thursday,12:15,01:15,Computer Networks,Prof. Faculty 105,AR-304
6683,BE,Artificial Intelligence & Machine Learning,SY,3,B,Thursday,02:00,03:00,Physics,Prof. Faculty 122,AR-159
6684,BE,Artificial Intelligence & Machine Learning,SY,3,B,Thursday,03:00,04:00,Operating Systems,Prof. Faculty 003,AR-262
6685,BE,Artificial Intelligence & Machine Learning,SY,3,B,Friday,09:00,10:00,Computer Networks,Prof. Faculty 046,AR-139
6686,BE,Artificial Intelligence & Machine Learning,SY,3,B,Friday,10:00,11:00,Physics,Prof. Faculty 216,AR-213
6687,BE,Artificial Intelligence & Machine Learning,SY,3,B,Friday,11:15,12:15,AI Fundamentals,Prof. Faculty 010,AR-221
6688,BE,Artificial Intelligence & Machine Learning,SY,3,B,Friday,12:15,01:15,Cloud Computing,Prof. Faculty 149,AR-123
6689,BE,Artificial Intelligence & Machine Learning,SY,3,B,Friday,02:00,03:00,Software Engineering,Prof. Faculty 046,AR-315
6690,BE,Artificial Intelligence & Machine Learning,SY,3,B,Friday,03:00,04:00,DBMS,Prof. Faculty 156,AR-164
6691,BE,Artificial Intelligence & Machine Learning,SY,3,B,Saturday,09:00,10:00,AI Fundamentals,Prof. Faculty 062,AR-255
6692,BE,Artificial Intelligence & Machine Learning,SY,3,B,Saturday,10:00,11:00,Thermodynamics,Prof. Faculty 147,AR-298
6693,BE,Artificial Intelligence & Machine Learning,SY,3,B,Saturday,11:15,12:15,Cyber Security,Prof. Faculty 070,AR-277
6694,BE,Artificial Intelligence & Machine Learning,SY,3,B,Saturday,12:15,01:15,AI Fundamentals,Prof. Faculty 006,AR-173
6695,BE,Artificial Intelligence & Machine Learning,SY,3,B,Saturday,02:00,03:00,DBMS,Prof. Faculty 023,AR-233
6696,BE,Artificial Intelligence & Machine Learning,SY,3,B,Saturday,03:00,04:00,Cloud Computing,Prof. Faculty 234,AR-181
6697,BE,Artificial Intelligence & Machine Learning,SY,4,A,Monday,09:00,10:00,CAD/CAM,Prof. Faculty 120,AR-311
6698,BE,Artificial Intelligence & Machine Learning,SY,4,A,Monday,10:00,11:00,Mathematics,Prof. Faculty 068,AR-189
6699,BE,Artificial Intelligence & Machine Learning,SY,4,A,Monday,11:15,12:15,Data Structures,Prof. Faculty 232,AR-296
6700,BE,Artificial Intelligence & Machine Learning,SY,4,A,Monday,12:15,01:15,Software Engineering,Prof. Faculty 040,AR-218
6701,BE,Artificial Intelligence & Machine Learning,SY,4,A,Monday,02:00,03:00,Computer Networks,Prof. Faculty 190,AR-213
6702,BE,Artificial Intelligence & Machine Learning,SY,4,A,Monday,03:00,04:00,Java Programming,Prof. Faculty 087,AR-221
6703,BE,Artificial Intelligence & Machine Learning,SY,4,A,Tuesday,09:00,10:00,Java Programming,Prof. Faculty 142,AR-168
6704,BE,Artificial Intelligence & Machine Learning,SY,4,A,Tuesday,10:00,11:00,Surveying,Prof. Faculty 034,AR-283
6705,BE,Artificial Intelligence & Machine Learning,SY,4,A,Tuesday,11:15,12:15,Surveying,Prof. Faculty 061,AR-197
6706,BE,Artificial Intelligence & Machine Learning,SY,4,A,Tuesday,12:15,01:15,Digital Electronics,Prof. Faculty 058,AR-148
6707,BE,Artificial Intelligence & Machine Learning,SY,4,A,Tuesday,02:00,03:00,Machine Learning,Prof. Faculty 233,AR-123
6708,BE,Artificial Intelligence & Machine Learning,SY,4,A,Tuesday,03:00,04:00,DBMS,Prof. Faculty 126,AR-119
6709,BE,Artificial Intelligence & Machine Learning,SY,4,A,Wednesday,09:00,10:00,Software Engineering,Prof. Faculty 018,AR-212
6710,BE,Artificial Intelligence & Machine Learning,SY,4,A,Wednesday,10:00,11:00,AI Fundamentals,Prof. Faculty 222,AR-226
6711,BE,Artificial Intelligence & Machine Learning,SY,4,A,Wednesday,11:15,12:15,Project Lab,Prof. Faculty 137,AR-290
6712,BE,Artificial Intelligence & Machine Learning,SY,4,A,Wednesday,12:15,01:15,Machine Learning,Prof. Faculty 160,AR-153
6713,BE,Artificial Intelligence & Machine Learning,SY,4,A,Wednesday,02:00,03:00,Computer Networks,Prof. Faculty 070,AR-218
6714,BE,Artificial Intelligence & Machine Learning,SY,4,A,Wednesday,03:00,04:00,CAD/CAM,Prof. Faculty 151,AR-195
6715,BE,Artificial Intelligence & Machine Learning,SY,4,A,Thursday,09:00,10:00,Mathematics,Prof. Faculty 008,AR-114
6716,BE,Artificial Intelligence & Machine Learning,SY,4,A,Thursday,10:00,11:00,CAD/CAM,Prof. Faculty 163,AR-239
6717,BE,Artificial Intelligence & Machine Learning,SY,4,A,Thursday,11:15,12:15,Electrical Machines,Prof. Faculty 048,AR-214
6718,BE,Artificial Intelligence & Machine Learning,SY,4,A,Thursday,12:15,01:15,Java Programming,Prof. Faculty 183,AR-167
6719,BE,Artificial Intelligence & Machine Learning,SY,4,A,Thursday,02:00,03:00,Electrical Machines,Prof. Faculty 173,AR-108
6720,BE,Artificial Intelligence & Machine Learning,SY,4,A,Thursday,03:00,04:00,Physics,Prof. Faculty 113,AR-312
6721,BE,Artificial Intelligence & Machine Learning,SY,4,A,Friday,09:00,10:00,Data Structures,Prof. Faculty 015,AR-309
6722,BE,Artificial Intelligence & Machine Learning,SY,4,A,Friday,10:00,11:00,Digital Electronics,Prof. Faculty 200,AR-224
6723,BE,Artificial Intelligence & Machine Learning,SY,4,A,Friday,11:15,12:15,Machine Learning,Prof. Faculty 065,AR-277
6724,BE,Artificial Intelligence & Machine Learning,SY,4,A,Friday,12:15,01:15,Cyber Security,Prof. Faculty 087,AR-113
6725,BE,Artificial Intelligence & Machine Learning,SY,4,A,Friday,02:00,03:00,Surveying,Prof. Faculty 038,AR-236
6726,BE,Artificial Intelligence & Machine Learning,SY,4,A,Friday,03:00,04:00,AI Fundamentals,Prof. Faculty 234,AR-128
6727,BE,Artificial Intelligence & Machine Learning,SY,4,A,Saturday,09:00,10:00,Java Programming,Prof. Faculty 133,AR-127
6728,BE,Artificial Intelligence & Machine Learning,SY,4,A,Saturday,10:00,11:00,Cyber Security,Prof. Faculty 060,AR-124
6729,BE,Artificial Intelligence & Machine Learning,SY,4,A,Saturday,11:15,12:15,Software Engineering,Prof. Faculty 044,AR-281
6730,BE,Artificial Intelligence & Machine Learning,SY,4,A,Saturday,12:15,01:15,Digital Electronics,Prof. Faculty 187,AR-220
6731,BE,Artificial Intelligence & Machine Learning,SY,4,A,Saturday,02:00,03:00,Cloud Computing,Prof. Faculty 041,AR-131
6732,BE,Artificial Intelligence & Machine Learning,SY,4,A,Saturday,03:00,04:00,Data Structures,Prof. Faculty 150,AR-240
6733,BE,Artificial Intelligence & Machine Learning,SY,4,B,Monday,09:00,10:00,Thermodynamics,Prof. Faculty 211,AR-135
6734,BE,Artificial Intelligence & Machine Learning,SY,4,B,Monday,10:00,11:00,Physics,Prof. Faculty 078,AR-199
6735,BE,Artificial Intelligence & Machine Learning,SY,4,B,Monday,11:15,12:15,Cloud Computing,Prof. Faculty 107,AR-150
6736,BE,Artificial Intelligence & Machine Learning,SY,4,B,Monday,12:15,01:15,Cyber Security,Prof. Faculty 012,AR-107
6737,BE,Artificial Intelligence & Machine Learning,SY,4,B,Monday,02:00,03:00,Mathematics,Prof. Faculty 068,AR-236
6738,BE,Artificial Intelligence & Machine Learning,SY,4,B,Monday,03:00,04:00,Project Lab,Prof. Faculty 038,AR-159
6739,BE,Artificial Intelligence & Machine Learning,SY,4,B,Tuesday,09:00,10:00,Software Engineering,Prof. Faculty 035,AR-319
6740,BE,Artificial Intelligence & Machine Learning,SY,4,B,Tuesday,10:00,11:00,Project Lab,Prof. Faculty 188,AR-236
6741,BE,Artificial Intelligence & Machine Learning,SY,4,B,Tuesday,11:15,12:15,Software Engineering,Prof. Faculty 128,AR-267
6742,BE,Artificial Intelligence & Machine Learning,SY,4,B,Tuesday,12:15,01:15,Thermodynamics,Prof. Faculty 152,AR-183
6743,BE,Artificial Intelligence & Machine Learning,SY,4,B,Tuesday,02:00,03:00,Java Programming,Prof. Faculty 137,AR-268
6744,BE,Artificial Intelligence & Machine Learning,SY,4,B,Tuesday,03:00,04:00,Java Programming,Prof. Faculty 197,AR-113
6745,BE,Artificial Intelligence & Machine Learning,SY,4,B,Wednesday,09:00,10:00,Thermodynamics,Prof. Faculty 242,AR-240
6746,BE,Artificial Intelligence & Machine Learning,SY,4,B,Wednesday,10:00,11:00,Data Structures,Prof. Faculty 230,AR-287
6747,BE,Artificial Intelligence & Machine Learning,SY,4,B,Wednesday,11:15,12:15,Operating Systems,Prof. Faculty 232,AR-165
6748,BE,Artificial Intelligence & Machine Learning,SY,4,B,Wednesday,12:15,01:15,Machine Learning,Prof. Faculty 113,AR-118
6749,BE,Artificial Intelligence & Machine Learning,SY,4,B,Wednesday,02:00,03:00,Operating Systems,Prof. Faculty 208,AR-102
6750,BE,Artificial Intelligence & Machine Learning,SY,4,B,Wednesday,03:00,04:00,Operating Systems,Prof. Faculty 193,AR-305
6751,BE,Artificial Intelligence & Machine Learning,SY,4,B,Thursday,09:00,10:00,Cyber Security,Prof. Faculty 015,AR-286
6752,BE,Artificial Intelligence & Machine Learning,SY,4,B,Thursday,10:00,11:00,Digital Electronics,Prof. Faculty 227,AR-235
6753,BE,Artificial Intelligence & Machine Learning,SY,4,B,Thursday,11:15,12:15,Software Engineering,Prof. Faculty 127,AR-288
6754,BE,Artificial Intelligence & Machine Learning,SY,4,B,Thursday,12:15,01:15,Data Structures,Prof. Faculty 065,AR-163
6755,BE,Artificial Intelligence & Machine Learning,SY,4,B,Thursday,02:00,03:00,DBMS,Prof. Faculty 047,AR-168
6756,BE,Artificial Intelligence & Machine Learning,SY,4,B,Thursday,03:00,04:00,DBMS,Prof. Faculty 175,AR-171
6757,BE,Artificial Intelligence & Machine Learning,SY,4,B,Friday,09:00,10:00,Software Engineering,Prof. Faculty 159,AR-182
6758,BE,Artificial Intelligence & Machine Learning,SY,4,B,Friday,10:00,11:00,Software Engineering,Prof. Faculty 148,AR-316
6759,BE,Artificial Intelligence & Machine Learning,SY,4,B,Friday,11:15,12:15,Digital Electronics,Prof. Faculty 170,AR-140
6760,BE,Artificial Intelligence & Machine Learning,SY,4,B,Friday,12:15,01:15,AI Fundamentals,Prof. Faculty 072,AR-287
6761,BE,Artificial Intelligence & Machine Learning,SY,4,B,Friday,02:00,03:00,AI Fundamentals,Prof. Faculty 138,AR-105
6762,BE,Artificial Intelligence & Machine Learning,SY,4,B,Friday,03:00,04:00,Cloud Computing,Prof. Faculty 235,AR-276
6763,BE,Artificial Intelligence & Machine Learning,SY,4,B,Saturday,09:00,10:00,DBMS,Prof. Faculty 183,AR-223
6764,BE,Artificial Intelligence & Machine Learning,SY,4,B,Saturday,10:00,11:00,Cloud Computing,Prof. Faculty 050,AR-108
6765,BE,Artificial Intelligence & Machine Learning,SY,4,B,Saturday,11:15,12:15,Cloud Computing,Prof. Faculty 066,AR-133
6766,BE,Artificial Intelligence & Machine Learning,SY,4,B,Saturday,12:15,01:15,Project Lab,Prof. Faculty 076,AR-149
6767,BE,Artificial Intelligence & Machine Learning,SY,4,B,Saturday,02:00,03:00,Web Development,Prof. Faculty 191,AR-153
6768,BE,Artificial Intelligence & Machine Learning,SY,4,B,Saturday,03:00,04:00,Computer Networks,Prof. Faculty 124,AR-135
6769,BE,Artificial Intelligence & Machine Learning,TY,5,A,Monday,09:00,10:00,Python Programming,Prof. Faculty 069,AR-166
6770,BE,Artificial Intelligence & Machine Learning,TY,5,A,Monday,10:00,11:00,Mathematics,Prof. Faculty 087,AR-171
6771,BE,Artificial Intelligence & Machine Learning,TY,5,A,Monday,11:15,12:15,Software Engineering,Prof. Faculty 192,AR-273
6772,BE,Artificial Intelligence & Machine Learning,TY,5,A,Monday,12:15,01:15,Thermodynamics,Prof. Faculty 172,AR-289
6773,BE,Artificial Intelligence & Machine Learning,TY,5,A,Monday,02:00,03:00,Cyber Security,Prof. Faculty 246,AR-301
6774,BE,Artificial Intelligence & Machine Learning,TY,5,A,Monday,03:00,04:00,Physics,Prof. Faculty 030,AR-320
6775,BE,Artificial Intelligence & Machine Learning,TY,5,A,Tuesday,09:00,10:00,Physics,Prof. Faculty 123,AR-106
6776,BE,Artificial Intelligence & Machine Learning,TY,5,A,Tuesday,10:00,11:00,CAD/CAM,Prof. Faculty 188,AR-272
6777,BE,Artificial Intelligence & Machine Learning,TY,5,A,Tuesday,11:15,12:15,Machine Learning,Prof. Faculty 128,AR-251
6778,BE,Artificial Intelligence & Machine Learning,TY,5,A,Tuesday,12:15,01:15,CAD/CAM,Prof. Faculty 102,AR-263
6779,BE,Artificial Intelligence & Machine Learning,TY,5,A,Tuesday,02:00,03:00,Electrical Machines,Prof. Faculty 242,AR-316
6780,BE,Artificial Intelligence & Machine Learning,TY,5,A,Tuesday,03:00,04:00,Surveying,Prof. Faculty 104,AR-255
6781,BE,Artificial Intelligence & Machine Learning,TY,5,A,Wednesday,09:00,10:00,Operating Systems,Prof. Faculty 084,AR-256
6782,BE,Artificial Intelligence & Machine Learning,TY,5,A,Wednesday,10:00,11:00,Project Lab,Prof. Faculty 177,AR-240
6783,BE,Artificial Intelligence & Machine Learning,TY,5,A,Wednesday,11:15,12:15,Project Lab,Prof. Faculty 103,AR-190
6784,BE,Artificial Intelligence & Machine Learning,TY,5,A,Wednesday,12:15,01:15,Software Engineering,Prof. Faculty 203,AR-298
6785,BE,Artificial Intelligence & Machine Learning,TY,5,A,Wednesday,02:00,03:00,Physics,Prof. Faculty 072,AR-104
6786,BE,Artificial Intelligence & Machine Learning,TY,5,A,Wednesday,03:00,04:00,Data Structures,Prof. Faculty 093,AR-174
6787,BE,Artificial Intelligence & Machine Learning,TY,5,A,Thursday,09:00,10:00,Data Structures,Prof. Faculty 133,AR-223
6788,BE,Artificial Intelligence & Machine Learning,TY,5,A,Thursday,10:00,11:00,Operating Systems,Prof. Faculty 045,AR-222
6789,BE,Artificial Intelligence & Machine Learning,TY,5,A,Thursday,11:15,12:15,Computer Networks,Prof. Faculty 152,AR-174
6790,BE,Artificial Intelligence & Machine Learning,TY,5,A,Thursday,12:15,01:15,Electrical Machines,Prof. Faculty 247,AR-184
6791,BE,Artificial Intelligence & Machine Learning,TY,5,A,Thursday,02:00,03:00,Software Engineering,Prof. Faculty 103,AR-239
6792,BE,Artificial Intelligence & Machine Learning,TY,5,A,Thursday,03:00,04:00,Data Structures,Prof. Faculty 175,AR-229
6793,BE,Artificial Intelligence & Machine Learning,TY,5,A,Friday,09:00,10:00,AI Fundamentals,Prof. Faculty 189,AR-241
6794,BE,Artificial Intelligence & Machine Learning,TY,5,A,Friday,10:00,11:00,Electrical Machines,Prof. Faculty 194,AR-264
6795,BE,Artificial Intelligence & Machine Learning,TY,5,A,Friday,11:15,12:15,Python Programming,Prof. Faculty 150,AR-227
6796,BE,Artificial Intelligence & Machine Learning,TY,5,A,Friday,12:15,01:15,Physics,Prof. Faculty 066,AR-242
6797,BE,Artificial Intelligence & Machine Learning,TY,5,A,Friday,02:00,03:00,Cloud Computing,Prof. Faculty 250,AR-149
6798,BE,Artificial Intelligence & Machine Learning,TY,5,A,Friday,03:00,04:00,Python Programming,Prof. Faculty 195,AR-273
6799,BE,Artificial Intelligence & Machine Learning,TY,5,A,Saturday,09:00,10:00,Software Engineering,Prof. Faculty 048,AR-230
6800,BE,Artificial Intelligence & Machine Learning,TY,5,A,Saturday,10:00,11:00,Physics,Prof. Faculty 145,AR-107
6801,BE,Artificial Intelligence & Machine Learning,TY,5,A,Saturday,11:15,12:15,Mathematics,Prof. Faculty 002,AR-190
6802,BE,Artificial Intelligence & Machine Learning,TY,5,A,Saturday,12:15,01:15,Mathematics,Prof. Faculty 109,AR-251
6803,BE,Artificial Intelligence & Machine Learning,TY,5,A,Saturday,02:00,03:00,Machine Learning,Prof. Faculty 087,AR-151
6804,BE,Artificial Intelligence & Machine Learning,TY,5,A,Saturday,03:00,04:00,Surveying,Prof. Faculty 123,AR-297
6805,BE,Artificial Intelligence & Machine Learning,TY,5,B,Monday,09:00,10:00,Data Structures,Prof. Faculty 191,AR-105
6806,BE,Artificial Intelligence & Machine Learning,TY,5,B,Monday,10:00,11:00,Operating Systems,Prof. Faculty 071,AR-310
6807,BE,Artificial Intelligence & Machine Learning,TY,5,B,Monday,11:15,12:15,Data Structures,Prof. Faculty 083,AR-124
6808,BE,Artificial Intelligence & Machine Learning,TY,5,B,Monday,12:15,01:15,Project Lab,Prof. Faculty 110,AR-222
6809,BE,Artificial Intelligence & Machine Learning,TY,5,B,Monday,02:00,03:00,Operating Systems,Prof. Faculty 034,AR-150
6810,BE,Artificial Intelligence & Machine Learning,TY,5,B,Monday,03:00,04:00,Cloud Computing,Prof. Faculty 237,AR-134
6811,BE,Artificial Intelligence & Machine Learning,TY,5,B,Tuesday,09:00,10:00,Cyber Security,Prof. Faculty 017,AR-220
6812,BE,Artificial Intelligence & Machine Learning,TY,5,B,Tuesday,10:00,11:00,Physics,Prof. Faculty 223,AR-187
6813,BE,Artificial Intelligence & Machine Learning,TY,5,B,Tuesday,11:15,12:15,Surveying,Prof. Faculty 050,AR-219
6814,BE,Artificial Intelligence & Machine Learning,TY,5,B,Tuesday,12:15,01:15,Digital Electronics,Prof. Faculty 216,AR-162
6815,BE,Artificial Intelligence & Machine Learning,TY,5,B,Tuesday,02:00,03:00,Software Engineering,Prof. Faculty 039,AR-136
6816,BE,Artificial Intelligence & Machine Learning,TY,5,B,Tuesday,03:00,04:00,Surveying,Prof. Faculty 052,AR-315
6817,BE,Artificial Intelligence & Machine Learning,TY,5,B,Wednesday,09:00,10:00,Operating Systems,Prof. Faculty 111,AR-174
6818,BE,Artificial Intelligence & Machine Learning,TY,5,B,Wednesday,10:00,11:00,Software Engineering,Prof. Faculty 074,AR-137
6819,BE,Artificial Intelligence & Machine Learning,TY,5,B,Wednesday,11:15,12:15,Project Lab,Prof. Faculty 238,AR-181
6820,BE,Artificial Intelligence & Machine Learning,TY,5,B,Wednesday,12:15,01:15,Electrical Machines,Prof. Faculty 085,AR-254
6821,BE,Artificial Intelligence & Machine Learning,TY,5,B,Wednesday,02:00,03:00,Java Programming,Prof. Faculty 105,AR-139
6822,BE,Artificial Intelligence & Machine Learning,TY,5,B,Wednesday,03:00,04:00,Project Lab,Prof. Faculty 196,AR-243
6823,BE,Artificial Intelligence & Machine Learning,TY,5,B,Thursday,09:00,10:00,Cyber Security,Prof. Faculty 164,AR-227
6824,BE,Artificial Intelligence & Machine Learning,TY,5,B,Thursday,10:00,11:00,CAD/CAM,Prof. Faculty 141,AR-128
6825,BE,Artificial Intelligence & Machine Learning,TY,5,B,Thursday,11:15,12:15,Mathematics,Prof. Faculty 152,AR-299
6826,BE,Artificial Intelligence & Machine Learning,TY,5,B,Thursday,12:15,01:15,Mathematics,Prof. Faculty 225,AR-260
6827,BE,Artificial Intelligence & Machine Learning,TY,5,B,Thursday,02:00,03:00,Thermodynamics,Prof. Faculty 018,AR-102
6828,BE,Artificial Intelligence & Machine Learning,TY,5,B,Thursday,03:00,04:00,Software Engineering,Prof. Faculty 027,AR-181
6829,BE,Artificial Intelligence & Machine Learning,TY,5,B,Friday,09:00,10:00,Surveying,Prof. Faculty 017,AR-257
6830,BE,Artificial Intelligence & Machine Learning,TY,5,B,Friday,10:00,11:00,DBMS,Prof. Faculty 250,AR-104
6831,BE,Artificial Intelligence & Machine Learning,TY,5,B,Friday,11:15,12:15,Computer Networks,Prof. Faculty 077,AR-135
6832,BE,Artificial Intelligence & Machine Learning,TY,5,B,Friday,12:15,01:15,Cloud Computing,Prof. Faculty 051,AR-122
6833,BE,Artificial Intelligence & Machine Learning,TY,5,B,Friday,02:00,03:00,Software Engineering,Prof. Faculty 099,AR-314
6834,BE,Artificial Intelligence & Machine Learning,TY,5,B,Friday,03:00,04:00,Python Programming,Prof. Faculty 008,AR-198
6835,BE,Artificial Intelligence & Machine Learning,TY,5,B,Saturday,09:00,10:00,Data Structures,Prof. Faculty 085,AR-216
6836,BE,Artificial Intelligence & Machine Learning,TY,5,B,Saturday,10:00,11:00,Electrical Machines,Prof. Faculty 092,AR-170
6837,BE,Artificial Intelligence & Machine Learning,TY,5,B,Saturday,11:15,12:15,AI Fundamentals,Prof. Faculty 080,AR-202
6838,BE,Artificial Intelligence & Machine Learning,TY,5,B,Saturday,12:15,01:15,Surveying,Prof. Faculty 034,AR-299
6839,BE,Artificial Intelligence & Machine Learning,TY,5,B,Saturday,02:00,03:00,Data Structures,Prof. Faculty 143,AR-300
6840,BE,Artificial Intelligence & Machine Learning,TY,5,B,Saturday,03:00,04:00,Data Structures,Prof. Faculty 057,AR-193
6841,BE,Artificial Intelligence & Machine Learning,TY,6,A,Monday,09:00,10:00,Digital Electronics,Prof. Faculty 212,AR-245
6842,BE,Artificial Intelligence & Machine Learning,TY,6,A,Monday,10:00,11:00,Python Programming,Prof. Faculty 002,AR-274
6843,BE,Artificial Intelligence & Machine Learning,TY,6,A,Monday,11:15,12:15,Software Engineering,Prof. Faculty 108,AR-210
6844,BE,Artificial Intelligence & Machine Learning,TY,6,A,Monday,12:15,01:15,AI Fundamentals,Prof. Faculty 052,AR-181
6845,BE,Artificial Intelligence & Machine Learning,TY,6,A,Monday,02:00,03:00,Operating Systems,Prof. Faculty 093,AR-101
6846,BE,Artificial Intelligence & Machine Learning,TY,6,A,Monday,03:00,04:00,Operating Systems,Prof. Faculty 153,AR-133
6847,BE,Artificial Intelligence & Machine Learning,TY,6,A,Tuesday,09:00,10:00,Digital Electronics,Prof. Faculty 132,AR-279
6848,BE,Artificial Intelligence & Machine Learning,TY,6,A,Tuesday,10:00,11:00,Digital Electronics,Prof. Faculty 179,AR-257
6849,BE,Artificial Intelligence & Machine Learning,TY,6,A,Tuesday,11:15,12:15,Operating Systems,Prof. Faculty 107,AR-126
6850,BE,Artificial Intelligence & Machine Learning,TY,6,A,Tuesday,12:15,01:15,Java Programming,Prof. Faculty 160,AR-144
6851,BE,Artificial Intelligence & Machine Learning,TY,6,A,Tuesday,02:00,03:00,Cloud Computing,Prof. Faculty 223,AR-126
6852,BE,Artificial Intelligence & Machine Learning,TY,6,A,Tuesday,03:00,04:00,Digital Electronics,Prof. Faculty 223,AR-145
6853,BE,Artificial Intelligence & Machine Learning,TY,6,A,Wednesday,09:00,10:00,Cloud Computing,Prof. Faculty 216,AR-202
6854,BE,Artificial Intelligence & Machine Learning,TY,6,A,Wednesday,10:00,11:00,Digital Electronics,Prof. Faculty 128,AR-292
6855,BE,Artificial Intelligence & Machine Learning,TY,6,A,Wednesday,11:15,12:15,Software Engineering,Prof. Faculty 071,AR-198
6856,BE,Artificial Intelligence & Machine Learning,TY,6,A,Wednesday,12:15,01:15,Thermodynamics,Prof. Faculty 215,AR-271
6857,BE,Artificial Intelligence & Machine Learning,TY,6,A,Wednesday,02:00,03:00,Web Development,Prof. Faculty 032,AR-298
6858,BE,Artificial Intelligence & Machine Learning,TY,6,A,Wednesday,03:00,04:00,Cloud Computing,Prof. Faculty 001,AR-225
6859,BE,Artificial Intelligence & Machine Learning,TY,6,A,Thursday,09:00,10:00,Web Development,Prof. Faculty 056,AR-149
6860,BE,Artificial Intelligence & Machine Learning,TY,6,A,Thursday,10:00,11:00,Software Engineering,Prof. Faculty 191,AR-238
6861,BE,Artificial Intelligence & Machine Learning,TY,6,A,Thursday,11:15,12:15,Cyber Security,Prof. Faculty 113,AR-296
6862,BE,Artificial Intelligence & Machine Learning,TY,6,A,Thursday,12:15,01:15,Operating Systems,Prof. Faculty 054,AR-303
6863,BE,Artificial Intelligence & Machine Learning,TY,6,A,Thursday,02:00,03:00,Electrical Machines,Prof. Faculty 153,AR-271
6864,BE,Artificial Intelligence & Machine Learning,TY,6,A,Thursday,03:00,04:00,Operating Systems,Prof. Faculty 051,AR-197
6865,BE,Artificial Intelligence & Machine Learning,TY,6,A,Friday,09:00,10:00,Java Programming,Prof. Faculty 184,AR-314
6866,BE,Artificial Intelligence & Machine Learning,TY,6,A,Friday,10:00,11:00,Project Lab,Prof. Faculty 066,AR-265
6867,BE,Artificial Intelligence & Machine Learning,TY,6,A,Friday,11:15,12:15,Mathematics,Prof. Faculty 246,AR-284
6868,BE,Artificial Intelligence & Machine Learning,TY,6,A,Friday,12:15,01:15,Cyber Security,Prof. Faculty 064,AR-210
6869,BE,Artificial Intelligence & Machine Learning,TY,6,A,Friday,02:00,03:00,Electrical Machines,Prof. Faculty 088,AR-290
6870,BE,Artificial Intelligence & Machine Learning,TY,6,A,Friday,03:00,04:00,Digital Electronics,Prof. Faculty 021,AR-268
6871,BE,Artificial Intelligence & Machine Learning,TY,6,A,Saturday,09:00,10:00,CAD/CAM,Prof. Faculty 160,AR-145
6872,BE,Artificial Intelligence & Machine Learning,TY,6,A,Saturday,10:00,11:00,Digital Electronics,Prof. Faculty 110,AR-262
6873,BE,Artificial Intelligence & Machine Learning,TY,6,A,Saturday,11:15,12:15,Python Programming,Prof. Faculty 245,AR-116
6874,BE,Artificial Intelligence & Machine Learning,TY,6,A,Saturday,12:15,01:15,Thermodynamics,Prof. Faculty 023,AR-258
6875,BE,Artificial Intelligence & Machine Learning,TY,6,A,Saturday,02:00,03:00,Cyber Security,Prof. Faculty 011,AR-147
6876,BE,Artificial Intelligence & Machine Learning,TY,6,A,Saturday,03:00,04:00,Cloud Computing,Prof. Faculty 217,AR-281
6877,BE,Artificial Intelligence & Machine Learning,TY,6,B,Monday,09:00,10:00,Web Development,Prof. Faculty 033,AR-153
6878,BE,Artificial Intelligence & Machine Learning,TY,6,B,Monday,10:00,11:00,Operating Systems,Prof. Faculty 175,AR-276
6879,BE,Artificial Intelligence & Machine Learning,TY,6,B,Monday,11:15,12:15,Electrical Machines,Prof. Faculty 231,AR-176
6880,BE,Artificial Intelligence & Machine Learning,TY,6,B,Monday,12:15,01:15,Electrical Machines,Prof. Faculty 239,AR-138
6881,BE,Artificial Intelligence & Machine Learning,TY,6,B,Monday,02:00,03:00,CAD/CAM,Prof. Faculty 238,AR-138
6882,BE,Artificial Intelligence & Machine Learning,TY,6,B,Monday,03:00,04:00,Thermodynamics,Prof. Faculty 159,AR-194
6883,BE,Artificial Intelligence & Machine Learning,TY,6,B,Tuesday,09:00,10:00,Physics,Prof. Faculty 054,AR-149
6884,BE,Artificial Intelligence & Machine Learning,TY,6,B,Tuesday,10:00,11:00,Machine Learning,Prof. Faculty 200,AR-166
6885,BE,Artificial Intelligence & Machine Learning,TY,6,B,Tuesday,11:15,12:15,Software Engineering,Prof. Faculty 117,AR-304
6886,BE,Artificial Intelligence & Machine Learning,TY,6,B,Tuesday,12:15,01:15,AI Fundamentals,Prof. Faculty 188,AR-115
6887,BE,Artificial Intelligence & Machine Learning,TY,6,B,Tuesday,02:00,03:00,Computer Networks,Prof. Faculty 086,AR-294
6888,BE,Artificial Intelligence & Machine Learning,TY,6,B,Tuesday,03:00,04:00,Physics,Prof. Faculty 041,AR-101
6889,BE,Artificial Intelligence & Machine Learning,TY,6,B,Wednesday,09:00,10:00,Surveying,Prof. Faculty 051,AR-138
6890,BE,Artificial Intelligence & Machine Learning,TY,6,B,Wednesday,10:00,11:00,DBMS,Prof. Faculty 224,AR-265
6891,BE,Artificial Intelligence & Machine Learning,TY,6,B,Wednesday,11:15,12:15,Digital Electronics,Prof. Faculty 099,AR-162
6892,BE,Artificial Intelligence & Machine Learning,TY,6,B,Wednesday,12:15,01:15,Web Development,Prof. Faculty 207,AR-104
6893,BE,Artificial Intelligence & Machine Learning,TY,6,B,Wednesday,02:00,03:00,Machine Learning,Prof. Faculty 090,AR-221
6894,BE,Artificial Intelligence & Machine Learning,TY,6,B,Wednesday,03:00,04:00,Cyber Security,Prof. Faculty 145,AR-272
6895,BE,Artificial Intelligence & Machine Learning,TY,6,B,Thursday,09:00,10:00,Project Lab,Prof. Faculty 148,AR-200
6896,BE,Artificial Intelligence & Machine Learning,TY,6,B,Thursday,10:00,11:00,Web Development,Prof. Faculty 227,AR-316
6897,BE,Artificial Intelligence & Machine Learning,TY,6,B,Thursday,11:15,12:15,Operating Systems,Prof. Faculty 148,AR-112
6898,BE,Artificial Intelligence & Machine Learning,TY,6,B,Thursday,12:15,01:15,Machine Learning,Prof. Faculty 138,AR-168
6899,BE,Artificial Intelligence & Machine Learning,TY,6,B,Thursday,02:00,03:00,Cloud Computing,Prof. Faculty 114,AR-197
6900,BE,Artificial Intelligence & Machine Learning,TY,6,B,Thursday,03:00,04:00,Cyber Security,Prof. Faculty 206,AR-218
6901,BE,Artificial Intelligence & Machine Learning,TY,6,B,Friday,09:00,10:00,Data Structures,Prof. Faculty 098,AR-215
6902,BE,Artificial Intelligence & Machine Learning,TY,6,B,Friday,10:00,11:00,Web Development,Prof. Faculty 007,AR-213
6903,BE,Artificial Intelligence & Machine Learning,TY,6,B,Friday,11:15,12:15,Thermodynamics,Prof. Faculty 016,AR-309
6904,BE,Artificial Intelligence & Machine Learning,TY,6,B,Friday,12:15,01:15,Thermodynamics,Prof. Faculty 031,AR-284
6905,BE,Artificial Intelligence & Machine Learning,TY,6,B,Friday,02:00,03:00,Surveying,Prof. Faculty 009,AR-283
6906,BE,Artificial Intelligence & Machine Learning,TY,6,B,Friday,03:00,04:00,DBMS,Prof. Faculty 140,AR-316
6907,BE,Artificial Intelligence & Machine Learning,TY,6,B,Saturday,09:00,10:00,Surveying,Prof. Faculty 055,AR-211
6908,BE,Artificial Intelligence & Machine Learning,TY,6,B,Saturday,10:00,11:00,Machine Learning,Prof. Faculty 218,AR-155
6909,BE,Artificial Intelligence & Machine Learning,TY,6,B,Saturday,11:15,12:15,DBMS,Prof. Faculty 183,AR-310
6910,BE,Artificial Intelligence & Machine Learning,TY,6,B,Saturday,12:15,01:15,Cloud Computing,Prof. Faculty 203,AR-103
6911,BE,Artificial Intelligence & Machine Learning,TY,6,B,Saturday,02:00,03:00,Mathematics,Prof. Faculty 194,AR-161
6912,BE,Artificial Intelligence & Machine Learning,TY,6,B,Saturday,03:00,04:00,Web Development,Prof. Faculty 120,AR-194
6913,BE,Artificial Intelligence & Machine Learning,LY,7,A,Monday,09:00,10:00,Software Engineering,Prof. Faculty 097,AR-314
6914,BE,Artificial Intelligence & Machine Learning,LY,7,A,Monday,10:00,11:00,Project Lab,Prof. Faculty 154,AR-179
6915,BE,Artificial Intelligence & Machine Learning,LY,7,A,Monday,11:15,12:15,DBMS,Prof. Faculty 037,AR-126
6916,BE,Artificial Intelligence & Machine Learning,LY,7,A,Monday,12:15,01:15,Surveying,Prof. Faculty 224,AR-284
6917,BE,Artificial Intelligence & Machine Learning,LY,7,A,Monday,02:00,03:00,Computer Networks,Prof. Faculty 091,AR-122
6918,BE,Artificial Intelligence & Machine Learning,LY,7,A,Monday,03:00,04:00,Web Development,Prof. Faculty 060,AR-284
6919,BE,Artificial Intelligence & Machine Learning,LY,7,A,Tuesday,09:00,10:00,AI Fundamentals,Prof. Faculty 241,AR-176
6920,BE,Artificial Intelligence & Machine Learning,LY,7,A,Tuesday,10:00,11:00,Computer Networks,Prof. Faculty 122,AR-240
6921,BE,Artificial Intelligence & Machine Learning,LY,7,A,Tuesday,11:15,12:15,Software Engineering,Prof. Faculty 002,AR-261
6922,BE,Artificial Intelligence & Machine Learning,LY,7,A,Tuesday,12:15,01:15,AI Fundamentals,Prof. Faculty 048,AR-294
6923,BE,Artificial Intelligence & Machine Learning,LY,7,A,Tuesday,02:00,03:00,Data Structures,Prof. Faculty 003,AR-190
6924,BE,Artificial Intelligence & Machine Learning,LY,7,A,Tuesday,03:00,04:00,Mathematics,Prof. Faculty 249,AR-147
6925,BE,Artificial Intelligence & Machine Learning,LY,7,A,Wednesday,09:00,10:00,Cloud Computing,Prof. Faculty 066,AR-110
6926,BE,Artificial Intelligence & Machine Learning,LY,7,A,Wednesday,10:00,11:00,Machine Learning,Prof. Faculty 039,AR-209
6927,BE,Artificial Intelligence & Machine Learning,LY,7,A,Wednesday,11:15,12:15,DBMS,Prof. Faculty 025,AR-133
6928,BE,Artificial Intelligence & Machine Learning,LY,7,A,Wednesday,12:15,01:15,Machine Learning,Prof. Faculty 111,AR-206
6929,BE,Artificial Intelligence & Machine Learning,LY,7,A,Wednesday,02:00,03:00,Thermodynamics,Prof. Faculty 144,AR-249
6930,BE,Artificial Intelligence & Machine Learning,LY,7,A,Wednesday,03:00,04:00,Software Engineering,Prof. Faculty 211,AR-114
6931,BE,Artificial Intelligence & Machine Learning,LY,7,A,Thursday,09:00,10:00,Mathematics,Prof. Faculty 121,AR-244
6932,BE,Artificial Intelligence & Machine Learning,LY,7,A,Thursday,10:00,11:00,AI Fundamentals,Prof. Faculty 219,AR-251
6933,BE,Artificial Intelligence & Machine Learning,LY,7,A,Thursday,11:15,12:15,Electrical Machines,Prof. Faculty 193,AR-250
6934,BE,Artificial Intelligence & Machine Learning,LY,7,A,Thursday,12:15,01:15,Data Structures,Prof. Faculty 143,AR-262
6935,BE,Artificial Intelligence & Machine Learning,LY,7,A,Thursday,02:00,03:00,AI Fundamentals,Prof. Faculty 178,AR-301
6936,BE,Artificial Intelligence & Machine Learning,LY,7,A,Thursday,03:00,04:00,Project Lab,Prof. Faculty 058,AR-242
6937,BE,Artificial Intelligence & Machine Learning,LY,7,A,Friday,09:00,10:00,Machine Learning,Prof. Faculty 218,AR-132
6938,BE,Artificial Intelligence & Machine Learning,LY,7,A,Friday,10:00,11:00,Cyber Security,Prof. Faculty 004,AR-260
6939,BE,Artificial Intelligence & Machine Learning,LY,7,A,Friday,11:15,12:15,Electrical Machines,Prof. Faculty 019,AR-273
6940,BE,Artificial Intelligence & Machine Learning,LY,7,A,Friday,12:15,01:15,Python Programming,Prof. Faculty 090,AR-294
6941,BE,Artificial Intelligence & Machine Learning,LY,7,A,Friday,02:00,03:00,Electrical Machines,Prof. Faculty 084,AR-227
6942,BE,Artificial Intelligence & Machine Learning,LY,7,A,Friday,03:00,04:00,Computer Networks,Prof. Faculty 150,AR-134
6943,BE,Artificial Intelligence & Machine Learning,LY,7,A,Saturday,09:00,10:00,Electrical Machines,Prof. Faculty 083,AR-230
6944,BE,Artificial Intelligence & Machine Learning,LY,7,A,Saturday,10:00,11:00,Mathematics,Prof. Faculty 164,AR-183
6945,BE,Artificial Intelligence & Machine Learning,LY,7,A,Saturday,11:15,12:15,Web Development,Prof. Faculty 063,AR-242
6946,BE,Artificial Intelligence & Machine Learning,LY,7,A,Saturday,12:15,01:15,Surveying,Prof. Faculty 250,AR-144
6947,BE,Artificial Intelligence & Machine Learning,LY,7,A,Saturday,02:00,03:00,Cyber Security,Prof. Faculty 199,AR-310
6948,BE,Artificial Intelligence & Machine Learning,LY,7,A,Saturday,03:00,04:00,Machine Learning,Prof. Faculty 002,AR-190
6949,BE,Artificial Intelligence & Machine Learning,LY,7,B,Monday,09:00,10:00,Project Lab,Prof. Faculty 072,AR-161
6950,BE,Artificial Intelligence & Machine Learning,LY,7,B,Monday,10:00,11:00,Project Lab,Prof. Faculty 188,AR-143
6951,BE,Artificial Intelligence & Machine Learning,LY,7,B,Monday,11:15,12:15,Cyber Security,Prof. Faculty 204,AR-320
6952,BE,Artificial Intelligence & Machine Learning,LY,7,B,Monday,12:15,01:15,Data Structures,Prof. Faculty 217,AR-297
6953,BE,Artificial Intelligence & Machine Learning,LY,7,B,Monday,02:00,03:00,Data Structures,Prof. Faculty 090,AR-169
6954,BE,Artificial Intelligence & Machine Learning,LY,7,B,Monday,03:00,04:00,Machine Learning,Prof. Faculty 127,AR-196
6955,BE,Artificial Intelligence & Machine Learning,LY,7,B,Tuesday,09:00,10:00,Thermodynamics,Prof. Faculty 110,AR-233
6956,BE,Artificial Intelligence & Machine Learning,LY,7,B,Tuesday,10:00,11:00,Mathematics,Prof. Faculty 045,AR-202
6957,BE,Artificial Intelligence & Machine Learning,LY,7,B,Tuesday,11:15,12:15,DBMS,Prof. Faculty 020,AR-307
6958,BE,Artificial Intelligence & Machine Learning,LY,7,B,Tuesday,12:15,01:15,Digital Electronics,Prof. Faculty 242,AR-219
6959,BE,Artificial Intelligence & Machine Learning,LY,7,B,Tuesday,02:00,03:00,Computer Networks,Prof. Faculty 204,AR-102
6960,BE,Artificial Intelligence & Machine Learning,LY,7,B,Tuesday,03:00,04:00,Java Programming,Prof. Faculty 229,AR-209
6961,BE,Artificial Intelligence & Machine Learning,LY,7,B,Wednesday,09:00,10:00,Physics,Prof. Faculty 022,AR-168
6962,BE,Artificial Intelligence & Machine Learning,LY,7,B,Wednesday,10:00,11:00,Java Programming,Prof. Faculty 087,AR-310
6963,BE,Artificial Intelligence & Machine Learning,LY,7,B,Wednesday,11:15,12:15,Project Lab,Prof. Faculty 073,AR-204
6964,BE,Artificial Intelligence & Machine Learning,LY,7,B,Wednesday,12:15,01:15,Computer Networks,Prof. Faculty 230,AR-141
6965,BE,Artificial Intelligence & Machine Learning,LY,7,B,Wednesday,02:00,03:00,AI Fundamentals,Prof. Faculty 097,AR-249
6966,BE,Artificial Intelligence & Machine Learning,LY,7,B,Wednesday,03:00,04:00,Machine Learning,Prof. Faculty 071,AR-233
6967,BE,Artificial Intelligence & Machine Learning,LY,7,B,Thursday,09:00,10:00,Web Development,Prof. Faculty 135,AR-120
6968,BE,Artificial Intelligence & Machine Learning,LY,7,B,Thursday,10:00,11:00,Cyber Security,Prof. Faculty 028,AR-144
6969,BE,Artificial Intelligence & Machine Learning,LY,7,B,Thursday,11:15,12:15,Software Engineering,Prof. Faculty 172,AR-316
6970,BE,Artificial Intelligence & Machine Learning,LY,7,B,Thursday,12:15,01:15,Cyber Security,Prof. Faculty 065,AR-171
6971,BE,Artificial Intelligence & Machine Learning,LY,7,B,Thursday,02:00,03:00,Surveying,Prof. Faculty 020,AR-117
6972,BE,Artificial Intelligence & Machine Learning,LY,7,B,Thursday,03:00,04:00,Digital Electronics,Prof. Faculty 016,AR-288
6973,BE,Artificial Intelligence & Machine Learning,LY,7,B,Friday,09:00,10:00,Data Structures,Prof. Faculty 121,AR-188
6974,BE,Artificial Intelligence & Machine Learning,LY,7,B,Friday,10:00,11:00,Python Programming,Prof. Faculty 195,AR-127
6975,BE,Artificial Intelligence & Machine Learning,LY,7,B,Friday,11:15,12:15,AI Fundamentals,Prof. Faculty 088,AR-203
6976,BE,Artificial Intelligence & Machine Learning,LY,7,B,Friday,12:15,01:15,Cyber Security,Prof. Faculty 178,AR-197
6977,BE,Artificial Intelligence & Machine Learning,LY,7,B,Friday,02:00,03:00,Web Development,Prof. Faculty 248,AR-234
6978,BE,Artificial Intelligence & Machine Learning,LY,7,B,Friday,03:00,04:00,CAD/CAM,Prof. Faculty 011,AR-110
6979,BE,Artificial Intelligence & Machine Learning,LY,7,B,Saturday,09:00,10:00,Python Programming,Prof. Faculty 137,AR-320
6980,BE,Artificial Intelligence & Machine Learning,LY,7,B,Saturday,10:00,11:00,Web Development,Prof. Faculty 011,AR-249
6981,BE,Artificial Intelligence & Machine Learning,LY,7,B,Saturday,11:15,12:15,Software Engineering,Prof. Faculty 051,AR-146
6982,BE,Artificial Intelligence & Machine Learning,LY,7,B,Saturday,12:15,01:15,Digital Electronics,Prof. Faculty 155,AR-252
6983,BE,Artificial Intelligence & Machine Learning,LY,7,B,Saturday,02:00,03:00,Project Lab,Prof. Faculty 143,AR-131
6984,BE,Artificial Intelligence & Machine Learning,LY,7,B,Saturday,03:00,04:00,Cloud Computing,Prof. Faculty 185,AR-142
6985,BE,Artificial Intelligence & Machine Learning,LY,8,A,Monday,09:00,10:00,Electrical Machines,Prof. Faculty 060,AR-226
6986,BE,Artificial Intelligence & Machine Learning,LY,8,A,Monday,10:00,11:00,CAD/CAM,Prof. Faculty 009,AR-279
6987,BE,Artificial Intelligence & Machine Learning,LY,8,A,Monday,11:15,12:15,DBMS,Prof. Faculty 146,AR-141
6988,BE,Artificial Intelligence & Machine Learning,LY,8,A,Monday,12:15,01:15,Thermodynamics,Prof. Faculty 107,AR-222
6989,BE,Artificial Intelligence & Machine Learning,LY,8,A,Monday,02:00,03:00,Surveying,Prof. Faculty 185,AR-303
6990,BE,Artificial Intelligence & Machine Learning,LY,8,A,Monday,03:00,04:00,Thermodynamics,Prof. Faculty 061,AR-142
6991,BE,Artificial Intelligence & Machine Learning,LY,8,A,Tuesday,09:00,10:00,Cyber Security,Prof. Faculty 164,AR-192
6992,BE,Artificial Intelligence & Machine Learning,LY,8,A,Tuesday,10:00,11:00,Cyber Security,Prof. Faculty 029,AR-246
6993,BE,Artificial Intelligence & Machine Learning,LY,8,A,Tuesday,11:15,12:15,AI Fundamentals,Prof. Faculty 059,AR-146
6994,BE,Artificial Intelligence & Machine Learning,LY,8,A,Tuesday,12:15,01:15,Cloud Computing,Prof. Faculty 183,AR-265
6995,BE,Artificial Intelligence & Machine Learning,LY,8,A,Tuesday,02:00,03:00,Software Engineering,Prof. Faculty 209,AR-299
6996,BE,Artificial Intelligence & Machine Learning,LY,8,A,Tuesday,03:00,04:00,Project Lab,Prof. Faculty 105,AR-251
6997,BE,Artificial Intelligence & Machine Learning,LY,8,A,Wednesday,09:00,10:00,Digital Electronics,Prof. Faculty 024,AR-167
6998,BE,Artificial Intelligence & Machine Learning,LY,8,A,Wednesday,10:00,11:00,Mathematics,Prof. Faculty 034,AR-184
6999,BE,Artificial Intelligence & Machine Learning,LY,8,A,Wednesday,11:15,12:15,AI Fundamentals,Prof. Faculty 207,AR-277
7000,BE,Artificial Intelligence & Machine Learning,LY,8,A,Wednesday,12:15,01:15,Cyber Security,Prof. Faculty 027,AR-282
7001,BE,Artificial Intelligence & Machine Learning,LY,8,A,Wednesday,02:00,03:00,Electrical Machines,Prof. Faculty 167,AR-281
7002,BE,Artificial Intelligence & Machine Learning,LY,8,A,Wednesday,03:00,04:00,Data Structures,Prof. Faculty 057,AR-159
7003,BE,Artificial Intelligence & Machine Learning,LY,8,A,Thursday,09:00,10:00,Web Development,Prof. Faculty 055,AR-116
7004,BE,Artificial Intelligence & Machine Learning,LY,8,A,Thursday,10:00,11:00,Web Development,Prof. Faculty 177,AR-279
7005,BE,Artificial Intelligence & Machine Learning,LY,8,A,Thursday,11:15,12:15,Digital Electronics,Prof. Faculty 097,AR-163
7006,BE,Artificial Intelligence & Machine Learning,LY,8,A,Thursday,12:15,01:15,Software Engineering,Prof. Faculty 009,AR-135
7007,BE,Artificial Intelligence & Machine Learning,LY,8,A,Thursday,02:00,03:00,Electrical Machines,Prof. Faculty 045,AR-304
7008,BE,Artificial Intelligence & Machine Learning,LY,8,A,Thursday,03:00,04:00,Computer Networks,Prof. Faculty 188,AR-284
7009,BE,Artificial Intelligence & Machine Learning,LY,8,A,Friday,09:00,10:00,Computer Networks,Prof. Faculty 162,AR-178
7010,BE,Artificial Intelligence & Machine Learning,LY,8,A,Friday,10:00,11:00,AI Fundamentals,Prof. Faculty 230,AR-230
7011,BE,Artificial Intelligence & Machine Learning,LY,8,A,Friday,11:15,12:15,Project Lab,Prof. Faculty 013,AR-163
7012,BE,Artificial Intelligence & Machine Learning,LY,8,A,Friday,12:15,01:15,Mathematics,Prof. Faculty 101,AR-189
7013,BE,Artificial Intelligence & Machine Learning,LY,8,A,Friday,02:00,03:00,Cyber Security,Prof. Faculty 228,AR-229
7014,BE,Artificial Intelligence & Machine Learning,LY,8,A,Friday,03:00,04:00,CAD/CAM,Prof. Faculty 153,AR-246
7015,BE,Artificial Intelligence & Machine Learning,LY,8,A,Saturday,09:00,10:00,Mathematics,Prof. Faculty 048,AR-205
7016,BE,Artificial Intelligence & Machine Learning,LY,8,A,Saturday,10:00,11:00,Project Lab,Prof. Faculty 155,AR-315
7017,BE,Artificial Intelligence & Machine Learning,LY,8,A,Saturday,11:15,12:15,Machine Learning,Prof. Faculty 096,AR-196
7018,BE,Artificial Intelligence & Machine Learning,LY,8,A,Saturday,12:15,01:15,DBMS,Prof. Faculty 239,AR-289
7019,BE,Artificial Intelligence & Machine Learning,LY,8,A,Saturday,02:00,03:00,Operating Systems,Prof. Faculty 214,AR-315
7020,BE,Artificial Intelligence & Machine Learning,LY,8,A,Saturday,03:00,04:00,Physics,Prof. Faculty 134,AR-155
7021,BE,Artificial Intelligence & Machine Learning,LY,8,B,Monday,09:00,10:00,Cyber Security,Prof. Faculty 008,AR-279
7022,BE,Artificial Intelligence & Machine Learning,LY,8,B,Monday,10:00,11:00,Software Engineering,Prof. Faculty 076,AR-267
7023,BE,Artificial Intelligence & Machine Learning,LY,8,B,Monday,11:15,12:15,Surveying,Prof. Faculty 227,AR-169
7024,BE,Artificial Intelligence & Machine Learning,LY,8,B,Monday,12:15,01:15,Computer Networks,Prof. Faculty 047,AR-226
7025,BE,Artificial Intelligence & Machine Learning,LY,8,B,Monday,02:00,03:00,Data Structures,Prof. Faculty 119,AR-209
7026,BE,Artificial Intelligence & Machine Learning,LY,8,B,Monday,03:00,04:00,Data Structures,Prof. Faculty 212,AR-170
7027,BE,Artificial Intelligence & Machine Learning,LY,8,B,Tuesday,09:00,10:00,Python Programming,Prof. Faculty 212,AR-231
7028,BE,Artificial Intelligence & Machine Learning,LY,8,B,Tuesday,10:00,11:00,Python Programming,Prof. Faculty 111,AR-253
7029,BE,Artificial Intelligence & Machine Learning,LY,8,B,Tuesday,11:15,12:15,AI Fundamentals,Prof. Faculty 174,AR-277
7030,BE,Artificial Intelligence & Machine Learning,LY,8,B,Tuesday,12:15,01:15,DBMS,Prof. Faculty 080,AR-167
7031,BE,Artificial Intelligence & Machine Learning,LY,8,B,Tuesday,02:00,03:00,Physics,Prof. Faculty 233,AR-157
7032,BE,Artificial Intelligence & Machine Learning,LY,8,B,Tuesday,03:00,04:00,Surveying,Prof. Faculty 157,AR-297
7033,BE,Artificial Intelligence & Machine Learning,LY,8,B,Wednesday,09:00,10:00,Electrical Machines,Prof. Faculty 097,AR-305
7034,BE,Artificial Intelligence & Machine Learning,LY,8,B,Wednesday,10:00,11:00,Operating Systems,Prof. Faculty 005,AR-173
7035,BE,Artificial Intelligence & Machine Learning,LY,8,B,Wednesday,11:15,12:15,Data Structures,Prof. Faculty 161,AR-180
7036,BE,Artificial Intelligence & Machine Learning,LY,8,B,Wednesday,12:15,01:15,Cloud Computing,Prof. Faculty 144,AR-187
7037,BE,Artificial Intelligence & Machine Learning,LY,8,B,Wednesday,02:00,03:00,CAD/CAM,Prof. Faculty 230,AR-145
7038,BE,Artificial Intelligence & Machine Learning,LY,8,B,Wednesday,03:00,04:00,Surveying,Prof. Faculty 250,AR-166
7039,BE,Artificial Intelligence & Machine Learning,LY,8,B,Thursday,09:00,10:00,Computer Networks,Prof. Faculty 001,AR-207
7040,BE,Artificial Intelligence & Machine Learning,LY,8,B,Thursday,10:00,11:00,Thermodynamics,Prof. Faculty 185,AR-110
7041,BE,Artificial Intelligence & Machine Learning,LY,8,B,Thursday,11:15,12:15,Java Programming,Prof. Faculty 141,AR-311
7042,BE,Artificial Intelligence & Machine Learning,LY,8,B,Thursday,12:15,01:15,CAD/CAM,Prof. Faculty 105,AR-212
7043,BE,Artificial Intelligence & Machine Learning,LY,8,B,Thursday,02:00,03:00,Thermodynamics,Prof. Faculty 227,AR-128
7044,BE,Artificial Intelligence & Machine Learning,LY,8,B,Thursday,03:00,04:00,Thermodynamics,Prof. Faculty 185,AR-185
7045,BE,Artificial Intelligence & Machine Learning,LY,8,B,Friday,09:00,10:00,DBMS,Prof. Faculty 233,AR-179
7046,BE,Artificial Intelligence & Machine Learning,LY,8,B,Friday,10:00,11:00,Mathematics,Prof. Faculty 052,AR-198
7047,BE,Artificial Intelligence & Machine Learning,LY,8,B,Friday,11:15,12:15,Web Development,Prof. Faculty 098,AR-120
7048,BE,Artificial Intelligence & Machine Learning,LY,8,B,Friday,12:15,01:15,Operating Systems,Prof. Faculty 234,AR-198
7049,BE,Artificial Intelligence & Machine Learning,LY,8,B,Friday,02:00,03:00,Project Lab,Prof. Faculty 230,AR-270
7050,BE,Artificial Intelligence & Machine Learning,LY,8,B,Friday,03:00,04:00,Project Lab,Prof. Faculty 044,AR-106
7051,BE,Artificial Intelligence & Machine Learning,LY,8,B,Saturday,09:00,10:00,CAD/CAM,Prof. Faculty 152,AR-150
7052,BE,Artificial Intelligence & Machine Learning,LY,8,B,Saturday,10:00,11:00,Machine Learning,Prof. Faculty 223,AR-134
7053,BE,Artificial Intelligence & Machine Learning,LY,8,B,Saturday,11:15,12:15,Operating Systems,Prof. Faculty 028,AR-308
7054,BE,Artificial Intelligence & Machine Learning,LY,8,B,Saturday,12:15,01:15,Physics,Prof. Faculty 181,AR-283
7055,BE,Artificial Intelligence & Machine Learning,LY,8,B,Saturday,02:00,03:00,Computer Networks,Prof. Faculty 114,AR-280
7056,BE,Artificial Intelligence & Machine Learning,LY,8,B,Saturday,03:00,04:00,Python Programming,Prof. Faculty 140,AR-220
7057,BE,Data Science,FY,1,A,Monday,09:00,10:00,Physics,Prof. Faculty 187,DA-157
7058,BE,Data Science,FY,1,A,Monday,10:00,11:00,Surveying,Prof. Faculty 064,DA-252
7059,BE,Data Science,FY,1,A,Monday,11:15,12:15,Python Programming,Prof. Faculty 088,DA-241
7060,BE,Data Science,FY,1,A,Monday,12:15,01:15,Project Lab,Prof. Faculty 107,DA-223
7061,BE,Data Science,FY,1,A,Monday,02:00,03:00,DBMS,Prof. Faculty 071,DA-131
7062,BE,Data Science,FY,1,A,Monday,03:00,04:00,Thermodynamics,Prof. Faculty 030,DA-237
7063,BE,Data Science,FY,1,A,Tuesday,09:00,10:00,AI Fundamentals,Prof. Faculty 158,DA-108
7064,BE,Data Science,FY,1,A,Tuesday,10:00,11:00,Mathematics,Prof. Faculty 051,DA-219
7065,BE,Data Science,FY,1,A,Tuesday,11:15,12:15,Cyber Security,Prof. Faculty 121,DA-258
7066,BE,Data Science,FY,1,A,Tuesday,12:15,01:15,Digital Electronics,Prof. Faculty 144,DA-220
7067,BE,Data Science,FY,1,A,Tuesday,02:00,03:00,Operating Systems,Prof. Faculty 162,DA-259
7068,BE,Data Science,FY,1,A,Tuesday,03:00,04:00,Machine Learning,Prof. Faculty 002,DA-319
7069,BE,Data Science,FY,1,A,Wednesday,09:00,10:00,Machine Learning,Prof. Faculty 070,DA-111
7070,BE,Data Science,FY,1,A,Wednesday,10:00,11:00,Web Development,Prof. Faculty 110,DA-159
7071,BE,Data Science,FY,1,A,Wednesday,11:15,12:15,AI Fundamentals,Prof. Faculty 206,DA-166
7072,BE,Data Science,FY,1,A,Wednesday,12:15,01:15,Cloud Computing,Prof. Faculty 195,DA-119
7073,BE,Data Science,FY,1,A,Wednesday,02:00,03:00,Cyber Security,Prof. Faculty 044,DA-318
7074,BE,Data Science,FY,1,A,Wednesday,03:00,04:00,AI Fundamentals,Prof. Faculty 111,DA-280
7075,BE,Data Science,FY,1,A,Thursday,09:00,10:00,AI Fundamentals,Prof. Faculty 116,DA-121
7076,BE,Data Science,FY,1,A,Thursday,10:00,11:00,Machine Learning,Prof. Faculty 075,DA-241
7077,BE,Data Science,FY,1,A,Thursday,11:15,12:15,Cyber Security,Prof. Faculty 146,DA-290
7078,BE,Data Science,FY,1,A,Thursday,12:15,01:15,Project Lab,Prof. Faculty 027,DA-124
7079,BE,Data Science,FY,1,A,Thursday,02:00,03:00,Cloud Computing,Prof. Faculty 245,DA-219
7080,BE,Data Science,FY,1,A,Thursday,03:00,04:00,AI Fundamentals,Prof. Faculty 236,DA-137
7081,BE,Data Science,FY,1,A,Friday,09:00,10:00,Computer Networks,Prof. Faculty 249,DA-307
7082,BE,Data Science,FY,1,A,Friday,10:00,11:00,Project Lab,Prof. Faculty 065,DA-159
7083,BE,Data Science,FY,1,A,Friday,11:15,12:15,Machine Learning,Prof. Faculty 199,DA-245
7084,BE,Data Science,FY,1,A,Friday,12:15,01:15,Software Engineering,Prof. Faculty 207,DA-195
7085,BE,Data Science,FY,1,A,Friday,02:00,03:00,Machine Learning,Prof. Faculty 188,DA-152
7086,BE,Data Science,FY,1,A,Friday,03:00,04:00,Java Programming,Prof. Faculty 030,DA-260
7087,BE,Data Science,FY,1,A,Saturday,09:00,10:00,Data Structures,Prof. Faculty 141,DA-167
7088,BE,Data Science,FY,1,A,Saturday,10:00,11:00,Java Programming,Prof. Faculty 152,DA-137
7089,BE,Data Science,FY,1,A,Saturday,11:15,12:15,Electrical Machines,Prof. Faculty 193,DA-275
7090,BE,Data Science,FY,1,A,Saturday,12:15,01:15,Python Programming,Prof. Faculty 248,DA-107
7091,BE,Data Science,FY,1,A,Saturday,02:00,03:00,Software Engineering,Prof. Faculty 082,DA-112
7092,BE,Data Science,FY,1,A,Saturday,03:00,04:00,Mathematics,Prof. Faculty 203,DA-227
7093,BE,Data Science,FY,1,B,Monday,09:00,10:00,Software Engineering,Prof. Faculty 034,DA-241
7094,BE,Data Science,FY,1,B,Monday,10:00,11:00,Project Lab,Prof. Faculty 097,DA-206
7095,BE,Data Science,FY,1,B,Monday,11:15,12:15,CAD/CAM,Prof. Faculty 122,DA-119
7096,BE,Data Science,FY,1,B,Monday,12:15,01:15,Digital Electronics,Prof. Faculty 179,DA-168
7097,BE,Data Science,FY,1,B,Monday,02:00,03:00,Electrical Machines,Prof. Faculty 126,DA-188
7098,BE,Data Science,FY,1,B,Monday,03:00,04:00,Python Programming,Prof. Faculty 183,DA-158
7099,BE,Data Science,FY,1,B,Tuesday,09:00,10:00,Mathematics,Prof. Faculty 011,DA-110
7100,BE,Data Science,FY,1,B,Tuesday,10:00,11:00,Thermodynamics,Prof. Faculty 160,DA-145
7101,BE,Data Science,FY,1,B,Tuesday,11:15,12:15,DBMS,Prof. Faculty 167,DA-293
7102,BE,Data Science,FY,1,B,Tuesday,12:15,01:15,Physics,Prof. Faculty 130,DA-315
7103,BE,Data Science,FY,1,B,Tuesday,02:00,03:00,Cloud Computing,Prof. Faculty 099,DA-210
7104,BE,Data Science,FY,1,B,Tuesday,03:00,04:00,Electrical Machines,Prof. Faculty 015,DA-160
7105,BE,Data Science,FY,1,B,Wednesday,09:00,10:00,Cloud Computing,Prof. Faculty 185,DA-248
7106,BE,Data Science,FY,1,B,Wednesday,10:00,11:00,CAD/CAM,Prof. Faculty 130,DA-248
7107,BE,Data Science,FY,1,B,Wednesday,11:15,12:15,Project Lab,Prof. Faculty 048,DA-229
7108,BE,Data Science,FY,1,B,Wednesday,12:15,01:15,AI Fundamentals,Prof. Faculty 050,DA-155
7109,BE,Data Science,FY,1,B,Wednesday,02:00,03:00,DBMS,Prof. Faculty 029,DA-219
7110,BE,Data Science,FY,1,B,Wednesday,03:00,04:00,Electrical Machines,Prof. Faculty 016,DA-140
7111,BE,Data Science,FY,1,B,Thursday,09:00,10:00,DBMS,Prof. Faculty 125,DA-201
7112,BE,Data Science,FY,1,B,Thursday,10:00,11:00,Web Development,Prof. Faculty 129,DA-182
7113,BE,Data Science,FY,1,B,Thursday,11:15,12:15,CAD/CAM,Prof. Faculty 112,DA-178
7114,BE,Data Science,FY,1,B,Thursday,12:15,01:15,Project Lab,Prof. Faculty 145,DA-107
7115,BE,Data Science,FY,1,B,Thursday,02:00,03:00,Software Engineering,Prof. Faculty 022,DA-271
7116,BE,Data Science,FY,1,B,Thursday,03:00,04:00,Thermodynamics,Prof. Faculty 230,DA-151
7117,BE,Data Science,FY,1,B,Friday,09:00,10:00,Project Lab,Prof. Faculty 075,DA-126
7118,BE,Data Science,FY,1,B,Friday,10:00,11:00,DBMS,Prof. Faculty 054,DA-195
7119,BE,Data Science,FY,1,B,Friday,11:15,12:15,Software Engineering,Prof. Faculty 035,DA-286
7120,BE,Data Science,FY,1,B,Friday,12:15,01:15,AI Fundamentals,Prof. Faculty 236,DA-112
7121,BE,Data Science,FY,1,B,Friday,02:00,03:00,AI Fundamentals,Prof. Faculty 193,DA-120
7122,BE,Data Science,FY,1,B,Friday,03:00,04:00,Electrical Machines,Prof. Faculty 169,DA-269
7123,BE,Data Science,FY,1,B,Saturday,09:00,10:00,Operating Systems,Prof. Faculty 232,DA-157
7124,BE,Data Science,FY,1,B,Saturday,10:00,11:00,Physics,Prof. Faculty 103,DA-245
7125,BE,Data Science,FY,1,B,Saturday,11:15,12:15,Computer Networks,Prof. Faculty 158,DA-121
7126,BE,Data Science,FY,1,B,Saturday,12:15,01:15,Machine Learning,Prof. Faculty 052,DA-246
7127,BE,Data Science,FY,1,B,Saturday,02:00,03:00,Data Structures,Prof. Faculty 092,DA-251
7128,BE,Data Science,FY,1,B,Saturday,03:00,04:00,Project Lab,Prof. Faculty 184,DA-192
7129,BE,Data Science,FY,2,A,Monday,09:00,10:00,Physics,Prof. Faculty 032,DA-272
7130,BE,Data Science,FY,2,A,Monday,10:00,11:00,CAD/CAM,Prof. Faculty 069,DA-239
7131,BE,Data Science,FY,2,A,Monday,11:15,12:15,Machine Learning,Prof. Faculty 105,DA-284
7132,BE,Data Science,FY,2,A,Monday,12:15,01:15,Data Structures,Prof. Faculty 084,DA-118
7133,BE,Data Science,FY,2,A,Monday,02:00,03:00,Electrical Machines,Prof. Faculty 087,DA-109
7134,BE,Data Science,FY,2,A,Monday,03:00,04:00,Project Lab,Prof. Faculty 114,DA-154
7135,BE,Data Science,FY,2,A,Tuesday,09:00,10:00,Python Programming,Prof. Faculty 062,DA-275
7136,BE,Data Science,FY,2,A,Tuesday,10:00,11:00,AI Fundamentals,Prof. Faculty 133,DA-134
7137,BE,Data Science,FY,2,A,Tuesday,11:15,12:15,AI Fundamentals,Prof. Faculty 119,DA-140
7138,BE,Data Science,FY,2,A,Tuesday,12:15,01:15,Mathematics,Prof. Faculty 199,DA-240
7139,BE,Data Science,FY,2,A,Tuesday,02:00,03:00,Digital Electronics,Prof. Faculty 085,DA-256
7140,BE,Data Science,FY,2,A,Tuesday,03:00,04:00,CAD/CAM,Prof. Faculty 033,DA-163
7141,BE,Data Science,FY,2,A,Wednesday,09:00,10:00,Operating Systems,Prof. Faculty 241,DA-106
7142,BE,Data Science,FY,2,A,Wednesday,10:00,11:00,Web Development,Prof. Faculty 055,DA-310
7143,BE,Data Science,FY,2,A,Wednesday,11:15,12:15,Software Engineering,Prof. Faculty 226,DA-288
7144,BE,Data Science,FY,2,A,Wednesday,12:15,01:15,Software Engineering,Prof. Faculty 126,DA-156
7145,BE,Data Science,FY,2,A,Wednesday,02:00,03:00,DBMS,Prof. Faculty 175,DA-230
7146,BE,Data Science,FY,2,A,Wednesday,03:00,04:00,DBMS,Prof. Faculty 242,DA-152
7147,BE,Data Science,FY,2,A,Thursday,09:00,10:00,CAD/CAM,Prof. Faculty 076,DA-171
7148,BE,Data Science,FY,2,A,Thursday,10:00,11:00,Digital Electronics,Prof. Faculty 069,DA-282
7149,BE,Data Science,FY,2,A,Thursday,11:15,12:15,Java Programming,Prof. Faculty 175,DA-167
7150,BE,Data Science,FY,2,A,Thursday,12:15,01:15,Software Engineering,Prof. Faculty 159,DA-272
7151,BE,Data Science,FY,2,A,Thursday,02:00,03:00,Cyber Security,Prof. Faculty 165,DA-120
7152,BE,Data Science,FY,2,A,Thursday,03:00,04:00,Software Engineering,Prof. Faculty 237,DA-144
7153,BE,Data Science,FY,2,A,Friday,09:00,10:00,AI Fundamentals,Prof. Faculty 248,DA-228
7154,BE,Data Science,FY,2,A,Friday,10:00,11:00,Physics,Prof. Faculty 129,DA-213
7155,BE,Data Science,FY,2,A,Friday,11:15,12:15,Project Lab,Prof. Faculty 185,DA-250
7156,BE,Data Science,FY,2,A,Friday,12:15,01:15,Electrical Machines,Prof. Faculty 153,DA-228
7157,BE,Data Science,FY,2,A,Friday,02:00,03:00,Data Structures,Prof. Faculty 151,DA-164
7158,BE,Data Science,FY,2,A,Friday,03:00,04:00,Surveying,Prof. Faculty 031,DA-219
7159,BE,Data Science,FY,2,A,Saturday,09:00,10:00,Machine Learning,Prof. Faculty 001,DA-238
7160,BE,Data Science,FY,2,A,Saturday,10:00,11:00,Digital Electronics,Prof. Faculty 085,DA-115
7161,BE,Data Science,FY,2,A,Saturday,11:15,12:15,Digital Electronics,Prof. Faculty 135,DA-111
7162,BE,Data Science,FY,2,A,Saturday,12:15,01:15,DBMS,Prof. Faculty 160,DA-264
7163,BE,Data Science,FY,2,A,Saturday,02:00,03:00,AI Fundamentals,Prof. Faculty 177,DA-199
7164,BE,Data Science,FY,2,A,Saturday,03:00,04:00,Surveying,Prof. Faculty 185,DA-291
7165,BE,Data Science,FY,2,B,Monday,09:00,10:00,CAD/CAM,Prof. Faculty 194,DA-234
7166,BE,Data Science,FY,2,B,Monday,10:00,11:00,CAD/CAM,Prof. Faculty 035,DA-145
7167,BE,Data Science,FY,2,B,Monday,11:15,12:15,DBMS,Prof. Faculty 208,DA-119
7168,BE,Data Science,FY,2,B,Monday,12:15,01:15,Project Lab,Prof. Faculty 094,DA-277
7169,BE,Data Science,FY,2,B,Monday,02:00,03:00,Software Engineering,Prof. Faculty 108,DA-170
7170,BE,Data Science,FY,2,B,Monday,03:00,04:00,Digital Electronics,Prof. Faculty 191,DA-178
7171,BE,Data Science,FY,2,B,Tuesday,09:00,10:00,Project Lab,Prof. Faculty 165,DA-138
7172,BE,Data Science,FY,2,B,Tuesday,10:00,11:00,Computer Networks,Prof. Faculty 085,DA-186
7173,BE,Data Science,FY,2,B,Tuesday,11:15,12:15,Digital Electronics,Prof. Faculty 085,DA-186
7174,BE,Data Science,FY,2,B,Tuesday,12:15,01:15,Software Engineering,Prof. Faculty 189,DA-176
7175,BE,Data Science,FY,2,B,Tuesday,02:00,03:00,CAD/CAM,Prof. Faculty 121,DA-312
7176,BE,Data Science,FY,2,B,Tuesday,03:00,04:00,Electrical Machines,Prof. Faculty 043,DA-240
7177,BE,Data Science,FY,2,B,Wednesday,09:00,10:00,DBMS,Prof. Faculty 196,DA-320
7178,BE,Data Science,FY,2,B,Wednesday,10:00,11:00,Data Structures,Prof. Faculty 162,DA-113
7179,BE,Data Science,FY,2,B,Wednesday,11:15,12:15,AI Fundamentals,Prof. Faculty 244,DA-255
7180,BE,Data Science,FY,2,B,Wednesday,12:15,01:15,Software Engineering,Prof. Faculty 142,DA-237
7181,BE,Data Science,FY,2,B,Wednesday,02:00,03:00,Cloud Computing,Prof. Faculty 006,DA-124
7182,BE,Data Science,FY,2,B,Wednesday,03:00,04:00,Cyber Security,Prof. Faculty 065,DA-152
7183,BE,Data Science,FY,2,B,Thursday,09:00,10:00,Computer Networks,Prof. Faculty 030,DA-314
7184,BE,Data Science,FY,2,B,Thursday,10:00,11:00,Software Engineering,Prof. Faculty 124,DA-253
7185,BE,Data Science,FY,2,B,Thursday,11:15,12:15,Computer Networks,Prof. Faculty 086,DA-249
7186,BE,Data Science,FY,2,B,Thursday,12:15,01:15,Thermodynamics,Prof. Faculty 057,DA-272
7187,BE,Data Science,FY,2,B,Thursday,02:00,03:00,AI Fundamentals,Prof. Faculty 148,DA-264
7188,BE,Data Science,FY,2,B,Thursday,03:00,04:00,Web Development,Prof. Faculty 091,DA-222
7189,BE,Data Science,FY,2,B,Friday,09:00,10:00,Machine Learning,Prof. Faculty 113,DA-219
7190,BE,Data Science,FY,2,B,Friday,10:00,11:00,Surveying,Prof. Faculty 112,DA-137
7191,BE,Data Science,FY,2,B,Friday,11:15,12:15,Surveying,Prof. Faculty 070,DA-227
7192,BE,Data Science,FY,2,B,Friday,12:15,01:15,Machine Learning,Prof. Faculty 097,DA-212
7193,BE,Data Science,FY,2,B,Friday,02:00,03:00,Electrical Machines,Prof. Faculty 141,DA-115
7194,BE,Data Science,FY,2,B,Friday,03:00,04:00,Cyber Security,Prof. Faculty 038,DA-319
7195,BE,Data Science,FY,2,B,Saturday,09:00,10:00,Surveying,Prof. Faculty 092,DA-159
7196,BE,Data Science,FY,2,B,Saturday,10:00,11:00,Operating Systems,Prof. Faculty 143,DA-281
7197,BE,Data Science,FY,2,B,Saturday,11:15,12:15,Java Programming,Prof. Faculty 191,DA-286
7198,BE,Data Science,FY,2,B,Saturday,12:15,01:15,Software Engineering,Prof. Faculty 119,DA-306
7199,BE,Data Science,FY,2,B,Saturday,02:00,03:00,Python Programming,Prof. Faculty 127,DA-133
7200,BE,Data Science,FY,2,B,Saturday,03:00,04:00,Cloud Computing,Prof. Faculty 079,DA-280
7201,BE,Data Science,SY,3,A,Monday,09:00,10:00,Computer Networks,Prof. Faculty 155,DA-183
7202,BE,Data Science,SY,3,A,Monday,10:00,11:00,Java Programming,Prof. Faculty 215,DA-208
7203,BE,Data Science,SY,3,A,Monday,11:15,12:15,Physics,Prof. Faculty 081,DA-258
7204,BE,Data Science,SY,3,A,Monday,12:15,01:15,Python Programming,Prof. Faculty 075,DA-267
7205,BE,Data Science,SY,3,A,Monday,02:00,03:00,Surveying,Prof. Faculty 069,DA-233
7206,BE,Data Science,SY,3,A,Monday,03:00,04:00,Cyber Security,Prof. Faculty 068,DA-215
7207,BE,Data Science,SY,3,A,Tuesday,09:00,10:00,AI Fundamentals,Prof. Faculty 109,DA-221
7208,BE,Data Science,SY,3,A,Tuesday,10:00,11:00,Cloud Computing,Prof. Faculty 055,DA-154
7209,BE,Data Science,SY,3,A,Tuesday,11:15,12:15,Surveying,Prof. Faculty 006,DA-316
7210,BE,Data Science,SY,3,A,Tuesday,12:15,01:15,Software Engineering,Prof. Faculty 235,DA-163
7211,BE,Data Science,SY,3,A,Tuesday,02:00,03:00,CAD/CAM,Prof. Faculty 045,DA-118
7212,BE,Data Science,SY,3,A,Tuesday,03:00,04:00,Java Programming,Prof. Faculty 012,DA-307
7213,BE,Data Science,SY,3,A,Wednesday,09:00,10:00,Software Engineering,Prof. Faculty 066,DA-250
7214,BE,Data Science,SY,3,A,Wednesday,10:00,11:00,Mathematics,Prof. Faculty 169,DA-139
7215,BE,Data Science,SY,3,A,Wednesday,11:15,12:15,Python Programming,Prof. Faculty 113,DA-177
7216,BE,Data Science,SY,3,A,Wednesday,12:15,01:15,CAD/CAM,Prof. Faculty 138,DA-303
7217,BE,Data Science,SY,3,A,Wednesday,02:00,03:00,Thermodynamics,Prof. Faculty 172,DA-124
7218,BE,Data Science,SY,3,A,Wednesday,03:00,04:00,AI Fundamentals,Prof. Faculty 073,DA-213
7219,BE,Data Science,SY,3,A,Thursday,09:00,10:00,Software Engineering,Prof. Faculty 207,DA-208
7220,BE,Data Science,SY,3,A,Thursday,10:00,11:00,Physics,Prof. Faculty 233,DA-201
7221,BE,Data Science,SY,3,A,Thursday,11:15,12:15,Java Programming,Prof. Faculty 012,DA-180
7222,BE,Data Science,SY,3,A,Thursday,12:15,01:15,Thermodynamics,Prof. Faculty 024,DA-139
7223,BE,Data Science,SY,3,A,Thursday,02:00,03:00,Cyber Security,Prof. Faculty 208,DA-299
7224,BE,Data Science,SY,3,A,Thursday,03:00,04:00,Cyber Security,Prof. Faculty 001,DA-306
7225,BE,Data Science,SY,3,A,Friday,09:00,10:00,Web Development,Prof. Faculty 138,DA-131
7226,BE,Data Science,SY,3,A,Friday,10:00,11:00,Python Programming,Prof. Faculty 156,DA-212
7227,BE,Data Science,SY,3,A,Friday,11:15,12:15,Thermodynamics,Prof. Faculty 185,DA-131
7228,BE,Data Science,SY,3,A,Friday,12:15,01:15,Thermodynamics,Prof. Faculty 058,DA-256
7229,BE,Data Science,SY,3,A,Friday,02:00,03:00,Python Programming,Prof. Faculty 005,DA-212
7230,BE,Data Science,SY,3,A,Friday,03:00,04:00,Computer Networks,Prof. Faculty 015,DA-185
7231,BE,Data Science,SY,3,A,Saturday,09:00,10:00,Software Engineering,Prof. Faculty 087,DA-216
7232,BE,Data Science,SY,3,A,Saturday,10:00,11:00,Python Programming,Prof. Faculty 246,DA-256
7233,BE,Data Science,SY,3,A,Saturday,11:15,12:15,Mathematics,Prof. Faculty 223,DA-164
7234,BE,Data Science,SY,3,A,Saturday,12:15,01:15,Software Engineering,Prof. Faculty 130,DA-204
7235,BE,Data Science,SY,3,A,Saturday,02:00,03:00,Physics,Prof. Faculty 001,DA-284
7236,BE,Data Science,SY,3,A,Saturday,03:00,04:00,Web Development,Prof. Faculty 064,DA-123
7237,BE,Data Science,SY,3,B,Monday,09:00,10:00,Digital Electronics,Prof. Faculty 181,DA-158
7238,BE,Data Science,SY,3,B,Monday,10:00,11:00,Cyber Security,Prof. Faculty 055,DA-274
7239,BE,Data Science,SY,3,B,Monday,11:15,12:15,CAD/CAM,Prof. Faculty 155,DA-160
7240,BE,Data Science,SY,3,B,Monday,12:15,01:15,Software Engineering,Prof. Faculty 045,DA-161
7241,BE,Data Science,SY,3,B,Monday,02:00,03:00,Machine Learning,Prof. Faculty 236,DA-155
7242,BE,Data Science,SY,3,B,Monday,03:00,04:00,Project Lab,Prof. Faculty 073,DA-275
7243,BE,Data Science,SY,3,B,Tuesday,09:00,10:00,Electrical Machines,Prof. Faculty 012,DA-259
7244,BE,Data Science,SY,3,B,Tuesday,10:00,11:00,Operating Systems,Prof. Faculty 211,DA-193
7245,BE,Data Science,SY,3,B,Tuesday,11:15,12:15,Surveying,Prof. Faculty 042,DA-233
7246,BE,Data Science,SY,3,B,Tuesday,12:15,01:15,Java Programming,Prof. Faculty 158,DA-182
7247,BE,Data Science,SY,3,B,Tuesday,02:00,03:00,Surveying,Prof. Faculty 182,DA-311
7248,BE,Data Science,SY,3,B,Tuesday,03:00,04:00,Cloud Computing,Prof. Faculty 025,DA-118
7249,BE,Data Science,SY,3,B,Wednesday,09:00,10:00,Machine Learning,Prof. Faculty 025,DA-192
7250,BE,Data Science,SY,3,B,Wednesday,10:00,11:00,Electrical Machines,Prof. Faculty 037,DA-194
7251,BE,Data Science,SY,3,B,Wednesday,11:15,12:15,Thermodynamics,Prof. Faculty 250,DA-260
7252,BE,Data Science,SY,3,B,Wednesday,12:15,01:15,Mathematics,Prof. Faculty 124,DA-134
7253,BE,Data Science,SY,3,B,Wednesday,02:00,03:00,Digital Electronics,Prof. Faculty 177,DA-140
7254,BE,Data Science,SY,3,B,Wednesday,03:00,04:00,Project Lab,Prof. Faculty 045,DA-129
7255,BE,Data Science,SY,3,B,Thursday,09:00,10:00,Electrical Machines,Prof. Faculty 037,DA-159
7256,BE,Data Science,SY,3,B,Thursday,10:00,11:00,Operating Systems,Prof. Faculty 131,DA-217
7257,BE,Data Science,SY,3,B,Thursday,11:15,12:15,Digital Electronics,Prof. Faculty 064,DA-267
7258,BE,Data Science,SY,3,B,Thursday,12:15,01:15,DBMS,Prof. Faculty 115,DA-134
7259,BE,Data Science,SY,3,B,Thursday,02:00,03:00,Software Engineering,Prof. Faculty 031,DA-268
7260,BE,Data Science,SY,3,B,Thursday,03:00,04:00,AI Fundamentals,Prof. Faculty 069,DA-234
7261,BE,Data Science,SY,3,B,Friday,09:00,10:00,Thermodynamics,Prof. Faculty 106,DA-272
7262,BE,Data Science,SY,3,B,Friday,10:00,11:00,Computer Networks,Prof. Faculty 045,DA-288
7263,BE,Data Science,SY,3,B,Friday,11:15,12:15,Cloud Computing,Prof. Faculty 017,DA-169
7264,BE,Data Science,SY,3,B,Friday,12:15,01:15,Cloud Computing,Prof. Faculty 226,DA-224
7265,BE,Data Science,SY,3,B,Friday,02:00,03:00,Digital Electronics,Prof. Faculty 143,DA-284
7266,BE,Data Science,SY,3,B,Friday,03:00,04:00,Machine Learning,Prof. Faculty 246,DA-231
7267,BE,Data Science,SY,3,B,Saturday,09:00,10:00,CAD/CAM,Prof. Faculty 208,DA-307
7268,BE,Data Science,SY,3,B,Saturday,10:00,11:00,Web Development,Prof. Faculty 072,DA-267
7269,BE,Data Science,SY,3,B,Saturday,11:15,12:15,Software Engineering,Prof. Faculty 178,DA-291
7270,BE,Data Science,SY,3,B,Saturday,12:15,01:15,CAD/CAM,Prof. Faculty 189,DA-235
7271,BE,Data Science,SY,3,B,Saturday,02:00,03:00,Thermodynamics,Prof. Faculty 064,DA-176
7272,BE,Data Science,SY,3,B,Saturday,03:00,04:00,Java Programming,Prof. Faculty 213,DA-163
7273,BE,Data Science,SY,4,A,Monday,09:00,10:00,Java Programming,Prof. Faculty 052,DA-268
7274,BE,Data Science,SY,4,A,Monday,10:00,11:00,CAD/CAM,Prof. Faculty 092,DA-159
7275,BE,Data Science,SY,4,A,Monday,11:15,12:15,Machine Learning,Prof. Faculty 066,DA-278
7276,BE,Data Science,SY,4,A,Monday,12:15,01:15,Web Development,Prof. Faculty 160,DA-217
7277,BE,Data Science,SY,4,A,Monday,02:00,03:00,Cloud Computing,Prof. Faculty 094,DA-262
7278,BE,Data Science,SY,4,A,Monday,03:00,04:00,Physics,Prof. Faculty 074,DA-318
7279,BE,Data Science,SY,4,A,Tuesday,09:00,10:00,Computer Networks,Prof. Faculty 222,DA-129
7280,BE,Data Science,SY,4,A,Tuesday,10:00,11:00,Software Engineering,Prof. Faculty 074,DA-173
7281,BE,Data Science,SY,4,A,Tuesday,11:15,12:15,Cloud Computing,Prof. Faculty 171,DA-260
7282,BE,Data Science,SY,4,A,Tuesday,12:15,01:15,Operating Systems,Prof. Faculty 216,DA-235
7283,BE,Data Science,SY,4,A,Tuesday,02:00,03:00,Software Engineering,Prof. Faculty 025,DA-267
7284,BE,Data Science,SY,4,A,Tuesday,03:00,04:00,Mathematics,Prof. Faculty 187,DA-157
7285,BE,Data Science,SY,4,A,Wednesday,09:00,10:00,Project Lab,Prof. Faculty 207,DA-283
7286,BE,Data Science,SY,4,A,Wednesday,10:00,11:00,DBMS,Prof. Faculty 172,DA-166
7287,BE,Data Science,SY,4,A,Wednesday,11:15,12:15,Data Structures,Prof. Faculty 204,DA-307
7288,BE,Data Science,SY,4,A,Wednesday,12:15,01:15,Computer Networks,Prof. Faculty 022,DA-228
7289,BE,Data Science,SY,4,A,Wednesday,02:00,03:00,Cyber Security,Prof. Faculty 217,DA-213
7290,BE,Data Science,SY,4,A,Wednesday,03:00,04:00,Thermodynamics,Prof. Faculty 071,DA-202
7291,BE,Data Science,SY,4,A,Thursday,09:00,10:00,Physics,Prof. Faculty 016,DA-250
7292,BE,Data Science,SY,4,A,Thursday,10:00,11:00,Web Development,Prof. Faculty 178,DA-320
7293,BE,Data Science,SY,4,A,Thursday,11:15,12:15,Physics,Prof. Faculty 015,DA-209
7294,BE,Data Science,SY,4,A,Thursday,12:15,01:15,DBMS,Prof. Faculty 064,DA-172
7295,BE,Data Science,SY,4,A,Thursday,02:00,03:00,AI Fundamentals,Prof. Faculty 008,DA-319
7296,BE,Data Science,SY,4,A,Thursday,03:00,04:00,Thermodynamics,Prof. Faculty 014,DA-132
7297,BE,Data Science,SY,4,A,Friday,09:00,10:00,DBMS,Prof. Faculty 210,DA-219
7298,BE,Data Science,SY,4,A,Friday,10:00,11:00,Mathematics,Prof. Faculty 204,DA-204
7299,BE,Data Science,SY,4,A,Friday,11:15,12:15,Project Lab,Prof. Faculty 097,DA-214
7300,BE,Data Science,SY,4,A,Friday,12:15,01:15,CAD/CAM,Prof. Faculty 054,DA-151
7301,BE,Data Science,SY,4,A,Friday,02:00,03:00,Physics,Prof. Faculty 239,DA-299
7302,BE,Data Science,SY,4,A,Friday,03:00,04:00,Web Development,Prof. Faculty 227,DA-114
7303,BE,Data Science,SY,4,A,Saturday,09:00,10:00,Mathematics,Prof. Faculty 072,DA-266
7304,BE,Data Science,SY,4,A,Saturday,10:00,11:00,Physics,Prof. Faculty 156,DA-302
7305,BE,Data Science,SY,4,A,Saturday,11:15,12:15,Digital Electronics,Prof. Faculty 031,DA-138
7306,BE,Data Science,SY,4,A,Saturday,12:15,01:15,DBMS,Prof. Faculty 163,DA-152
7307,BE,Data Science,SY,4,A,Saturday,02:00,03:00,Operating Systems,Prof. Faculty 039,DA-311
7308,BE,Data Science,SY,4,A,Saturday,03:00,04:00,Java Programming,Prof. Faculty 035,DA-160
7309,BE,Data Science,SY,4,B,Monday,09:00,10:00,Electrical Machines,Prof. Faculty 171,DA-150
7310,BE,Data Science,SY,4,B,Monday,10:00,11:00,Electrical Machines,Prof. Faculty 019,DA-113
7311,BE,Data Science,SY,4,B,Monday,11:15,12:15,Cloud Computing,Prof. Faculty 157,DA-115
7312,BE,Data Science,SY,4,B,Monday,12:15,01:15,Machine Learning,Prof. Faculty 233,DA-108
7313,BE,Data Science,SY,4,B,Monday,02:00,03:00,Data Structures,Prof. Faculty 007,DA-174
7314,BE,Data Science,SY,4,B,Monday,03:00,04:00,Python Programming,Prof. Faculty 027,DA-244
7315,BE,Data Science,SY,4,B,Tuesday,09:00,10:00,Project Lab,Prof. Faculty 027,DA-148
7316,BE,Data Science,SY,4,B,Tuesday,10:00,11:00,Digital Electronics,Prof. Faculty 169,DA-200
7317,BE,Data Science,SY,4,B,Tuesday,11:15,12:15,Operating Systems,Prof. Faculty 079,DA-256
7318,BE,Data Science,SY,4,B,Tuesday,12:15,01:15,Data Structures,Prof. Faculty 135,DA-199
7319,BE,Data Science,SY,4,B,Tuesday,02:00,03:00,Software Engineering,Prof. Faculty 231,DA-283
7320,BE,Data Science,SY,4,B,Tuesday,03:00,04:00,CAD/CAM,Prof. Faculty 010,DA-143
7321,BE,Data Science,SY,4,B,Wednesday,09:00,10:00,Cloud Computing,Prof. Faculty 244,DA-262
7322,BE,Data Science,SY,4,B,Wednesday,10:00,11:00,CAD/CAM,Prof. Faculty 092,DA-109
7323,BE,Data Science,SY,4,B,Wednesday,11:15,12:15,Mathematics,Prof. Faculty 030,DA-208
7324,BE,Data Science,SY,4,B,Wednesday,12:15,01:15,DBMS,Prof. Faculty 087,DA-148
7325,BE,Data Science,SY,4,B,Wednesday,02:00,03:00,Computer Networks,Prof. Faculty 236,DA-283
7326,BE,Data Science,SY,4,B,Wednesday,03:00,04:00,Web Development,Prof. Faculty 101,DA-263
7327,BE,Data Science,SY,4,B,Thursday,09:00,10:00,AI Fundamentals,Prof. Faculty 242,DA-262
7328,BE,Data Science,SY,4,B,Thursday,10:00,11:00,Surveying,Prof. Faculty 183,DA-229
7329,BE,Data Science,SY,4,B,Thursday,11:15,12:15,Software Engineering,Prof. Faculty 015,DA-274
7330,BE,Data Science,SY,4,B,Thursday,12:15,01:15,Machine Learning,Prof. Faculty 133,DA-258
7331,BE,Data Science,SY,4,B,Thursday,02:00,03:00,Mathematics,Prof. Faculty 140,DA-102
7332,BE,Data Science,SY,4,B,Thursday,03:00,04:00,DBMS,Prof. Faculty 226,DA-286
7333,BE,Data Science,SY,4,B,Friday,09:00,10:00,AI Fundamentals,Prof. Faculty 011,DA-286
7334,BE,Data Science,SY,4,B,Friday,10:00,11:00,CAD/CAM,Prof. Faculty 121,DA-137
7335,BE,Data Science,SY,4,B,Friday,11:15,12:15,CAD/CAM,Prof. Faculty 020,DA-149
7336,BE,Data Science,SY,4,B,Friday,12:15,01:15,Digital Electronics,Prof. Faculty 104,DA-212
7337,BE,Data Science,SY,4,B,Friday,02:00,03:00,Mathematics,Prof. Faculty 155,DA-108
7338,BE,Data Science,SY,4,B,Friday,03:00,04:00,Java Programming,Prof. Faculty 183,DA-191
7339,BE,Data Science,SY,4,B,Saturday,09:00,10:00,DBMS,Prof. Faculty 175,DA-235
7340,BE,Data Science,SY,4,B,Saturday,10:00,11:00,Computer Networks,Prof. Faculty 200,DA-152
7341,BE,Data Science,SY,4,B,Saturday,11:15,12:15,Web Development,Prof. Faculty 019,DA-233
7342,BE,Data Science,SY,4,B,Saturday,12:15,01:15,Data Structures,Prof. Faculty 187,DA-174
7343,BE,Data Science,SY,4,B,Saturday,02:00,03:00,Mathematics,Prof. Faculty 157,DA-268
7344,BE,Data Science,SY,4,B,Saturday,03:00,04:00,Cloud Computing,Prof. Faculty 063,DA-109
7345,BE,Data Science,TY,5,A,Monday,09:00,10:00,Electrical Machines,Prof. Faculty 093,DA-285
7346,BE,Data Science,TY,5,A,Monday,10:00,11:00,Project Lab,Prof. Faculty 007,DA-209
7347,BE,Data Science,TY,5,A,Monday,11:15,12:15,CAD/CAM,Prof. Faculty 086,DA-213
7348,BE,Data Science,TY,5,A,Monday,12:15,01:15,Mathematics,Prof. Faculty 183,DA-157
7349,BE,Data Science,TY,5,A,Monday,02:00,03:00,Software Engineering,Prof. Faculty 098,DA-263
7350,BE,Data Science,TY,5,A,Monday,03:00,04:00,Machine Learning,Prof. Faculty 055,DA-311
7351,BE,Data Science,TY,5,A,Tuesday,09:00,10:00,Software Engineering,Prof. Faculty 012,DA-225
7352,BE,Data Science,TY,5,A,Tuesday,10:00,11:00,Mathematics,Prof. Faculty 211,DA-224
7353,BE,Data Science,TY,5,A,Tuesday,11:15,12:15,Web Development,Prof. Faculty 214,DA-291
7354,BE,Data Science,TY,5,A,Tuesday,12:15,01:15,Surveying,Prof. Faculty 212,DA-262
7355,BE,Data Science,TY,5,A,Tuesday,02:00,03:00,Software Engineering,Prof. Faculty 246,DA-147
7356,BE,Data Science,TY,5,A,Tuesday,03:00,04:00,Digital Electronics,Prof. Faculty 233,DA-157
7357,BE,Data Science,TY,5,A,Wednesday,09:00,10:00,Thermodynamics,Prof. Faculty 137,DA-297
7358,BE,Data Science,TY,5,A,Wednesday,10:00,11:00,Cyber Security,Prof. Faculty 150,DA-215
7359,BE,Data Science,TY,5,A,Wednesday,11:15,12:15,Physics,Prof. Faculty 082,DA-297
7360,BE,Data Science,TY,5,A,Wednesday,12:15,01:15,Machine Learning,Prof. Faculty 058,DA-230
7361,BE,Data Science,TY,5,A,Wednesday,02:00,03:00,AI Fundamentals,Prof. Faculty 247,DA-127
7362,BE,Data Science,TY,5,A,Wednesday,03:00,04:00,Software Engineering,Prof. Faculty 067,DA-117
7363,BE,Data Science,TY,5,A,Thursday,09:00,10:00,Operating Systems,Prof. Faculty 111,DA-229
7364,BE,Data Science,TY,5,A,Thursday,10:00,11:00,Computer Networks,Prof. Faculty 174,DA-182
7365,BE,Data Science,TY,5,A,Thursday,11:15,12:15,Project Lab,Prof. Faculty 074,DA-130
7366,BE,Data Science,TY,5,A,Thursday,12:15,01:15,DBMS,Prof. Faculty 186,DA-116
7367,BE,Data Science,TY,5,A,Thursday,02:00,03:00,Machine Learning,Prof. Faculty 173,DA-309
7368,BE,Data Science,TY,5,A,Thursday,03:00,04:00,AI Fundamentals,Prof. Faculty 085,DA-198
7369,BE,Data Science,TY,5,A,Friday,09:00,10:00,Cyber Security,Prof. Faculty 237,DA-119
7370,BE,Data Science,TY,5,A,Friday,10:00,11:00,Java Programming,Prof. Faculty 248,DA-148
7371,BE,Data Science,TY,5,A,Friday,11:15,12:15,DBMS,Prof. Faculty 227,DA-179
7372,BE,Data Science,TY,5,A,Friday,12:15,01:15,Physics,Prof. Faculty 170,DA-124
7373,BE,Data Science,TY,5,A,Friday,02:00,03:00,DBMS,Prof. Faculty 192,DA-190
7374,BE,Data Science,TY,5,A,Friday,03:00,04:00,Thermodynamics,Prof. Faculty 100,DA-220
7375,BE,Data Science,TY,5,A,Saturday,09:00,10:00,Machine Learning,Prof. Faculty 110,DA-220
7376,BE,Data Science,TY,5,A,Saturday,10:00,11:00,Data Structures,Prof. Faculty 139,DA-137
7377,BE,Data Science,TY,5,A,Saturday,11:15,12:15,Mathematics,Prof. Faculty 025,DA-208
7378,BE,Data Science,TY,5,A,Saturday,12:15,01:15,Software Engineering,Prof. Faculty 186,DA-263
7379,BE,Data Science,TY,5,A,Saturday,02:00,03:00,Thermodynamics,Prof. Faculty 168,DA-272
7380,BE,Data Science,TY,5,A,Saturday,03:00,04:00,Thermodynamics,Prof. Faculty 061,DA-141
7381,BE,Data Science,TY,5,B,Monday,09:00,10:00,Cyber Security,Prof. Faculty 088,DA-292
7382,BE,Data Science,TY,5,B,Monday,10:00,11:00,Machine Learning,Prof. Faculty 247,DA-275
7383,BE,Data Science,TY,5,B,Monday,11:15,12:15,Machine Learning,Prof. Faculty 136,DA-221
7384,BE,Data Science,TY,5,B,Monday,12:15,01:15,Cyber Security,Prof. Faculty 164,DA-208
7385,BE,Data Science,TY,5,B,Monday,02:00,03:00,Thermodynamics,Prof. Faculty 227,DA-281
7386,BE,Data Science,TY,5,B,Monday,03:00,04:00,AI Fundamentals,Prof. Faculty 014,DA-230
7387,BE,Data Science,TY,5,B,Tuesday,09:00,10:00,Data Structures,Prof. Faculty 219,DA-196
7388,BE,Data Science,TY,5,B,Tuesday,10:00,11:00,Computer Networks,Prof. Faculty 175,DA-229
7389,BE,Data Science,TY,5,B,Tuesday,11:15,12:15,Computer Networks,Prof. Faculty 246,DA-169
7390,BE,Data Science,TY,5,B,Tuesday,12:15,01:15,Electrical Machines,Prof. Faculty 183,DA-232
7391,BE,Data Science,TY,5,B,Tuesday,02:00,03:00,Software Engineering,Prof. Faculty 099,DA-141
7392,BE,Data Science,TY,5,B,Tuesday,03:00,04:00,Project Lab,Prof. Faculty 085,DA-111
7393,BE,Data Science,TY,5,B,Wednesday,09:00,10:00,Thermodynamics,Prof. Faculty 171,DA-123
7394,BE,Data Science,TY,5,B,Wednesday,10:00,11:00,AI Fundamentals,Prof. Faculty 029,DA-244
7395,BE,Data Science,TY,5,B,Wednesday,11:15,12:15,Cloud Computing,Prof. Faculty 063,DA-270
7396,BE,Data Science,TY,5,B,Wednesday,12:15,01:15,Mathematics,Prof. Faculty 108,DA-141
7397,BE,Data Science,TY,5,B,Wednesday,02:00,03:00,Digital Electronics,Prof. Faculty 119,DA-140
7398,BE,Data Science,TY,5,B,Wednesday,03:00,04:00,Machine Learning,Prof. Faculty 033,DA-320
7399,BE,Data Science,TY,5,B,Thursday,09:00,10:00,Java Programming,Prof. Faculty 118,DA-272
7400,BE,Data Science,TY,5,B,Thursday,10:00,11:00,Physics,Prof. Faculty 046,DA-186
7401,BE,Data Science,TY,5,B,Thursday,11:15,12:15,Machine Learning,Prof. Faculty 088,DA-252
7402,BE,Data Science,TY,5,B,Thursday,12:15,01:15,Physics,Prof. Faculty 150,DA-142
7403,BE,Data Science,TY,5,B,Thursday,02:00,03:00,Computer Networks,Prof. Faculty 026,DA-299
7404,BE,Data Science,TY,5,B,Thursday,03:00,04:00,Python Programming,Prof. Faculty 092,DA-135
7405,BE,Data Science,TY,5,B,Friday,09:00,10:00,Project Lab,Prof. Faculty 065,DA-290
7406,BE,Data Science,TY,5,B,Friday,10:00,11:00,Python Programming,Prof. Faculty 052,DA-184
7407,BE,Data Science,TY,5,B,Friday,11:15,12:15,Operating Systems,Prof. Faculty 042,DA-244
7408,BE,Data Science,TY,5,B,Friday,12:15,01:15,Project Lab,Prof. Faculty 121,DA-173
7409,BE,Data Science,TY,5,B,Friday,02:00,03:00,CAD/CAM,Prof. Faculty 169,DA-268
7410,BE,Data Science,TY,5,B,Friday,03:00,04:00,AI Fundamentals,Prof. Faculty 214,DA-300
7411,BE,Data Science,TY,5,B,Saturday,09:00,10:00,Electrical Machines,Prof. Faculty 119,DA-132
7412,BE,Data Science,TY,5,B,Saturday,10:00,11:00,CAD/CAM,Prof. Faculty 082,DA-183
7413,BE,Data Science,TY,5,B,Saturday,11:15,12:15,Digital Electronics,Prof. Faculty 242,DA-105
7414,BE,Data Science,TY,5,B,Saturday,12:15,01:15,Operating Systems,Prof. Faculty 065,DA-124
7415,BE,Data Science,TY,5,B,Saturday,02:00,03:00,Physics,Prof. Faculty 027,DA-101
7416,BE,Data Science,TY,5,B,Saturday,03:00,04:00,Thermodynamics,Prof. Faculty 003,DA-317
7417,BE,Data Science,TY,6,A,Monday,09:00,10:00,Physics,Prof. Faculty 118,DA-165
7418,BE,Data Science,TY,6,A,Monday,10:00,11:00,Electrical Machines,Prof. Faculty 148,DA-260
7419,BE,Data Science,TY,6,A,Monday,11:15,12:15,Computer Networks,Prof. Faculty 228,DA-314
7420,BE,Data Science,TY,6,A,Monday,12:15,01:15,Data Structures,Prof. Faculty 226,DA-169
7421,BE,Data Science,TY,6,A,Monday,02:00,03:00,Cloud Computing,Prof. Faculty 024,DA-144
7422,BE,Data Science,TY,6,A,Monday,03:00,04:00,Java Programming,Prof. Faculty 028,DA-210
7423,BE,Data Science,TY,6,A,Tuesday,09:00,10:00,Python Programming,Prof. Faculty 197,DA-213
7424,BE,Data Science,TY,6,A,Tuesday,10:00,11:00,Physics,Prof. Faculty 008,DA-215
7425,BE,Data Science,TY,6,A,Tuesday,11:15,12:15,Operating Systems,Prof. Faculty 102,DA-271
7426,BE,Data Science,TY,6,A,Tuesday,12:15,01:15,Cyber Security,Prof. Faculty 095,DA-189
7427,BE,Data Science,TY,6,A,Tuesday,02:00,03:00,DBMS,Prof. Faculty 108,DA-298
7428,BE,Data Science,TY,6,A,Tuesday,03:00,04:00,Surveying,Prof. Faculty 128,DA-127
7429,BE,Data Science,TY,6,A,Wednesday,09:00,10:00,Surveying,Prof. Faculty 192,DA-190
7430,BE,Data Science,TY,6,A,Wednesday,10:00,11:00,DBMS,Prof. Faculty 137,DA-140
7431,BE,Data Science,TY,6,A,Wednesday,11:15,12:15,Electrical Machines,Prof. Faculty 086,DA-206
7432,BE,Data Science,TY,6,A,Wednesday,12:15,01:15,CAD/CAM,Prof. Faculty 124,DA-245
7433,BE,Data Science,TY,6,A,Wednesday,02:00,03:00,Surveying,Prof. Faculty 213,DA-126
7434,BE,Data Science,TY,6,A,Wednesday,03:00,04:00,Python Programming,Prof. Faculty 070,DA-200
7435,BE,Data Science,TY,6,A,Thursday,09:00,10:00,Computer Networks,Prof. Faculty 236,DA-262
7436,BE,Data Science,TY,6,A,Thursday,10:00,11:00,AI Fundamentals,Prof. Faculty 046,DA-197
7437,BE,Data Science,TY,6,A,Thursday,11:15,12:15,Computer Networks,Prof. Faculty 023,DA-317
7438,BE,Data Science,TY,6,A,Thursday,12:15,01:15,Cyber Security,Prof. Faculty 041,DA-123
7439,BE,Data Science,TY,6,A,Thursday,02:00,03:00,Data Structures,Prof. Faculty 088,DA-139
7440,BE,Data Science,TY,6,A,Thursday,03:00,04:00,Surveying,Prof. Faculty 106,DA-269
7441,BE,Data Science,TY,6,A,Friday,09:00,10:00,Surveying,Prof. Faculty 126,DA-243
7442,BE,Data Science,TY,6,A,Friday,10:00,11:00,CAD/CAM,Prof. Faculty 143,DA-206
7443,BE,Data Science,TY,6,A,Friday,11:15,12:15,Cyber Security,Prof. Faculty 230,DA-157
7444,BE,Data Science,TY,6,A,Friday,12:15,01:15,Physics,Prof. Faculty 095,DA-181
7445,BE,Data Science,TY,6,A,Friday,02:00,03:00,AI Fundamentals,Prof. Faculty 098,DA-265
7446,BE,Data Science,TY,6,A,Friday,03:00,04:00,Cyber Security,Prof. Faculty 096,DA-185
7447,BE,Data Science,TY,6,A,Saturday,09:00,10:00,Digital Electronics,Prof. Faculty 092,DA-311
7448,BE,Data Science,TY,6,A,Saturday,10:00,11:00,Computer Networks,Prof. Faculty 003,DA-176
7449,BE,Data Science,TY,6,A,Saturday,11:15,12:15,Thermodynamics,Prof. Faculty 222,DA-185
7450,BE,Data Science,TY,6,A,Saturday,12:15,01:15,Physics,Prof. Faculty 094,DA-165
7451,BE,Data Science,TY,6,A,Saturday,02:00,03:00,Operating Systems,Prof. Faculty 032,DA-311
7452,BE,Data Science,TY,6,A,Saturday,03:00,04:00,Electrical Machines,Prof. Faculty 071,DA-316
7453,BE,Data Science,TY,6,B,Monday,09:00,10:00,Physics,Prof. Faculty 127,DA-303
7454,BE,Data Science,TY,6,B,Monday,10:00,11:00,Cyber Security,Prof. Faculty 194,DA-208
7455,BE,Data Science,TY,6,B,Monday,11:15,12:15,Digital Electronics,Prof. Faculty 147,DA-302
7456,BE,Data Science,TY,6,B,Monday,12:15,01:15,Python Programming,Prof. Faculty 067,DA-258
7457,BE,Data Science,TY,6,B,Monday,02:00,03:00,Python Programming,Prof. Faculty 177,DA-220
7458,BE,Data Science,TY,6,B,Monday,03:00,04:00,Electrical Machines,Prof. Faculty 124,DA-220
7459,BE,Data Science,TY,6,B,Tuesday,09:00,10:00,AI Fundamentals,Prof. Faculty 184,DA-101
7460,BE,Data Science,TY,6,B,Tuesday,10:00,11:00,Python Programming,Prof. Faculty 063,DA-111
7461,BE,Data Science,TY,6,B,Tuesday,11:15,12:15,CAD/CAM,Prof. Faculty 204,DA-133
7462,BE,Data Science,TY,6,B,Tuesday,12:15,01:15,Physics,Prof. Faculty 206,DA-149
7463,BE,Data Science,TY,6,B,Tuesday,02:00,03:00,Machine Learning,Prof. Faculty 073,DA-291
7464,BE,Data Science,TY,6,B,Tuesday,03:00,04:00,Data Structures,Prof. Faculty 104,DA-257
7465,BE,Data Science,TY,6,B,Wednesday,09:00,10:00,DBMS,Prof. Faculty 129,DA-304
7466,BE,Data Science,TY,6,B,Wednesday,10:00,11:00,Electrical Machines,Prof. Faculty 009,DA-283
7467,BE,Data Science,TY,6,B,Wednesday,11:15,12:15,Physics,Prof. Faculty 228,DA-203
7468,BE,Data Science,TY,6,B,Wednesday,12:15,01:15,DBMS,Prof. Faculty 220,DA-109
7469,BE,Data Science,TY,6,B,Wednesday,02:00,03:00,Physics,Prof. Faculty 098,DA-161
7470,BE,Data Science,TY,6,B,Wednesday,03:00,04:00,Computer Networks,Prof. Faculty 114,DA-209
7471,BE,Data Science,TY,6,B,Thursday,09:00,10:00,Java Programming,Prof. Faculty 208,DA-255
7472,BE,Data Science,TY,6,B,Thursday,10:00,11:00,Data Structures,Prof. Faculty 123,DA-144
7473,BE,Data Science,TY,6,B,Thursday,11:15,12:15,Operating Systems,Prof. Faculty 163,DA-216
7474,BE,Data Science,TY,6,B,Thursday,12:15,01:15,AI Fundamentals,Prof. Faculty 154,DA-208
7475,BE,Data Science,TY,6,B,Thursday,02:00,03:00,Thermodynamics,Prof. Faculty 210,DA-178
7476,BE,Data Science,TY,6,B,Thursday,03:00,04:00,DBMS,Prof. Faculty 037,DA-170
7477,BE,Data Science,TY,6,B,Friday,09:00,10:00,Physics,Prof. Faculty 071,DA-178
7478,BE,Data Science,TY,6,B,Friday,10:00,11:00,Digital Electronics,Prof. Faculty 017,DA-127
7479,BE,Data Science,TY,6,B,Friday,11:15,12:15,Physics,Prof. Faculty 065,DA-320
7480,BE,Data Science,TY,6,B,Friday,12:15,01:15,Thermodynamics,Prof. Faculty 080,DA-261
7481,BE,Data Science,TY,6,B,Friday,02:00,03:00,Surveying,Prof. Faculty 006,DA-185
7482,BE,Data Science,TY,6,B,Friday,03:00,04:00,DBMS,Prof. Faculty 195,DA-253
7483,BE,Data Science,TY,6,B,Saturday,09:00,10:00,Thermodynamics,Prof. Faculty 151,DA-259
7484,BE,Data Science,TY,6,B,Saturday,10:00,11:00,Cyber Security,Prof. Faculty 111,DA-308
7485,BE,Data Science,TY,6,B,Saturday,11:15,12:15,Data Structures,Prof. Faculty 133,DA-246
7486,BE,Data Science,TY,6,B,Saturday,12:15,01:15,Python Programming,Prof. Faculty 242,DA-283
7487,BE,Data Science,TY,6,B,Saturday,02:00,03:00,Data Structures,Prof. Faculty 227,DA-283
7488,BE,Data Science,TY,6,B,Saturday,03:00,04:00,Electrical Machines,Prof. Faculty 180,DA-180
7489,BE,Data Science,LY,7,A,Monday,09:00,10:00,CAD/CAM,Prof. Faculty 112,DA-195
7490,BE,Data Science,LY,7,A,Monday,10:00,11:00,Digital Electronics,Prof. Faculty 118,DA-104
7491,BE,Data Science,LY,7,A,Monday,11:15,12:15,Thermodynamics,Prof. Faculty 027,DA-205
7492,BE,Data Science,LY,7,A,Monday,12:15,01:15,Python Programming,Prof. Faculty 190,DA-239
7493,BE,Data Science,LY,7,A,Monday,02:00,03:00,Physics,Prof. Faculty 124,DA-112
7494,BE,Data Science,LY,7,A,Monday,03:00,04:00,Data Structures,Prof. Faculty 237,DA-178
7495,BE,Data Science,LY,7,A,Tuesday,09:00,10:00,Digital Electronics,Prof. Faculty 080,DA-113
7496,BE,Data Science,LY,7,A,Tuesday,10:00,11:00,CAD/CAM,Prof. Faculty 250,DA-277
7497,BE,Data Science,LY,7,A,Tuesday,11:15,12:15,Java Programming,Prof. Faculty 096,DA-132
7498,BE,Data Science,LY,7,A,Tuesday,12:15,01:15,Operating Systems,Prof. Faculty 055,DA-239
7499,BE,Data Science,LY,7,A,Tuesday,02:00,03:00,Computer Networks,Prof. Faculty 091,DA-227
7500,BE,Data Science,LY,7,A,Tuesday,03:00,04:00,Data Structures,Prof. Faculty 245,DA-242
7501,BE,Data Science,LY,7,A,Wednesday,09:00,10:00,Surveying,Prof. Faculty 191,DA-302
7502,BE,Data Science,LY,7,A,Wednesday,10:00,11:00,Software Engineering,Prof. Faculty 037,DA-269
7503,BE,Data Science,LY,7,A,Wednesday,11:15,12:15,Computer Networks,Prof. Faculty 215,DA-139
7504,BE,Data Science,LY,7,A,Wednesday,12:15,01:15,Thermodynamics,Prof. Faculty 181,DA-235
7505,BE,Data Science,LY,7,A,Wednesday,02:00,03:00,Electrical Machines,Prof. Faculty 136,DA-239
7506,BE,Data Science,LY,7,A,Wednesday,03:00,04:00,Computer Networks,Prof. Faculty 048,DA-193
7507,BE,Data Science,LY,7,A,Thursday,09:00,10:00,Cyber Security,Prof. Faculty 230,DA-128
7508,BE,Data Science,LY,7,A,Thursday,10:00,11:00,Electrical Machines,Prof. Faculty 115,DA-226
7509,BE,Data Science,LY,7,A,Thursday,11:15,12:15,Cloud Computing,Prof. Faculty 134,DA-237
7510,BE,Data Science,LY,7,A,Thursday,12:15,01:15,Python Programming,Prof. Faculty 134,DA-247
7511,BE,Data Science,LY,7,A,Thursday,02:00,03:00,CAD/CAM,Prof. Faculty 197,DA-288
7512,BE,Data Science,LY,7,A,Thursday,03:00,04:00,CAD/CAM,Prof. Faculty 062,DA-125
7513,BE,Data Science,LY,7,A,Friday,09:00,10:00,Surveying,Prof. Faculty 113,DA-117
7514,BE,Data Science,LY,7,A,Friday,10:00,11:00,Python Programming,Prof. Faculty 215,DA-248
7515,BE,Data Science,LY,7,A,Friday,11:15,12:15,Python Programming,Prof. Faculty 096,DA-293
7516,BE,Data Science,LY,7,A,Friday,12:15,01:15,Cloud Computing,Prof. Faculty 063,DA-141
7517,BE,Data Science,LY,7,A,Friday,02:00,03:00,CAD/CAM,Prof. Faculty 003,DA-224
7518,BE,Data Science,LY,7,A,Friday,03:00,04:00,Digital Electronics,Prof. Faculty 134,DA-287
7519,BE,Data Science,LY,7,A,Saturday,09:00,10:00,Java Programming,Prof. Faculty 116,DA-198
7520,BE,Data Science,LY,7,A,Saturday,10:00,11:00,Cyber Security,Prof. Faculty 058,DA-132
7521,BE,Data Science,LY,7,A,Saturday,11:15,12:15,Project Lab,Prof. Faculty 064,DA-165
7522,BE,Data Science,LY,7,A,Saturday,12:15,01:15,Java Programming,Prof. Faculty 079,DA-212
7523,BE,Data Science,LY,7,A,Saturday,02:00,03:00,Surveying,Prof. Faculty 216,DA-118
7524,BE,Data Science,LY,7,A,Saturday,03:00,04:00,Web Development,Prof. Faculty 068,DA-188
7525,BE,Data Science,LY,7,B,Monday,09:00,10:00,Electrical Machines,Prof. Faculty 071,DA-292
7526,BE,Data Science,LY,7,B,Monday,10:00,11:00,Cloud Computing,Prof. Faculty 003,DA-128
7527,BE,Data Science,LY,7,B,Monday,11:15,12:15,Surveying,Prof. Faculty 151,DA-130
7528,BE,Data Science,LY,7,B,Monday,12:15,01:15,Cyber Security,Prof. Faculty 185,DA-185
7529,BE,Data Science,LY,7,B,Monday,02:00,03:00,Mathematics,Prof. Faculty 085,DA-143
7530,BE,Data Science,LY,7,B,Monday,03:00,04:00,Cloud Computing,Prof. Faculty 065,DA-107
7531,BE,Data Science,LY,7,B,Tuesday,09:00,10:00,Surveying,Prof. Faculty 153,DA-164
7532,BE,Data Science,LY,7,B,Tuesday,10:00,11:00,Surveying,Prof. Faculty 016,DA-183
7533,BE,Data Science,LY,7,B,Tuesday,11:15,12:15,Operating Systems,Prof. Faculty 172,DA-259
7534,BE,Data Science,LY,7,B,Tuesday,12:15,01:15,Python Programming,Prof. Faculty 177,DA-257
7535,BE,Data Science,LY,7,B,Tuesday,02:00,03:00,Software Engineering,Prof. Faculty 206,DA-209
7536,BE,Data Science,LY,7,B,Tuesday,03:00,04:00,Python Programming,Prof. Faculty 070,DA-176
7537,BE,Data Science,LY,7,B,Wednesday,09:00,10:00,Digital Electronics,Prof. Faculty 082,DA-282
7538,BE,Data Science,LY,7,B,Wednesday,10:00,11:00,Surveying,Prof. Faculty 036,DA-168
7539,BE,Data Science,LY,7,B,Wednesday,11:15,12:15,AI Fundamentals,Prof. Faculty 247,DA-207
7540,BE,Data Science,LY,7,B,Wednesday,12:15,01:15,Cyber Security,Prof. Faculty 194,DA-183
7541,BE,Data Science,LY,7,B,Wednesday,02:00,03:00,Mathematics,Prof. Faculty 218,DA-307
7542,BE,Data Science,LY,7,B,Wednesday,03:00,04:00,Machine Learning,Prof. Faculty 038,DA-294
7543,BE,Data Science,LY,7,B,Thursday,09:00,10:00,Electrical Machines,Prof. Faculty 107,DA-256
7544,BE,Data Science,LY,7,B,Thursday,10:00,11:00,Mathematics,Prof. Faculty 032,DA-130
7545,BE,Data Science,LY,7,B,Thursday,11:15,12:15,Computer Networks,Prof. Faculty 003,DA-158
7546,BE,Data Science,LY,7,B,Thursday,12:15,01:15,Thermodynamics,Prof. Faculty 113,DA-175
7547,BE,Data Science,LY,7,B,Thursday,02:00,03:00,Computer Networks,Prof. Faculty 185,DA-202
7548,BE,Data Science,LY,7,B,Thursday,03:00,04:00,Electrical Machines,Prof. Faculty 067,DA-246
7549,BE,Data Science,LY,7,B,Friday,09:00,10:00,Electrical Machines,Prof. Faculty 050,DA-302
7550,BE,Data Science,LY,7,B,Friday,10:00,11:00,Java Programming,Prof. Faculty 155,DA-149
7551,BE,Data Science,LY,7,B,Friday,11:15,12:15,Web Development,Prof. Faculty 021,DA-291
7552,BE,Data Science,LY,7,B,Friday,12:15,01:15,CAD/CAM,Prof. Faculty 012,DA-261
7553,BE,Data Science,LY,7,B,Friday,02:00,03:00,Thermodynamics,Prof. Faculty 215,DA-224
7554,BE,Data Science,LY,7,B,Friday,03:00,04:00,Machine Learning,Prof. Faculty 187,DA-218
7555,BE,Data Science,LY,7,B,Saturday,09:00,10:00,Physics,Prof. Faculty 144,DA-112
7556,BE,Data Science,LY,7,B,Saturday,10:00,11:00,Thermodynamics,Prof. Faculty 174,DA-268
7557,BE,Data Science,LY,7,B,Saturday,11:15,12:15,Python Programming,Prof. Faculty 118,DA-249
7558,BE,Data Science,LY,7,B,Saturday,12:15,01:15,Operating Systems,Prof. Faculty 142,DA-121
7559,BE,Data Science,LY,7,B,Saturday,02:00,03:00,Thermodynamics,Prof. Faculty 083,DA-305
7560,BE,Data Science,LY,7,B,Saturday,03:00,04:00,AI Fundamentals,Prof. Faculty 022,DA-315
7561,BE,Data Science,LY,8,A,Monday,09:00,10:00,Python Programming,Prof. Faculty 054,DA-250
7562,BE,Data Science,LY,8,A,Monday,10:00,11:00,CAD/CAM,Prof. Faculty 032,DA-193
7563,BE,Data Science,LY,8,A,Monday,11:15,12:15,Python Programming,Prof. Faculty 018,DA-295
7564,BE,Data Science,LY,8,A,Monday,12:15,01:15,AI Fundamentals,Prof. Faculty 050,DA-118
7565,BE,Data Science,LY,8,A,Monday,02:00,03:00,Machine Learning,Prof. Faculty 145,DA-214
7566,BE,Data Science,LY,8,A,Monday,03:00,04:00,DBMS,Prof. Faculty 040,DA-127
7567,BE,Data Science,LY,8,A,Tuesday,09:00,10:00,Cloud Computing,Prof. Faculty 144,DA-274
7568,BE,Data Science,LY,8,A,Tuesday,10:00,11:00,Web Development,Prof. Faculty 204,DA-197
7569,BE,Data Science,LY,8,A,Tuesday,11:15,12:15,Cloud Computing,Prof. Faculty 045,DA-296
7570,BE,Data Science,LY,8,A,Tuesday,12:15,01:15,Digital Electronics,Prof. Faculty 213,DA-214
7571,BE,Data Science,LY,8,A,Tuesday,02:00,03:00,AI Fundamentals,Prof. Faculty 048,DA-111
7572,BE,Data Science,LY,8,A,Tuesday,03:00,04:00,Machine Learning,Prof. Faculty 126,DA-260
7573,BE,Data Science,LY,8,A,Wednesday,09:00,10:00,AI Fundamentals,Prof. Faculty 070,DA-110
7574,BE,Data Science,LY,8,A,Wednesday,10:00,11:00,Software Engineering,Prof. Faculty 238,DA-111
7575,BE,Data Science,LY,8,A,Wednesday,11:15,12:15,Physics,Prof. Faculty 092,DA-190
7576,BE,Data Science,LY,8,A,Wednesday,12:15,01:15,Thermodynamics,Prof. Faculty 058,DA-140
7577,BE,Data Science,LY,8,A,Wednesday,02:00,03:00,Physics,Prof. Faculty 063,DA-149
7578,BE,Data Science,LY,8,A,Wednesday,03:00,04:00,DBMS,Prof. Faculty 107,DA-165
7579,BE,Data Science,LY,8,A,Thursday,09:00,10:00,Surveying,Prof. Faculty 223,DA-213
7580,BE,Data Science,LY,8,A,Thursday,10:00,11:00,Thermodynamics,Prof. Faculty 245,DA-103
7581,BE,Data Science,LY,8,A,Thursday,11:15,12:15,Project Lab,Prof. Faculty 149,DA-179
7582,BE,Data Science,LY,8,A,Thursday,12:15,01:15,Project Lab,Prof. Faculty 219,DA-285
7583,BE,Data Science,LY,8,A,Thursday,02:00,03:00,Thermodynamics,Prof. Faculty 241,DA-312
7584,BE,Data Science,LY,8,A,Thursday,03:00,04:00,Digital Electronics,Prof. Faculty 169,DA-263
7585,BE,Data Science,LY,8,A,Friday,09:00,10:00,Machine Learning,Prof. Faculty 100,DA-122
7586,BE,Data Science,LY,8,A,Friday,10:00,11:00,Electrical Machines,Prof. Faculty 080,DA-246
7587,BE,Data Science,LY,8,A,Friday,11:15,12:15,Project Lab,Prof. Faculty 121,DA-230
7588,BE,Data Science,LY,8,A,Friday,12:15,01:15,Software Engineering,Prof. Faculty 147,DA-226
7589,BE,Data Science,LY,8,A,Friday,02:00,03:00,Mathematics,Prof. Faculty 017,DA-304
7590,BE,Data Science,LY,8,A,Friday,03:00,04:00,Machine Learning,Prof. Faculty 207,DA-158
7591,BE,Data Science,LY,8,A,Saturday,09:00,10:00,Project Lab,Prof. Faculty 066,DA-143
7592,BE,Data Science,LY,8,A,Saturday,10:00,11:00,Java Programming,Prof. Faculty 098,DA-183
7593,BE,Data Science,LY,8,A,Saturday,11:15,12:15,Machine Learning,Prof. Faculty 201,DA-210
7594,BE,Data Science,LY,8,A,Saturday,12:15,01:15,Digital Electronics,Prof. Faculty 121,DA-166
7595,BE,Data Science,LY,8,A,Saturday,02:00,03:00,Digital Electronics,Prof. Faculty 046,DA-304
7596,BE,Data Science,LY,8,A,Saturday,03:00,04:00,Thermodynamics,Prof. Faculty 139,DA-102
7597,BE,Data Science,LY,8,B,Monday,09:00,10:00,Web Development,Prof. Faculty 111,DA-178
7598,BE,Data Science,LY,8,B,Monday,10:00,11:00,Data Structures,Prof. Faculty 060,DA-307
7599,BE,Data Science,LY,8,B,Monday,11:15,12:15,CAD/CAM,Prof. Faculty 163,DA-195
7600,BE,Data Science,LY,8,B,Monday,12:15,01:15,AI Fundamentals,Prof. Faculty 157,DA-235
7601,BE,Data Science,LY,8,B,Monday,02:00,03:00,Python Programming,Prof. Faculty 044,DA-187
7602,BE,Data Science,LY,8,B,Monday,03:00,04:00,Physics,Prof. Faculty 021,DA-153
7603,BE,Data Science,LY,8,B,Tuesday,09:00,10:00,Thermodynamics,Prof. Faculty 036,DA-109
7604,BE,Data Science,LY,8,B,Tuesday,10:00,11:00,AI Fundamentals,Prof. Faculty 184,DA-156
7605,BE,Data Science,LY,8,B,Tuesday,11:15,12:15,Mathematics,Prof. Faculty 054,DA-112
7606,BE,Data Science,LY,8,B,Tuesday,12:15,01:15,Operating Systems,Prof. Faculty 095,DA-175
7607,BE,Data Science,LY,8,B,Tuesday,02:00,03:00,Surveying,Prof. Faculty 249,DA-211
7608,BE,Data Science,LY,8,B,Tuesday,03:00,04:00,Thermodynamics,Prof. Faculty 073,DA-269
7609,BE,Data Science,LY,8,B,Wednesday,09:00,10:00,Software Engineering,Prof. Faculty 040,DA-210
7610,BE,Data Science,LY,8,B,Wednesday,10:00,11:00,AI Fundamentals,Prof. Faculty 152,DA-288
7611,BE,Data Science,LY,8,B,Wednesday,11:15,12:15,Project Lab,Prof. Faculty 016,DA-235
7612,BE,Data Science,LY,8,B,Wednesday,12:15,01:15,Digital Electronics,Prof. Faculty 024,DA-177
7613,BE,Data Science,LY,8,B,Wednesday,02:00,03:00,Python Programming,Prof. Faculty 164,DA-138
7614,BE,Data Science,LY,8,B,Wednesday,03:00,04:00,Mathematics,Prof. Faculty 219,DA-176
7615,BE,Data Science,LY,8,B,Thursday,09:00,10:00,Computer Networks,Prof. Faculty 116,DA-219
7616,BE,Data Science,LY,8,B,Thursday,10:00,11:00,Surveying,Prof. Faculty 050,DA-182
7617,BE,Data Science,LY,8,B,Thursday,11:15,12:15,Web Development,Prof. Faculty 202,DA-265
7618,BE,Data Science,LY,8,B,Thursday,12:15,01:15,Data Structures,Prof. Faculty 208,DA-226
7619,BE,Data Science,LY,8,B,Thursday,02:00,03:00,Cloud Computing,Prof. Faculty 245,DA-111
7620,BE,Data Science,LY,8,B,Thursday,03:00,04:00,Surveying,Prof. Faculty 040,DA-184
7621,BE,Data Science,LY,8,B,Friday,09:00,10:00,CAD/CAM,Prof. Faculty 151,DA-222
7622,BE,Data Science,LY,8,B,Friday,10:00,11:00,AI Fundamentals,Prof. Faculty 002,DA-113
7623,BE,Data Science,LY,8,B,Friday,11:15,12:15,Python Programming,Prof. Faculty 140,DA-173
7624,BE,Data Science,LY,8,B,Friday,12:15,01:15,Project Lab,Prof. Faculty 040,DA-188
7625,BE,Data Science,LY,8,B,Friday,02:00,03:00,Mathematics,Prof. Faculty 039,DA-208
7626,BE,Data Science,LY,8,B,Friday,03:00,04:00,Java Programming,Prof. Faculty 047,DA-253
7627,BE,Data Science,LY,8,B,Saturday,09:00,10:00,Computer Networks,Prof. Faculty 073,DA-318
7628,BE,Data Science,LY,8,B,Saturday,10:00,11:00,Data Structures,Prof. Faculty 076,DA-275
7629,BE,Data Science,LY,8,B,Saturday,11:15,12:15,Java Programming,Prof. Faculty 157,DA-164
7630,BE,Data Science,LY,8,B,Saturday,12:15,01:15,Surveying,Prof. Faculty 034,DA-197
7631,BE,Data Science,LY,8,B,Saturday,02:00,03:00,AI Fundamentals,Prof. Faculty 002,DA-263
7632,BE,Data Science,LY,8,B,Saturday,03:00,04:00,Project Lab,Prof. Faculty 005,DA-175
7633,MCA,Computer Applications,FY,1,A,Monday,09:00,10:00,Digital Electronics,Prof. Faculty 108,CO-166
7634,MCA,Computer Applications,FY,1,A,Monday,10:00,11:00,DBMS,Prof. Faculty 144,CO-303
7635,MCA,Computer Applications,FY,1,A,Monday,11:15,12:15,Data Structures,Prof. Faculty 062,CO-293
7636,MCA,Computer Applications,FY,1,A,Monday,12:15,01:15,Java Programming,Prof. Faculty 024,CO-269
7637,MCA,Computer Applications,FY,1,A,Monday,02:00,03:00,Data Structures,Prof. Faculty 014,CO-225
7638,MCA,Computer Applications,FY,1,A,Monday,03:00,04:00,Python Programming,Prof. Faculty 239,CO-112
7639,MCA,Computer Applications,FY,1,A,Tuesday,09:00,10:00,Computer Networks,Prof. Faculty 221,CO-117
7640,MCA,Computer Applications,FY,1,A,Tuesday,10:00,11:00,Java Programming,Prof. Faculty 058,CO-170
7641,MCA,Computer Applications,FY,1,A,Tuesday,11:15,12:15,Electrical Machines,Prof. Faculty 247,CO-246
7642,MCA,Computer Applications,FY,1,A,Tuesday,12:15,01:15,Physics,Prof. Faculty 044,CO-120
7643,MCA,Computer Applications,FY,1,A,Tuesday,02:00,03:00,CAD/CAM,Prof. Faculty 107,CO-214
7644,MCA,Computer Applications,FY,1,A,Tuesday,03:00,04:00,Machine Learning,Prof. Faculty 071,CO-264
7645,MCA,Computer Applications,FY,1,A,Wednesday,09:00,10:00,Electrical Machines,Prof. Faculty 109,CO-295
7646,MCA,Computer Applications,FY,1,A,Wednesday,10:00,11:00,Surveying,Prof. Faculty 043,CO-320
7647,MCA,Computer Applications,FY,1,A,Wednesday,11:15,12:15,Thermodynamics,Prof. Faculty 065,CO-172
7648,MCA,Computer Applications,FY,1,A,Wednesday,12:15,01:15,Operating Systems,Prof. Faculty 065,CO-259
7649,MCA,Computer Applications,FY,1,A,Wednesday,02:00,03:00,Digital Electronics,Prof. Faculty 200,CO-275
7650,MCA,Computer Applications,FY,1,A,Wednesday,03:00,04:00,Electrical Machines,Prof. Faculty 013,CO-183
7651,MCA,Computer Applications,FY,1,A,Thursday,09:00,10:00,Surveying,Prof. Faculty 146,CO-111
7652,MCA,Computer Applications,FY,1,A,Thursday,10:00,11:00,Thermodynamics,Prof. Faculty 162,CO-235
7653,MCA,Computer Applications,FY,1,A,Thursday,11:15,12:15,Mathematics,Prof. Faculty 197,CO-102
7654,MCA,Computer Applications,FY,1,A,Thursday,12:15,01:15,Machine Learning,Prof. Faculty 015,CO-287
7655,MCA,Computer Applications,FY,1,A,Thursday,02:00,03:00,Operating Systems,Prof. Faculty 073,CO-307
7656,MCA,Computer Applications,FY,1,A,Thursday,03:00,04:00,Physics,Prof. Faculty 166,CO-292
7657,MCA,Computer Applications,FY,1,A,Friday,09:00,10:00,CAD/CAM,Prof. Faculty 051,CO-313
7658,MCA,Computer Applications,FY,1,A,Friday,10:00,11:00,Cyber Security,Prof. Faculty 079,CO-254
7659,MCA,Computer Applications,FY,1,A,Friday,11:15,12:15,Digital Electronics,Prof. Faculty 097,CO-105
7660,MCA,Computer Applications,FY,1,A,Friday,12:15,01:15,Operating Systems,Prof. Faculty 060,CO-130
7661,MCA,Computer Applications,FY,1,A,Friday,02:00,03:00,Mathematics,Prof. Faculty 118,CO-218
7662,MCA,Computer Applications,FY,1,A,Friday,03:00,04:00,Cloud Computing,Prof. Faculty 125,CO-248
7663,MCA,Computer Applications,FY,1,A,Saturday,09:00,10:00,Thermodynamics,Prof. Faculty 052,CO-112
7664,MCA,Computer Applications,FY,1,A,Saturday,10:00,11:00,Cyber Security,Prof. Faculty 055,CO-290
7665,MCA,Computer Applications,FY,1,A,Saturday,11:15,12:15,Python Programming,Prof. Faculty 035,CO-201
7666,MCA,Computer Applications,FY,1,A,Saturday,12:15,01:15,Cloud Computing,Prof. Faculty 192,CO-137
7667,MCA,Computer Applications,FY,1,A,Saturday,02:00,03:00,Mathematics,Prof. Faculty 167,CO-175
7668,MCA,Computer Applications,FY,1,A,Saturday,03:00,04:00,Data Structures,Prof. Faculty 081,CO-316
7669,MCA,Computer Applications,FY,1,B,Monday,09:00,10:00,Computer Networks,Prof. Faculty 003,CO-200
7670,MCA,Computer Applications,FY,1,B,Monday,10:00,11:00,Physics,Prof. Faculty 210,CO-242
7671,MCA,Computer Applications,FY,1,B,Monday,11:15,12:15,Surveying,Prof. Faculty 005,CO-222
7672,MCA,Computer Applications,FY,1,B,Monday,12:15,01:15,Python Programming,Prof. Faculty 142,CO-307
7673,MCA,Computer Applications,FY,1,B,Monday,02:00,03:00,Machine Learning,Prof. Faculty 092,CO-261
7674,MCA,Computer Applications,FY,1,B,Monday,03:00,04:00,Cloud Computing,Prof. Faculty 063,CO-211
7675,MCA,Computer Applications,FY,1,B,Tuesday,09:00,10:00,Web Development,Prof. Faculty 147,CO-252
7676,MCA,Computer Applications,FY,1,B,Tuesday,10:00,11:00,Digital Electronics,Prof. Faculty 137,CO-117
7677,MCA,Computer Applications,FY,1,B,Tuesday,11:15,12:15,Computer Networks,Prof. Faculty 067,CO-200
7678,MCA,Computer Applications,FY,1,B,Tuesday,12:15,01:15,Web Development,Prof. Faculty 206,CO-219
7679,MCA,Computer Applications,FY,1,B,Tuesday,02:00,03:00,Mathematics,Prof. Faculty 247,CO-201
7680,MCA,Computer Applications,FY,1,B,Tuesday,03:00,04:00,Machine Learning,Prof. Faculty 094,CO-280
7681,MCA,Computer Applications,FY,1,B,Wednesday,09:00,10:00,Project Lab,Prof. Faculty 168,CO-218
7682,MCA,Computer Applications,FY,1,B,Wednesday,10:00,11:00,Java Programming,Prof. Faculty 138,CO-139
7683,MCA,Computer Applications,FY,1,B,Wednesday,11:15,12:15,CAD/CAM,Prof. Faculty 085,CO-275
7684,MCA,Computer Applications,FY,1,B,Wednesday,12:15,01:15,Electrical Machines,Prof. Faculty 238,CO-152
7685,MCA,Computer Applications,FY,1,B,Wednesday,02:00,03:00,Digital Electronics,Prof. Faculty 200,CO-168
7686,MCA,Computer Applications,FY,1,B,Wednesday,03:00,04:00,Electrical Machines,Prof. Faculty 067,CO-268
7687,MCA,Computer Applications,FY,1,B,Thursday,09:00,10:00,Cloud Computing,Prof. Faculty 112,CO-281
7688,MCA,Computer Applications,FY,1,B,Thursday,10:00,11:00,Cloud Computing,Prof. Faculty 227,CO-217
7689,MCA,Computer Applications,FY,1,B,Thursday,11:15,12:15,Java Programming,Prof. Faculty 182,CO-160
7690,MCA,Computer Applications,FY,1,B,Thursday,12:15,01:15,Machine Learning,Prof. Faculty 048,CO-217
7691,MCA,Computer Applications,FY,1,B,Thursday,02:00,03:00,Thermodynamics,Prof. Faculty 072,CO-142
7692,MCA,Computer Applications,FY,1,B,Thursday,03:00,04:00,AI Fundamentals,Prof. Faculty 001,CO-244
7693,MCA,Computer Applications,FY,1,B,Friday,09:00,10:00,Digital Electronics,Prof. Faculty 102,CO-263
7694,MCA,Computer Applications,FY,1,B,Friday,10:00,11:00,Cloud Computing,Prof. Faculty 135,CO-253
7695,MCA,Computer Applications,FY,1,B,Friday,11:15,12:15,Software Engineering,Prof. Faculty 236,CO-170
7696,MCA,Computer Applications,FY,1,B,Friday,12:15,01:15,Java Programming,Prof. Faculty 017,CO-243
7697,MCA,Computer Applications,FY,1,B,Friday,02:00,03:00,DBMS,Prof. Faculty 030,CO-206
7698,MCA,Computer Applications,FY,1,B,Friday,03:00,04:00,Project Lab,Prof. Faculty 165,CO-117
7699,MCA,Computer Applications,FY,1,B,Saturday,09:00,10:00,Web Development,Prof. Faculty 076,CO-182
7700,MCA,Computer Applications,FY,1,B,Saturday,10:00,11:00,CAD/CAM,Prof. Faculty 162,CO-126
7701,MCA,Computer Applications,FY,1,B,Saturday,11:15,12:15,Software Engineering,Prof. Faculty 109,CO-200
7702,MCA,Computer Applications,FY,1,B,Saturday,12:15,01:15,Cyber Security,Prof. Faculty 088,CO-166
7703,MCA,Computer Applications,FY,1,B,Saturday,02:00,03:00,Mathematics,Prof. Faculty 053,CO-210
7704,MCA,Computer Applications,FY,1,B,Saturday,03:00,04:00,Cyber Security,Prof. Faculty 116,CO-212
7705,MCA,Computer Applications,FY,2,A,Monday,09:00,10:00,Computer Networks,Prof. Faculty 051,CO-136
7706,MCA,Computer Applications,FY,2,A,Monday,10:00,11:00,Project Lab,Prof. Faculty 096,CO-233
7707,MCA,Computer Applications,FY,2,A,Monday,11:15,12:15,CAD/CAM,Prof. Faculty 073,CO-111
7708,MCA,Computer Applications,FY,2,A,Monday,12:15,01:15,CAD/CAM,Prof. Faculty 166,CO-165
7709,MCA,Computer Applications,FY,2,A,Monday,02:00,03:00,Surveying,Prof. Faculty 244,CO-230
7710,MCA,Computer Applications,FY,2,A,Monday,03:00,04:00,AI Fundamentals,Prof. Faculty 066,CO-245
7711,MCA,Computer Applications,FY,2,A,Tuesday,09:00,10:00,AI Fundamentals,Prof. Faculty 150,CO-201
7712,MCA,Computer Applications,FY,2,A,Tuesday,10:00,11:00,Data Structures,Prof. Faculty 046,CO-129
7713,MCA,Computer Applications,FY,2,A,Tuesday,11:15,12:15,Digital Electronics,Prof. Faculty 146,CO-179
7714,MCA,Computer Applications,FY,2,A,Tuesday,12:15,01:15,Python Programming,Prof. Faculty 109,CO-191
7715,MCA,Computer Applications,FY,2,A,Tuesday,02:00,03:00,Java Programming,Prof. Faculty 046,CO-165
7716,MCA,Computer Applications,FY,2,A,Tuesday,03:00,04:00,Cloud Computing,Prof. Faculty 015,CO-299
7717,MCA,Computer Applications,FY,2,A,Wednesday,09:00,10:00,Python Programming,Prof. Faculty 117,CO-309
7718,MCA,Computer Applications,FY,2,A,Wednesday,10:00,11:00,Digital Electronics,Prof. Faculty 152,CO-255
7719,MCA,Computer Applications,FY,2,A,Wednesday,11:15,12:15,Machine Learning,Prof. Faculty 104,CO-232
7720,MCA,Computer Applications,FY,2,A,Wednesday,12:15,01:15,Web Development,Prof. Faculty 014,CO-185
7721,MCA,Computer Applications,FY,2,A,Wednesday,02:00,03:00,Project Lab,Prof. Faculty 148,CO-149
7722,MCA,Computer Applications,FY,2,A,Wednesday,03:00,04:00,Cyber Security,Prof. Faculty 013,CO-109
7723,MCA,Computer Applications,FY,2,A,Thursday,09:00,10:00,Thermodynamics,Prof. Faculty 199,CO-137
7724,MCA,Computer Applications,FY,2,A,Thursday,10:00,11:00,Surveying,Prof. Faculty 141,CO-117
7725,MCA,Computer Applications,FY,2,A,Thursday,11:15,12:15,CAD/CAM,Prof. Faculty 237,CO-262
7726,MCA,Computer Applications,FY,2,A,Thursday,12:15,01:15,Cloud Computing,Prof. Faculty 073,CO-289
7727,MCA,Computer Applications,FY,2,A,Thursday,02:00,03:00,Computer Networks,Prof. Faculty 118,CO-287
7728,MCA,Computer Applications,FY,2,A,Thursday,03:00,04:00,Surveying,Prof. Faculty 122,CO-193
7729,MCA,Computer Applications,FY,2,A,Friday,09:00,10:00,DBMS,Prof. Faculty 202,CO-200
7730,MCA,Computer Applications,FY,2,A,Friday,10:00,11:00,Surveying,Prof. Faculty 145,CO-237
7731,MCA,Computer Applications,FY,2,A,Friday,11:15,12:15,Data Structures,Prof. Faculty 128,CO-301
7732,MCA,Computer Applications,FY,2,A,Friday,12:15,01:15,Project Lab,Prof. Faculty 024,CO-295
7733,MCA,Computer Applications,FY,2,A,Friday,02:00,03:00,Computer Networks,Prof. Faculty 032,CO-288
7734,MCA,Computer Applications,FY,2,A,Friday,03:00,04:00,Physics,Prof. Faculty 043,CO-143
7735,MCA,Computer Applications,FY,2,A,Saturday,09:00,10:00,Cloud Computing,Prof. Faculty 083,CO-288
7736,MCA,Computer Applications,FY,2,A,Saturday,10:00,11:00,Software Engineering,Prof. Faculty 124,CO-225
7737,MCA,Computer Applications,FY,2,A,Saturday,11:15,12:15,Machine Learning,Prof. Faculty 220,CO-286
7738,MCA,Computer Applications,FY,2,A,Saturday,12:15,01:15,Digital Electronics,Prof. Faculty 225,CO-213
7739,MCA,Computer Applications,FY,2,A,Saturday,02:00,03:00,Software Engineering,Prof. Faculty 242,CO-233
7740,MCA,Computer Applications,FY,2,A,Saturday,03:00,04:00,Operating Systems,Prof. Faculty 146,CO-221
7741,MCA,Computer Applications,FY,2,B,Monday,09:00,10:00,AI Fundamentals,Prof. Faculty 105,CO-103
7742,MCA,Computer Applications,FY,2,B,Monday,10:00,11:00,Computer Networks,Prof. Faculty 030,CO-224
7743,MCA,Computer Applications,FY,2,B,Monday,11:15,12:15,Computer Networks,Prof. Faculty 041,CO-241
7744,MCA,Computer Applications,FY,2,B,Monday,12:15,01:15,Cloud Computing,Prof. Faculty 217,CO-117
7745,MCA,Computer Applications,FY,2,B,Monday,02:00,03:00,Mathematics,Prof. Faculty 200,CO-307
7746,MCA,Computer Applications,FY,2,B,Monday,03:00,04:00,Machine Learning,Prof. Faculty 064,CO-177
7747,MCA,Computer Applications,FY,2,B,Tuesday,09:00,10:00,AI Fundamentals,Prof. Faculty 189,CO-281
7748,MCA,Computer Applications,FY,2,B,Tuesday,10:00,11:00,Cloud Computing,Prof. Faculty 119,CO-196
7749,MCA,Computer Applications,FY,2,B,Tuesday,11:15,12:15,CAD/CAM,Prof. Faculty 131,CO-231
7750,MCA,Computer Applications,FY,2,B,Tuesday,12:15,01:15,Web Development,Prof. Faculty 006,CO-154
7751,MCA,Computer Applications,FY,2,B,Tuesday,02:00,03:00,Machine Learning,Prof. Faculty 238,CO-227
7752,MCA,Computer Applications,FY,2,B,Tuesday,03:00,04:00,DBMS,Prof. Faculty 188,CO-315
7753,MCA,Computer Applications,FY,2,B,Wednesday,09:00,10:00,CAD/CAM,Prof. Faculty 142,CO-261
7754,MCA,Computer Applications,FY,2,B,Wednesday,10:00,11:00,Electrical Machines,Prof. Faculty 166,CO-190
7755,MCA,Computer Applications,FY,2,B,Wednesday,11:15,12:15,DBMS,Prof. Faculty 213,CO-316
7756,MCA,Computer Applications,FY,2,B,Wednesday,12:15,01:15,Python Programming,Prof. Faculty 163,CO-137
7757,MCA,Computer Applications,FY,2,B,Wednesday,02:00,03:00,Data Structures,Prof. Faculty 099,CO-211
7758,MCA,Computer Applications,FY,2,B,Wednesday,03:00,04:00,AI Fundamentals,Prof. Faculty 104,CO-306
7759,MCA,Computer Applications,FY,2,B,Thursday,09:00,10:00,Python Programming,Prof. Faculty 216,CO-145
7760,MCA,Computer Applications,FY,2,B,Thursday,10:00,11:00,AI Fundamentals,Prof. Faculty 163,CO-287
7761,MCA,Computer Applications,FY,2,B,Thursday,11:15,12:15,Physics,Prof. Faculty 226,CO-239
7762,MCA,Computer Applications,FY,2,B,Thursday,12:15,01:15,Cloud Computing,Prof. Faculty 191,CO-224
7763,MCA,Computer Applications,FY,2,B,Thursday,02:00,03:00,Java Programming,Prof. Faculty 192,CO-126
7764,MCA,Computer Applications,FY,2,B,Thursday,03:00,04:00,Surveying,Prof. Faculty 220,CO-304
7765,MCA,Computer Applications,FY,2,B,Friday,09:00,10:00,Surveying,Prof. Faculty 244,CO-256
7766,MCA,Computer Applications,FY,2,B,Friday,10:00,11:00,Web Development,Prof. Faculty 129,CO-125
7767,MCA,Computer Applications,FY,2,B,Friday,11:15,12:15,Computer Networks,Prof. Faculty 156,CO-282
7768,MCA,Computer Applications,FY,2,B,Friday,12:15,01:15,Data Structures,Prof. Faculty 221,CO-163
7769,MCA,Computer Applications,FY,2,B,Friday,02:00,03:00,Software Engineering,Prof. Faculty 243,CO-122
7770,MCA,Computer Applications,FY,2,B,Friday,03:00,04:00,Electrical Machines,Prof. Faculty 028,CO-103
7771,MCA,Computer Applications,FY,2,B,Saturday,09:00,10:00,Mathematics,Prof. Faculty 230,CO-138
7772,MCA,Computer Applications,FY,2,B,Saturday,10:00,11:00,Operating Systems,Prof. Faculty 140,CO-214
7773,MCA,Computer Applications,FY,2,B,Saturday,11:15,12:15,DBMS,Prof. Faculty 067,CO-129
7774,MCA,Computer Applications,FY,2,B,Saturday,12:15,01:15,Machine Learning,Prof. Faculty 073,CO-105
7775,MCA,Computer Applications,FY,2,B,Saturday,02:00,03:00,Project Lab,Prof. Faculty 144,CO-180
7776,MCA,Computer Applications,FY,2,B,Saturday,03:00,04:00,Electrical Machines,Prof. Faculty 160,CO-247
7777,MCA,Computer Applications,SY,3,A,Monday,09:00,10:00,Electrical Machines,Prof. Faculty 017,CO-154
7778,MCA,Computer Applications,SY,3,A,Monday,10:00,11:00,Web Development,Prof. Faculty 169,CO-129
7779,MCA,Computer Applications,SY,3,A,Monday,11:15,12:15,Data Structures,Prof. Faculty 143,CO-264
7780,MCA,Computer Applications,SY,3,A,Monday,12:15,01:15,Surveying,Prof. Faculty 157,CO-116
7781,MCA,Computer Applications,SY,3,A,Monday,02:00,03:00,Software Engineering,Prof. Faculty 010,CO-219
7782,MCA,Computer Applications,SY,3,A,Monday,03:00,04:00,DBMS,Prof. Faculty 027,CO-127
7783,MCA,Computer Applications,SY,3,A,Tuesday,09:00,10:00,Cyber Security,Prof. Faculty 119,CO-309
7784,MCA,Computer Applications,SY,3,A,Tuesday,10:00,11:00,Java Programming,Prof. Faculty 248,CO-112
7785,MCA,Computer Applications,SY,3,A,Tuesday,11:15,12:15,DBMS,Prof. Faculty 194,CO-292
7786,MCA,Computer Applications,SY,3,A,Tuesday,12:15,01:15,Computer Networks,Prof. Faculty 132,CO-137
7787,MCA,Computer Applications,SY,3,A,Tuesday,02:00,03:00,Cyber Security,Prof. Faculty 003,CO-309
7788,MCA,Computer Applications,SY,3,A,Tuesday,03:00,04:00,AI Fundamentals,Prof. Faculty 004,CO-113
7789,MCA,Computer Applications,SY,3,A,Wednesday,09:00,10:00,Machine Learning,Prof. Faculty 153,CO-144
7790,MCA,Computer Applications,SY,3,A,Wednesday,10:00,11:00,Mathematics,Prof. Faculty 215,CO-298
7791,MCA,Computer Applications,SY,3,A,Wednesday,11:15,12:15,Data Structures,Prof. Faculty 058,CO-263
7792,MCA,Computer Applications,SY,3,A,Wednesday,12:15,01:15,DBMS,Prof. Faculty 216,CO-275
7793,MCA,Computer Applications,SY,3,A,Wednesday,02:00,03:00,Surveying,Prof. Faculty 212,CO-193
7794,MCA,Computer Applications,SY,3,A,Wednesday,03:00,04:00,Software Engineering,Prof. Faculty 033,CO-185
7795,MCA,Computer Applications,SY,3,A,Thursday,09:00,10:00,AI Fundamentals,Prof. Faculty 101,CO-245
7796,MCA,Computer Applications,SY,3,A,Thursday,10:00,11:00,Machine Learning,Prof. Faculty 177,CO-254
7797,MCA,Computer Applications,SY,3,A,Thursday,11:15,12:15,Surveying,Prof. Faculty 198,CO-186
7798,MCA,Computer Applications,SY,3,A,Thursday,12:15,01:15,Cyber Security,Prof. Faculty 225,CO-246
7799,MCA,Computer Applications,SY,3,A,Thursday,02:00,03:00,Cloud Computing,Prof. Faculty 198,CO-167
7800,MCA,Computer Applications,SY,3,A,Thursday,03:00,04:00,Computer Networks,Prof. Faculty 154,CO-135
7801,MCA,Computer Applications,SY,3,A,Friday,09:00,10:00,Web Development,Prof. Faculty 235,CO-127
7802,MCA,Computer Applications,SY,3,A,Friday,10:00,11:00,Thermodynamics,Prof. Faculty 107,CO-203
7803,MCA,Computer Applications,SY,3,A,Friday,11:15,12:15,Python Programming,Prof. Faculty 104,CO-146
7804,MCA,Computer Applications,SY,3,A,Friday,12:15,01:15,Machine Learning,Prof. Faculty 010,CO-147
7805,MCA,Computer Applications,SY,3,A,Friday,02:00,03:00,AI Fundamentals,Prof. Faculty 134,CO-184
7806,MCA,Computer Applications,SY,3,A,Friday,03:00,04:00,Electrical Machines,Prof. Faculty 010,CO-247
7807,MCA,Computer Applications,SY,3,A,Saturday,09:00,10:00,Computer Networks,Prof. Faculty 235,CO-302
7808,MCA,Computer Applications,SY,3,A,Saturday,10:00,11:00,Physics,Prof. Faculty 094,CO-223
7809,MCA,Computer Applications,SY,3,A,Saturday,11:15,12:15,Surveying,Prof. Faculty 112,CO-260
7810,MCA,Computer Applications,SY,3,A,Saturday,12:15,01:15,Digital Electronics,Prof. Faculty 057,CO-104
7811,MCA,Computer Applications,SY,3,A,Saturday,02:00,03:00,Physics,Prof. Faculty 045,CO-169
7812,MCA,Computer Applications,SY,3,A,Saturday,03:00,04:00,Mathematics,Prof. Faculty 026,CO-293
7813,MCA,Computer Applications,SY,3,B,Monday,09:00,10:00,Electrical Machines,Prof. Faculty 242,CO-274
7814,MCA,Computer Applications,SY,3,B,Monday,10:00,11:00,Project Lab,Prof. Faculty 093,CO-145
7815,MCA,Computer Applications,SY,3,B,Monday,11:15,12:15,Physics,Prof. Faculty 216,CO-211
7816,MCA,Computer Applications,SY,3,B,Monday,12:15,01:15,DBMS,Prof. Faculty 079,CO-145
7817,MCA,Computer Applications,SY,3,B,Monday,02:00,03:00,Operating Systems,Prof. Faculty 046,CO-278
7818,MCA,Computer Applications,SY,3,B,Monday,03:00,04:00,CAD/CAM,Prof. Faculty 082,CO-159
7819,MCA,Computer Applications,SY,3,B,Tuesday,09:00,10:00,Project Lab,Prof. Faculty 098,CO-189
7820,MCA,Computer Applications,SY,3,B,Tuesday,10:00,11:00,Electrical Machines,Prof. Faculty 061,CO-289
7821,MCA,Computer Applications,SY,3,B,Tuesday,11:15,12:15,Electrical Machines,Prof. Faculty 241,CO-298
7822,MCA,Computer Applications,SY,3,B,Tuesday,12:15,01:15,Project Lab,Prof. Faculty 033,CO-136
7823,MCA,Computer Applications,SY,3,B,Tuesday,02:00,03:00,Data Structures,Prof. Faculty 043,CO-171
7824,MCA,Computer Applications,SY,3,B,Tuesday,03:00,04:00,Project Lab,Prof. Faculty 246,CO-127
7825,MCA,Computer Applications,SY,3,B,Wednesday,09:00,10:00,Mathematics,Prof. Faculty 176,CO-272
7826,MCA,Computer Applications,SY,3,B,Wednesday,10:00,11:00,Thermodynamics,Prof. Faculty 174,CO-214
7827,MCA,Computer Applications,SY,3,B,Wednesday,11:15,12:15,Computer Networks,Prof. Faculty 181,CO-228
7828,MCA,Computer Applications,SY,3,B,Wednesday,12:15,01:15,Physics,Prof. Faculty 123,CO-274
7829,MCA,Computer Applications,SY,3,B,Wednesday,02:00,03:00,Data Structures,Prof. Faculty 069,CO-282
7830,MCA,Computer Applications,SY,3,B,Wednesday,03:00,04:00,Cloud Computing,Prof. Faculty 008,CO-102
7831,MCA,Computer Applications,SY,3,B,Thursday,09:00,10:00,Operating Systems,Prof. Faculty 144,CO-178
7832,MCA,Computer Applications,SY,3,B,Thursday,10:00,11:00,Digital Electronics,Prof. Faculty 245,CO-293
7833,MCA,Computer Applications,SY,3,B,Thursday,11:15,12:15,Mathematics,Prof. Faculty 110,CO-296
7834,MCA,Computer Applications,SY,3,B,Thursday,12:15,01:15,Cyber Security,Prof. Faculty 065,CO-160
7835,MCA,Computer Applications,SY,3,B,Thursday,02:00,03:00,DBMS,Prof. Faculty 105,CO-178
7836,MCA,Computer Applications,SY,3,B,Thursday,03:00,04:00,Mathematics,Prof. Faculty 112,CO-185
7837,MCA,Computer Applications,SY,3,B,Friday,09:00,10:00,Digital Electronics,Prof. Faculty 008,CO-117
7838,MCA,Computer Applications,SY,3,B,Friday,10:00,11:00,AI Fundamentals,Prof. Faculty 063,CO-198
7839,MCA,Computer Applications,SY,3,B,Friday,11:15,12:15,Thermodynamics,Prof. Faculty 113,CO-254
7840,MCA,Computer Applications,SY,3,B,Friday,12:15,01:15,Project Lab,Prof. Faculty 195,CO-262
7841,MCA,Computer Applications,SY,3,B,Friday,02:00,03:00,Operating Systems,Prof. Faculty 042,CO-131
7842,MCA,Computer Applications,SY,3,B,Friday,03:00,04:00,Web Development,Prof. Faculty 186,CO-172
7843,MCA,Computer Applications,SY,3,B,Saturday,09:00,10:00,Thermodynamics,Prof. Faculty 081,CO-172
7844,MCA,Computer Applications,SY,3,B,Saturday,10:00,11:00,Electrical Machines,Prof. Faculty 161,CO-210
7845,MCA,Computer Applications,SY,3,B,Saturday,11:15,12:15,Operating Systems,Prof. Faculty 114,CO-172
7846,MCA,Computer Applications,SY,3,B,Saturday,12:15,01:15,Web Development,Prof. Faculty 076,CO-121
7847,MCA,Computer Applications,SY,3,B,Saturday,02:00,03:00,Computer Networks,Prof. Faculty 038,CO-144
7848,MCA,Computer Applications,SY,3,B,Saturday,03:00,04:00,Python Programming,Prof. Faculty 194,CO-120
7849,MCA,Computer Applications,SY,4,A,Monday,09:00,10:00,Python Programming,Prof. Faculty 074,CO-211
7850,MCA,Computer Applications,SY,4,A,Monday,10:00,11:00,AI Fundamentals,Prof. Faculty 136,CO-315
7851,MCA,Computer Applications,SY,4,A,Monday,11:15,12:15,Operating Systems,Prof. Faculty 050,CO-287
7852,MCA,Computer Applications,SY,4,A,Monday,12:15,01:15,Cyber Security,Prof. Faculty 248,CO-305
7853,MCA,Computer Applications,SY,4,A,Monday,02:00,03:00,Cyber Security,Prof. Faculty 042,CO-220
7854,MCA,Computer Applications,SY,4,A,Monday,03:00,04:00,Cloud Computing,Prof. Faculty 025,CO-129
7855,MCA,Computer Applications,SY,4,A,Tuesday,09:00,10:00,AI Fundamentals,Prof. Faculty 240,CO-263
7856,MCA,Computer Applications,SY,4,A,Tuesday,10:00,11:00,Web Development,Prof. Faculty 208,CO-160
7857,MCA,Computer Applications,SY,4,A,Tuesday,11:15,12:15,Physics,Prof. Faculty 206,CO-291
7858,MCA,Computer Applications,SY,4,A,Tuesday,12:15,01:15,Electrical Machines,Prof. Faculty 057,CO-148
7859,MCA,Computer Applications,SY,4,A,Tuesday,02:00,03:00,Machine Learning,Prof. Faculty 054,CO-146
7860,MCA,Computer Applications,SY,4,A,Tuesday,03:00,04:00,Web Development,Prof. Faculty 242,CO-261
7861,MCA,Computer Applications,SY,4,A,Wednesday,09:00,10:00,Project Lab,Prof. Faculty 032,CO-170
7862,MCA,Computer Applications,SY,4,A,Wednesday,10:00,11:00,Data Structures,Prof. Faculty 081,CO-264
7863,MCA,Computer Applications,SY,4,A,Wednesday,11:15,12:15,Cyber Security,Prof. Faculty 027,CO-313
7864,MCA,Computer Applications,SY,4,A,Wednesday,12:15,01:15,CAD/CAM,Prof. Faculty 212,CO-110
7865,MCA,Computer Applications,SY,4,A,Wednesday,02:00,03:00,Java Programming,Prof. Faculty 192,CO-127
7866,MCA,Computer Applications,SY,4,A,Wednesday,03:00,04:00,Data Structures,Prof. Faculty 211,CO-264
7867,MCA,Computer Applications,SY,4,A,Thursday,09:00,10:00,Electrical Machines,Prof. Faculty 179,CO-267
7868,MCA,Computer Applications,SY,4,A,Thursday,10:00,11:00,Machine Learning,Prof. Faculty 117,CO-248
7869,MCA,Computer Applications,SY,4,A,Thursday,11:15,12:15,Data Structures,Prof. Faculty 004,CO-141
7870,MCA,Computer Applications,SY,4,A,Thursday,12:15,01:15,Computer Networks,Prof. Faculty 151,CO-110
7871,MCA,Computer Applications,SY,4,A,Thursday,02:00,03:00,Data Structures,Prof. Faculty 110,CO-281
7872,MCA,Computer Applications,SY,4,A,Thursday,03:00,04:00,Software Engineering,Prof. Faculty 239,CO-222
7873,MCA,Computer Applications,SY,4,A,Friday,09:00,10:00,CAD/CAM,Prof. Faculty 109,CO-159
7874,MCA,Computer Applications,SY,4,A,Friday,10:00,11:00,CAD/CAM,Prof. Faculty 228,CO-163
7875,MCA,Computer Applications,SY,4,A,Friday,11:15,12:15,Digital Electronics,Prof. Faculty 008,CO-208
7876,MCA,Computer Applications,SY,4,A,Friday,12:15,01:15,CAD/CAM,Prof. Faculty 127,CO-290
7877,MCA,Computer Applications,SY,4,A,Friday,02:00,03:00,Data Structures,Prof. Faculty 112,CO-224
7878,MCA,Computer Applications,SY,4,A,Friday,03:00,04:00,Cloud Computing,Prof. Faculty 052,CO-227
7879,MCA,Computer Applications,SY,4,A,Saturday,09:00,10:00,Machine Learning,Prof. Faculty 231,CO-291
7880,MCA,Computer Applications,SY,4,A,Saturday,10:00,11:00,Electrical Machines,Prof. Faculty 209,CO-242
7881,MCA,Computer Applications,SY,4,A,Saturday,11:15,12:15,Python Programming,Prof. Faculty 222,CO-149
7882,MCA,Computer Applications,SY,4,A,Saturday,12:15,01:15,Machine Learning,Prof. Faculty 047,CO-193
7883,MCA,Computer Applications,SY,4,A,Saturday,02:00,03:00,Physics,Prof. Faculty 190,CO-227
7884,MCA,Computer Applications,SY,4,A,Saturday,03:00,04:00,Python Programming,Prof. Faculty 189,CO-199
7885,MCA,Computer Applications,SY,4,B,Monday,09:00,10:00,Software Engineering,Prof. Faculty 044,CO-114
7886,MCA,Computer Applications,SY,4,B,Monday,10:00,11:00,Cloud Computing,Prof. Faculty 102,CO-168
7887,MCA,Computer Applications,SY,4,B,Monday,11:15,12:15,Physics,Prof. Faculty 051,CO-287
7888,MCA,Computer Applications,SY,4,B,Monday,12:15,01:15,Cyber Security,Prof. Faculty 188,CO-269
7889,MCA,Computer Applications,SY,4,B,Monday,02:00,03:00,Python Programming,Prof. Faculty 131,CO-168
7890,MCA,Computer Applications,SY,4,B,Monday,03:00,04:00,Software Engineering,Prof. Faculty 157,CO-110
7891,MCA,Computer Applications,SY,4,B,Tuesday,09:00,10:00,CAD/CAM,Prof. Faculty 212,CO-128
7892,MCA,Computer Applications,SY,4,B,Tuesday,10:00,11:00,Operating Systems,Prof. Faculty 163,CO-164
7893,MCA,Computer Applications,SY,4,B,Tuesday,11:15,12:15,Software Engineering,Prof. Faculty 124,CO-263
7894,MCA,Computer Applications,SY,4,B,Tuesday,12:15,01:15,Mathematics,Prof. Faculty 176,CO-198
7895,MCA,Computer Applications,SY,4,B,Tuesday,02:00,03:00,AI Fundamentals,Prof. Faculty 009,CO-271
7896,MCA,Computer Applications,SY,4,B,Tuesday,03:00,04:00,Web Development,Prof. Faculty 215,CO-263
7897,MCA,Computer Applications,SY,4,B,Wednesday,09:00,10:00,Data Structures,Prof. Faculty 125,CO-118
7898,MCA,Computer Applications,SY,4,B,Wednesday,10:00,11:00,Operating Systems,Prof. Faculty 088,CO-301
7899,MCA,Computer Applications,SY,4,B,Wednesday,11:15,12:15,Electrical Machines,Prof. Faculty 185,CO-185
7900,MCA,Computer Applications,SY,4,B,Wednesday,12:15,01:15,Software Engineering,Prof. Faculty 207,CO-246
7901,MCA,Computer Applications,SY,4,B,Wednesday,02:00,03:00,Machine Learning,Prof. Faculty 001,CO-213
7902,MCA,Computer Applications,SY,4,B,Wednesday,03:00,04:00,Digital Electronics,Prof. Faculty 149,CO-303
7903,MCA,Computer Applications,SY,4,B,Thursday,09:00,10:00,Web Development,Prof. Faculty 229,CO-197
7904,MCA,Computer Applications,SY,4,B,Thursday,10:00,11:00,Physics,Prof. Faculty 113,CO-200
7905,MCA,Computer Applications,SY,4,B,Thursday,11:15,12:15,Physics,Prof. Faculty 062,CO-112
7906,MCA,Computer Applications,SY,4,B,Thursday,12:15,01:15,Electrical Machines,Prof. Faculty 226,CO-294
7907,MCA,Computer Applications,SY,4,B,Thursday,02:00,03:00,Electrical Machines,Prof. Faculty 073,CO-214
7908,MCA,Computer Applications,SY,4,B,Thursday,03:00,04:00,Physics,Prof. Faculty 098,CO-297
7909,MCA,Computer Applications,SY,4,B,Friday,09:00,10:00,Surveying,Prof. Faculty 016,CO-270
7910,MCA,Computer Applications,SY,4,B,Friday,10:00,11:00,Physics,Prof. Faculty 096,CO-193
7911,MCA,Computer Applications,SY,4,B,Friday,11:15,12:15,Machine Learning,Prof. Faculty 123,CO-205
7912,MCA,Computer Applications,SY,4,B,Friday,12:15,01:15,DBMS,Prof. Faculty 247,CO-219
7913,MCA,Computer Applications,SY,4,B,Friday,02:00,03:00,Physics,Prof. Faculty 244,CO-222
7914,MCA,Computer Applications,SY,4,B,Friday,03:00,04:00,Digital Electronics,Prof. Faculty 083,CO-317
7915,MCA,Computer Applications,SY,4,B,Saturday,09:00,10:00,Data Structures,Prof. Faculty 201,CO-233
7916,MCA,Computer Applications,SY,4,B,Saturday,10:00,11:00,Surveying,Prof. Faculty 229,CO-281
7917,MCA,Computer Applications,SY,4,B,Saturday,11:15,12:15,Computer Networks,Prof. Faculty 149,CO-112
7918,MCA,Computer Applications,SY,4,B,Saturday,12:15,01:15,Web Development,Prof. Faculty 122,CO-251
7919,MCA,Computer Applications,SY,4,B,Saturday,02:00,03:00,Web Development,Prof. Faculty 120,CO-248
7920,MCA,Computer Applications,SY,4,B,Saturday,03:00,04:00,Digital Electronics,Prof. Faculty 064,CO-211
7921,BCA,Computer Applications,FY,1,A,Monday,09:00,10:00,AI Fundamentals,Prof. Faculty 025,CO-169
7922,BCA,Computer Applications,FY,1,A,Monday,10:00,11:00,Project Lab,Prof. Faculty 171,CO-169
7923,BCA,Computer Applications,FY,1,A,Monday,11:15,12:15,DBMS,Prof. Faculty 176,CO-104
7924,BCA,Computer Applications,FY,1,A,Monday,12:15,01:15,Operating Systems,Prof. Faculty 241,CO-168
7925,BCA,Computer Applications,FY,1,A,Monday,02:00,03:00,Java Programming,Prof. Faculty 217,CO-180
7926,BCA,Computer Applications,FY,1,A,Monday,03:00,04:00,Electrical Machines,Prof. Faculty 023,CO-130
7927,BCA,Computer Applications,FY,1,A,Tuesday,09:00,10:00,Operating Systems,Prof. Faculty 186,CO-234
7928,BCA,Computer Applications,FY,1,A,Tuesday,10:00,11:00,CAD/CAM,Prof. Faculty 067,CO-205
7929,BCA,Computer Applications,FY,1,A,Tuesday,11:15,12:15,DBMS,Prof. Faculty 236,CO-182
7930,BCA,Computer Applications,FY,1,A,Tuesday,12:15,01:15,Operating Systems,Prof. Faculty 145,CO-156
7931,BCA,Computer Applications,FY,1,A,Tuesday,02:00,03:00,Mathematics,Prof. Faculty 078,CO-292
7932,BCA,Computer Applications,FY,1,A,Tuesday,03:00,04:00,Digital Electronics,Prof. Faculty 087,CO-232
7933,BCA,Computer Applications,FY,1,A,Wednesday,09:00,10:00,Mathematics,Prof. Faculty 043,CO-231
7934,BCA,Computer Applications,FY,1,A,Wednesday,10:00,11:00,Python Programming,Prof. Faculty 018,CO-119
7935,BCA,Computer Applications,FY,1,A,Wednesday,11:15,12:15,Project Lab,Prof. Faculty 209,CO-113
7936,BCA,Computer Applications,FY,1,A,Wednesday,12:15,01:15,Operating Systems,Prof. Faculty 204,CO-219
7937,BCA,Computer Applications,FY,1,A,Wednesday,02:00,03:00,Cloud Computing,Prof. Faculty 174,CO-269
7938,BCA,Computer Applications,FY,1,A,Wednesday,03:00,04:00,Machine Learning,Prof. Faculty 009,CO-130
7939,BCA,Computer Applications,FY,1,A,Thursday,09:00,10:00,Python Programming,Prof. Faculty 208,CO-272
7940,BCA,Computer Applications,FY,1,A,Thursday,10:00,11:00,Cloud Computing,Prof. Faculty 042,CO-193
7941,BCA,Computer Applications,FY,1,A,Thursday,11:15,12:15,Electrical Machines,Prof. Faculty 140,CO-151
7942,BCA,Computer Applications,FY,1,A,Thursday,12:15,01:15,CAD/CAM,Prof. Faculty 243,CO-177
7943,BCA,Computer Applications,FY,1,A,Thursday,02:00,03:00,Machine Learning,Prof. Faculty 183,CO-278
7944,BCA,Computer Applications,FY,1,A,Thursday,03:00,04:00,Digital Electronics,Prof. Faculty 105,CO-155
7945,BCA,Computer Applications,FY,1,A,Friday,09:00,10:00,Project Lab,Prof. Faculty 077,CO-167
7946,BCA,Computer Applications,FY,1,A,Friday,10:00,11:00,AI Fundamentals,Prof. Faculty 134,CO-291
7947,BCA,Computer Applications,FY,1,A,Friday,11:15,12:15,Cyber Security,Prof. Faculty 196,CO-280
7948,BCA,Computer Applications,FY,1,A,Friday,12:15,01:15,Operating Systems,Prof. Faculty 091,CO-299
7949,BCA,Computer Applications,FY,1,A,Friday,02:00,03:00,Machine Learning,Prof. Faculty 118,CO-241
7950,BCA,Computer Applications,FY,1,A,Friday,03:00,04:00,Thermodynamics,Prof. Faculty 127,CO-173
7951,BCA,Computer Applications,FY,1,A,Saturday,09:00,10:00,Java Programming,Prof. Faculty 234,CO-116
7952,BCA,Computer Applications,FY,1,A,Saturday,10:00,11:00,Operating Systems,Prof. Faculty 179,CO-247
7953,BCA,Computer Applications,FY,1,A,Saturday,11:15,12:15,Mathematics,Prof. Faculty 035,CO-211
7954,BCA,Computer Applications,FY,1,A,Saturday,12:15,01:15,Surveying,Prof. Faculty 186,CO-235
7955,BCA,Computer Applications,FY,1,A,Saturday,02:00,03:00,CAD/CAM,Prof. Faculty 039,CO-180
7956,BCA,Computer Applications,FY,1,A,Saturday,03:00,04:00,Cloud Computing,Prof. Faculty 198,CO-219
7957,BCA,Computer Applications,FY,1,B,Monday,09:00,10:00,Software Engineering,Prof. Faculty 116,CO-290
7958,BCA,Computer Applications,FY,1,B,Monday,10:00,11:00,Operating Systems,Prof. Faculty 143,CO-304
7959,BCA,Computer Applications,FY,1,B,Monday,11:15,12:15,Data Structures,Prof. Faculty 171,CO-154
7960,BCA,Computer Applications,FY,1,B,Monday,12:15,01:15,Project Lab,Prof. Faculty 215,CO-222
7961,BCA,Computer Applications,FY,1,B,Monday,02:00,03:00,Python Programming,Prof. Faculty 059,CO-313
7962,BCA,Computer Applications,FY,1,B,Monday,03:00,04:00,DBMS,Prof. Faculty 106,CO-197
7963,BCA,Computer Applications,FY,1,B,Tuesday,09:00,10:00,Computer Networks,Prof. Faculty 150,CO-242
7964,BCA,Computer Applications,FY,1,B,Tuesday,10:00,11:00,DBMS,Prof. Faculty 041,CO-292
7965,BCA,Computer Applications,FY,1,B,Tuesday,11:15,12:15,CAD/CAM,Prof. Faculty 129,CO-306
7966,BCA,Computer Applications,FY,1,B,Tuesday,12:15,01:15,Web Development,Prof. Faculty 041,CO-223
7967,BCA,Computer Applications,FY,1,B,Tuesday,02:00,03:00,Digital Electronics,Prof. Faculty 025,CO-202
7968,BCA,Computer Applications,FY,1,B,Tuesday,03:00,04:00,Web Development,Prof. Faculty 181,CO-295
7969,BCA,Computer Applications,FY,1,B,Wednesday,09:00,10:00,DBMS,Prof. Faculty 196,CO-317
7970,BCA,Computer Applications,FY,1,B,Wednesday,10:00,11:00,CAD/CAM,Prof. Faculty 133,CO-231
7971,BCA,Computer Applications,FY,1,B,Wednesday,11:15,12:15,Cyber Security,Prof. Faculty 079,CO-254
7972,BCA,Computer Applications,FY,1,B,Wednesday,12:15,01:15,Cyber Security,Prof. Faculty 102,CO-202
7973,BCA,Computer Applications,FY,1,B,Wednesday,02:00,03:00,Project Lab,Prof. Faculty 204,CO-107
7974,BCA,Computer Applications,FY,1,B,Wednesday,03:00,04:00,Project Lab,Prof. Faculty 134,CO-295
7975,BCA,Computer Applications,FY,1,B,Thursday,09:00,10:00,Computer Networks,Prof. Faculty 234,CO-178
7976,BCA,Computer Applications,FY,1,B,Thursday,10:00,11:00,CAD/CAM,Prof. Faculty 147,CO-253
7977,BCA,Computer Applications,FY,1,B,Thursday,11:15,12:15,Surveying,Prof. Faculty 236,CO-201
7978,BCA,Computer Applications,FY,1,B,Thursday,12:15,01:15,Cyber Security,Prof. Faculty 028,CO-150
7979,BCA,Computer Applications,FY,1,B,Thursday,02:00,03:00,Operating Systems,Prof. Faculty 034,CO-142
7980,BCA,Computer Applications,FY,1,B,Thursday,03:00,04:00,Web Development,Prof. Faculty 075,CO-162
7981,BCA,Computer Applications,FY,1,B,Friday,09:00,10:00,Data Structures,Prof. Faculty 111,CO-168
7982,BCA,Computer Applications,FY,1,B,Friday,10:00,11:00,AI Fundamentals,Prof. Faculty 193,CO-166
7983,BCA,Computer Applications,FY,1,B,Friday,11:15,12:15,Thermodynamics,Prof. Faculty 146,CO-171
7984,BCA,Computer Applications,FY,1,B,Friday,12:15,01:15,Data Structures,Prof. Faculty 227,CO-122
7985,BCA,Computer Applications,FY,1,B,Friday,02:00,03:00,CAD/CAM,Prof. Faculty 249,CO-198
7986,BCA,Computer Applications,FY,1,B,Friday,03:00,04:00,Machine Learning,Prof. Faculty 121,CO-316
7987,BCA,Computer Applications,FY,1,B,Saturday,09:00,10:00,CAD/CAM,Prof. Faculty 180,CO-320
7988,BCA,Computer Applications,FY,1,B,Saturday,10:00,11:00,Cyber Security,Prof. Faculty 062,CO-141
7989,BCA,Computer Applications,FY,1,B,Saturday,11:15,12:15,Digital Electronics,Prof. Faculty 001,CO-132
7990,BCA,Computer Applications,FY,1,B,Saturday,12:15,01:15,Web Development,Prof. Faculty 086,CO-195
7991,BCA,Computer Applications,FY,1,B,Saturday,02:00,03:00,DBMS,Prof. Faculty 091,CO-138
7992,BCA,Computer Applications,FY,1,B,Saturday,03:00,04:00,AI Fundamentals,Prof. Faculty 040,CO-173
7993,BCA,Computer Applications,FY,2,A,Monday,09:00,10:00,Surveying,Prof. Faculty 085,CO-273
7994,BCA,Computer Applications,FY,2,A,Monday,10:00,11:00,Computer Networks,Prof. Faculty 137,CO-129
7995,BCA,Computer Applications,FY,2,A,Monday,11:15,12:15,Electrical Machines,Prof. Faculty 227,CO-241
7996,BCA,Computer Applications,FY,2,A,Monday,12:15,01:15,Thermodynamics,Prof. Faculty 130,CO-136
7997,BCA,Computer Applications,FY,2,A,Monday,02:00,03:00,DBMS,Prof. Faculty 165,CO-293
7998,BCA,Computer Applications,FY,2,A,Monday,03:00,04:00,AI Fundamentals,Prof. Faculty 126,CO-138
7999,BCA,Computer Applications,FY,2,A,Tuesday,09:00,10:00,Python Programming,Prof. Faculty 019,CO-244
8000,BCA,Computer Applications,FY,2,A,Tuesday,10:00,11:00,Cyber Security,Prof. Faculty 059,CO-167
8001,BCA,Computer Applications,FY,2,A,Tuesday,11:15,12:15,Computer Networks,Prof. Faculty 080,CO-103
8002,BCA,Computer Applications,FY,2,A,Tuesday,12:15,01:15,CAD/CAM,Prof. Faculty 138,CO-177
8003,BCA,Computer Applications,FY,2,A,Tuesday,02:00,03:00,Machine Learning,Prof. Faculty 248,CO-226
8004,BCA,Computer Applications,FY,2,A,Tuesday,03:00,04:00,Computer Networks,Prof. Faculty 085,CO-243
8005,BCA,Computer Applications,FY,2,A,Wednesday,09:00,10:00,AI Fundamentals,Prof. Faculty 188,CO-151
8006,BCA,Computer Applications,FY,2,A,Wednesday,10:00,11:00,Electrical Machines,Prof. Faculty 180,CO-119
8007,BCA,Computer Applications,FY,2,A,Wednesday,11:15,12:15,Digital Electronics,Prof. Faculty 095,CO-202
8008,BCA,Computer Applications,FY,2,A,Wednesday,12:15,01:15,Operating Systems,Prof. Faculty 019,CO-253
8009,BCA,Computer Applications,FY,2,A,Wednesday,02:00,03:00,Python Programming,Prof. Faculty 033,CO-239
8010,BCA,Computer Applications,FY,2,A,Wednesday,03:00,04:00,Operating Systems,Prof. Faculty 113,CO-113
8011,BCA,Computer Applications,FY,2,A,Thursday,09:00,10:00,AI Fundamentals,Prof. Faculty 007,CO-243
8012,BCA,Computer Applications,FY,2,A,Thursday,10:00,11:00,AI Fundamentals,Prof. Faculty 155,CO-153
8013,BCA,Computer Applications,FY,2,A,Thursday,11:15,12:15,AI Fundamentals,Prof. Faculty 123,CO-169
8014,BCA,Computer Applications,FY,2,A,Thursday,12:15,01:15,Physics,Prof. Faculty 022,CO-113
8015,BCA,Computer Applications,FY,2,A,Thursday,02:00,03:00,DBMS,Prof. Faculty 238,CO-258
8016,BCA,Computer Applications,FY,2,A,Thursday,03:00,04:00,Project Lab,Prof. Faculty 102,CO-202
8017,BCA,Computer Applications,FY,2,A,Friday,09:00,10:00,Physics,Prof. Faculty 122,CO-117
8018,BCA,Computer Applications,FY,2,A,Friday,10:00,11:00,Electrical Machines,Prof. Faculty 105,CO-114
8019,BCA,Computer Applications,FY,2,A,Friday,11:15,12:15,Software Engineering,Prof. Faculty 179,CO-221
8020,BCA,Computer Applications,FY,2,A,Friday,12:15,01:15,Surveying,Prof. Faculty 110,CO-244
8021,BCA,Computer Applications,FY,2,A,Friday,02:00,03:00,Thermodynamics,Prof. Faculty 167,CO-120
8022,BCA,Computer Applications,FY,2,A,Friday,03:00,04:00,CAD/CAM,Prof. Faculty 121,CO-130
8023,BCA,Computer Applications,FY,2,A,Saturday,09:00,10:00,Machine Learning,Prof. Faculty 197,CO-131
8024,BCA,Computer Applications,FY,2,A,Saturday,10:00,11:00,Electrical Machines,Prof. Faculty 140,CO-207
8025,BCA,Computer Applications,FY,2,A,Saturday,11:15,12:15,Software Engineering,Prof. Faculty 162,CO-277
8026,BCA,Computer Applications,FY,2,A,Saturday,12:15,01:15,Thermodynamics,Prof. Faculty 240,CO-274
8027,BCA,Computer Applications,FY,2,A,Saturday,02:00,03:00,Thermodynamics,Prof. Faculty 139,CO-298
8028,BCA,Computer Applications,FY,2,A,Saturday,03:00,04:00,Cloud Computing,Prof. Faculty 045,CO-259
8029,BCA,Computer Applications,FY,2,B,Monday,09:00,10:00,DBMS,Prof. Faculty 048,CO-156
8030,BCA,Computer Applications,FY,2,B,Monday,10:00,11:00,Operating Systems,Prof. Faculty 022,CO-289
8031,BCA,Computer Applications,FY,2,B,Monday,11:15,12:15,Mathematics,Prof. Faculty 014,CO-202
8032,BCA,Computer Applications,FY,2,B,Monday,12:15,01:15,Digital Electronics,Prof. Faculty 145,CO-234
8033,BCA,Computer Applications,FY,2,B,Monday,02:00,03:00,Thermodynamics,Prof. Faculty 220,CO-135
8034,BCA,Computer Applications,FY,2,B,Monday,03:00,04:00,AI Fundamentals,Prof. Faculty 122,CO-214
8035,BCA,Computer Applications,FY,2,B,Tuesday,09:00,10:00,AI Fundamentals,Prof. Faculty 111,CO-254
8036,BCA,Computer Applications,FY,2,B,Tuesday,10:00,11:00,Computer Networks,Prof. Faculty 164,CO-146
8037,BCA,Computer Applications,FY,2,B,Tuesday,11:15,12:15,Physics,Prof. Faculty 060,CO-318
8038,BCA,Computer Applications,FY,2,B,Tuesday,12:15,01:15,Software Engineering,Prof. Faculty 101,CO-203
8039,BCA,Computer Applications,FY,2,B,Tuesday,02:00,03:00,Physics,Prof. Faculty 047,CO-185
8040,BCA,Computer Applications,FY,2,B,Tuesday,03:00,04:00,Machine Learning,Prof. Faculty 135,CO-116
8041,BCA,Computer Applications,FY,2,B,Wednesday,09:00,10:00,Mathematics,Prof. Faculty 170,CO-231
8042,BCA,Computer Applications,FY,2,B,Wednesday,10:00,11:00,Surveying,Prof. Faculty 181,CO-312
8043,BCA,Computer Applications,FY,2,B,Wednesday,11:15,12:15,Surveying,Prof. Faculty 245,CO-192
8044,BCA,Computer Applications,FY,2,B,Wednesday,12:15,01:15,Python Programming,Prof. Faculty 159,CO-281
8045,BCA,Computer Applications,FY,2,B,Wednesday,02:00,03:00,Web Development,Prof. Faculty 173,CO-142
8046,BCA,Computer Applications,FY,2,B,Wednesday,03:00,04:00,Electrical Machines,Prof. Faculty 191,CO-174
8047,BCA,Computer Applications,FY,2,B,Thursday,09:00,10:00,Web Development,Prof. Faculty 072,CO-124
8048,BCA,Computer Applications,FY,2,B,Thursday,10:00,11:00,CAD/CAM,Prof. Faculty 157,CO-152
8049,BCA,Computer Applications,FY,2,B,Thursday,11:15,12:15,AI Fundamentals,Prof. Faculty 153,CO-131
8050,BCA,Computer Applications,FY,2,B,Thursday,12:15,01:15,Operating Systems,Prof. Faculty 091,CO-242
8051,BCA,Computer Applications,FY,2,B,Thursday,02:00,03:00,Cloud Computing,Prof. Faculty 244,CO-282
8052,BCA,Computer Applications,FY,2,B,Thursday,03:00,04:00,Project Lab,Prof. Faculty 087,CO-293
8053,BCA,Computer Applications,FY,2,B,Friday,09:00,10:00,CAD/CAM,Prof. Faculty 205,CO-146
8054,BCA,Computer Applications,FY,2,B,Friday,10:00,11:00,Software Engineering,Prof. Faculty 139,CO-295
8055,BCA,Computer Applications,FY,2,B,Friday,11:15,12:15,DBMS,Prof. Faculty 076,CO-276
8056,BCA,Computer Applications,FY,2,B,Friday,12:15,01:15,Software Engineering,Prof. Faculty 010,CO-142
8057,BCA,Computer Applications,FY,2,B,Friday,02:00,03:00,Physics,Prof. Faculty 142,CO-148
8058,BCA,Computer Applications,FY,2,B,Friday,03:00,04:00,Web Development,Prof. Faculty 004,CO-182
8059,BCA,Computer Applications,FY,2,B,Saturday,09:00,10:00,Machine Learning,Prof. Faculty 018,CO-257
8060,BCA,Computer Applications,FY,2,B,Saturday,10:00,11:00,Machine Learning,Prof. Faculty 199,CO-149
8061,BCA,Computer Applications,FY,2,B,Saturday,11:15,12:15,Web Development,Prof. Faculty 222,CO-258
8062,BCA,Computer Applications,FY,2,B,Saturday,12:15,01:15,AI Fundamentals,Prof. Faculty 055,CO-304
8063,BCA,Computer Applications,FY,2,B,Saturday,02:00,03:00,Mathematics,Prof. Faculty 026,CO-228
8064,BCA,Computer Applications,FY,2,B,Saturday,03:00,04:00,Machine Learning,Prof. Faculty 153,CO-155
8065,BCA,Computer Applications,SY,3,A,Monday,09:00,10:00,Digital Electronics,Prof. Faculty 070,CO-270
8066,BCA,Computer Applications,SY,3,A,Monday,10:00,11:00,Cyber Security,Prof. Faculty 113,CO-106
8067,BCA,Computer Applications,SY,3,A,Monday,11:15,12:15,AI Fundamentals,Prof. Faculty 067,CO-236
8068,BCA,Computer Applications,SY,3,A,Monday,12:15,01:15,Web Development,Prof. Faculty 083,CO-181
8069,BCA,Computer Applications,SY,3,A,Monday,02:00,03:00,CAD/CAM,Prof. Faculty 096,CO-182
8070,BCA,Computer Applications,SY,3,A,Monday,03:00,04:00,Python Programming,Prof. Faculty 191,CO-182
8071,BCA,Computer Applications,SY,3,A,Tuesday,09:00,10:00,CAD/CAM,Prof. Faculty 141,CO-212
8072,BCA,Computer Applications,SY,3,A,Tuesday,10:00,11:00,Computer Networks,Prof. Faculty 236,CO-129
8073,BCA,Computer Applications,SY,3,A,Tuesday,11:15,12:15,Cloud Computing,Prof. Faculty 024,CO-162
8074,BCA,Computer Applications,SY,3,A,Tuesday,12:15,01:15,Surveying,Prof. Faculty 243,CO-211
8075,BCA,Computer Applications,SY,3,A,Tuesday,02:00,03:00,Electrical Machines,Prof. Faculty 131,CO-311
8076,BCA,Computer Applications,SY,3,A,Tuesday,03:00,04:00,Data Structures,Prof. Faculty 063,CO-180
8077,BCA,Computer Applications,SY,3,A,Wednesday,09:00,10:00,Electrical Machines,Prof. Faculty 103,CO-231
8078,BCA,Computer Applications,SY,3,A,Wednesday,10:00,11:00,Digital Electronics,Prof. Faculty 138,CO-257
8079,BCA,Computer Applications,SY,3,A,Wednesday,11:15,12:15,Data Structures,Prof. Faculty 033,CO-144
8080,BCA,Computer Applications,SY,3,A,Wednesday,12:15,01:15,Project Lab,Prof. Faculty 165,CO-314
8081,BCA,Computer Applications,SY,3,A,Wednesday,02:00,03:00,CAD/CAM,Prof. Faculty 149,CO-128
8082,BCA,Computer Applications,SY,3,A,Wednesday,03:00,04:00,Mathematics,Prof. Faculty 235,CO-258
8083,BCA,Computer Applications,SY,3,A,Thursday,09:00,10:00,Surveying,Prof. Faculty 065,CO-293
8084,BCA,Computer Applications,SY,3,A,Thursday,10:00,11:00,Machine Learning,Prof. Faculty 131,CO-306
8085,BCA,Computer Applications,SY,3,A,Thursday,11:15,12:15,Physics,Prof. Faculty 018,CO-162
8086,BCA,Computer Applications,SY,3,A,Thursday,12:15,01:15,Software Engineering,Prof. Faculty 074,CO-302
8087,BCA,Computer Applications,SY,3,A,Thursday,02:00,03:00,Software Engineering,Prof. Faculty 173,CO-183
8088,BCA,Computer Applications,SY,3,A,Thursday,03:00,04:00,Computer Networks,Prof. Faculty 173,CO-140
8089,BCA,Computer Applications,SY,3,A,Friday,09:00,10:00,Cyber Security,Prof. Faculty 162,CO-210
8090,BCA,Computer Applications,SY,3,A,Friday,10:00,11:00,Web Development,Prof. Faculty 198,CO-228
8091,BCA,Computer Applications,SY,3,A,Friday,11:15,12:15,Mathematics,Prof. Faculty 225,CO-195
8092,BCA,Computer Applications,SY,3,A,Friday,12:15,01:15,Python Programming,Prof. Faculty 132,CO-102
8093,BCA,Computer Applications,SY,3,A,Friday,02:00,03:00,Machine Learning,Prof. Faculty 198,CO-308
8094,BCA,Computer Applications,SY,3,A,Friday,03:00,04:00,Cyber Security,Prof. Faculty 103,CO-213
8095,BCA,Computer Applications,SY,3,A,Saturday,09:00,10:00,Python Programming,Prof. Faculty 164,CO-258
8096,BCA,Computer Applications,SY,3,A,Saturday,10:00,11:00,Thermodynamics,Prof. Faculty 083,CO-150
8097,BCA,Computer Applications,SY,3,A,Saturday,11:15,12:15,Computer Networks,Prof. Faculty 148,CO-255
8098,BCA,Computer Applications,SY,3,A,Saturday,12:15,01:15,Cloud Computing,Prof. Faculty 103,CO-139
8099,BCA,Computer Applications,SY,3,A,Saturday,02:00,03:00,Java Programming,Prof. Faculty 227,CO-217
8100,BCA,Computer Applications,SY,3,A,Saturday,03:00,04:00,Python Programming,Prof. Faculty 208,CO-286
8101,BCA,Computer Applications,SY,3,B,Monday,09:00,10:00,Software Engineering,Prof. Faculty 007,CO-174
8102,BCA,Computer Applications,SY,3,B,Monday,10:00,11:00,Surveying,Prof. Faculty 063,CO-281
8103,BCA,Computer Applications,SY,3,B,Monday,11:15,12:15,Physics,Prof. Faculty 210,CO-216
8104,BCA,Computer Applications,SY,3,B,Monday,12:15,01:15,Java Programming,Prof. Faculty 012,CO-264
8105,BCA,Computer Applications,SY,3,B,Monday,02:00,03:00,Software Engineering,Prof. Faculty 221,CO-295
8106,BCA,Computer Applications,SY,3,B,Monday,03:00,04:00,Physics,Prof. Faculty 099,CO-109
8107,BCA,Computer Applications,SY,3,B,Tuesday,09:00,10:00,Mathematics,Prof. Faculty 194,CO-116
8108,BCA,Computer Applications,SY,3,B,Tuesday,10:00,11:00,AI Fundamentals,Prof. Faculty 233,CO-289
8109,BCA,Computer Applications,SY,3,B,Tuesday,11:15,12:15,Project Lab,Prof. Faculty 130,CO-264
8110,BCA,Computer Applications,SY,3,B,Tuesday,12:15,01:15,Operating Systems,Prof. Faculty 177,CO-185
8111,BCA,Computer Applications,SY,3,B,Tuesday,02:00,03:00,Physics,Prof. Faculty 250,CO-172
8112,BCA,Computer Applications,SY,3,B,Tuesday,03:00,04:00,Computer Networks,Prof. Faculty 177,CO-188
8113,BCA,Computer Applications,SY,3,B,Wednesday,09:00,10:00,Physics,Prof. Faculty 017,CO-205
8114,BCA,Computer Applications,SY,3,B,Wednesday,10:00,11:00,Project Lab,Prof. Faculty 072,CO-168
8115,BCA,Computer Applications,SY,3,B,Wednesday,11:15,12:15,Surveying,Prof. Faculty 106,CO-296
8116,BCA,Computer Applications,SY,3,B,Wednesday,12:15,01:15,Web Development,Prof. Faculty 036,CO-312
8117,BCA,Computer Applications,SY,3,B,Wednesday,02:00,03:00,Project Lab,Prof. Faculty 201,CO-191
8118,BCA,Computer Applications,SY,3,B,Wednesday,03:00,04:00,Surveying,Prof. Faculty 007,CO-273
8119,BCA,Computer Applications,SY,3,B,Thursday,09:00,10:00,Computer Networks,Prof. Faculty 029,CO-285
8120,BCA,Computer Applications,SY,3,B,Thursday,10:00,11:00,Cloud Computing,Prof. Faculty 103,CO-131
8121,BCA,Computer Applications,SY,3,B,Thursday,11:15,12:15,Surveying,Prof. Faculty 011,CO-170
8122,BCA,Computer Applications,SY,3,B,Thursday,12:15,01:15,Digital Electronics,Prof. Faculty 074,CO-186
8123,BCA,Computer Applications,SY,3,B,Thursday,02:00,03:00,Project Lab,Prof. Faculty 117,CO-319
8124,BCA,Computer Applications,SY,3,B,Thursday,03:00,04:00,Cloud Computing,Prof. Faculty 131,CO-212
8125,BCA,Computer Applications,SY,3,B,Friday,09:00,10:00,Web Development,Prof. Faculty 021,CO-228
8126,BCA,Computer Applications,SY,3,B,Friday,10:00,11:00,Digital Electronics,Prof. Faculty 067,CO-208
8127,BCA,Computer Applications,SY,3,B,Friday,11:15,12:15,Computer Networks,Prof. Faculty 021,CO-247
8128,BCA,Computer Applications,SY,3,B,Friday,12:15,01:15,CAD/CAM,Prof. Faculty 244,CO-231
8129,BCA,Computer Applications,SY,3,B,Friday,02:00,03:00,Mathematics,Prof. Faculty 058,CO-106
8130,BCA,Computer Applications,SY,3,B,Friday,03:00,04:00,Cyber Security,Prof. Faculty 109,CO-272
8131,BCA,Computer Applications,SY,3,B,Saturday,09:00,10:00,Operating Systems,Prof. Faculty 208,CO-176
8132,BCA,Computer Applications,SY,3,B,Saturday,10:00,11:00,Software Engineering,Prof. Faculty 178,CO-258
8133,BCA,Computer Applications,SY,3,B,Saturday,11:15,12:15,Project Lab,Prof. Faculty 132,CO-257
8134,BCA,Computer Applications,SY,3,B,Saturday,12:15,01:15,Computer Networks,Prof. Faculty 204,CO-178
8135,BCA,Computer Applications,SY,3,B,Saturday,02:00,03:00,CAD/CAM,Prof. Faculty 145,CO-201
8136,BCA,Computer Applications,SY,3,B,Saturday,03:00,04:00,Surveying,Prof. Faculty 224,CO-180
8137,BCA,Computer Applications,SY,4,A,Monday,09:00,10:00,Java Programming,Prof. Faculty 059,CO-113
8138,BCA,Computer Applications,SY,4,A,Monday,10:00,11:00,AI Fundamentals,Prof. Faculty 080,CO-275
8139,BCA,Computer Applications,SY,4,A,Monday,11:15,12:15,Web Development,Prof. Faculty 230,CO-265
8140,BCA,Computer Applications,SY,4,A,Monday,12:15,01:15,Software Engineering,Prof. Faculty 003,CO-228
8141,BCA,Computer Applications,SY,4,A,Monday,02:00,03:00,Python Programming,Prof. Faculty 039,CO-154
8142,BCA,Computer Applications,SY,4,A,Monday,03:00,04:00,Surveying,Prof. Faculty 221,CO-311
8143,BCA,Computer Applications,SY,4,A,Tuesday,09:00,10:00,Computer Networks,Prof. Faculty 149,CO-255
8144,BCA,Computer Applications,SY,4,A,Tuesday,10:00,11:00,Computer Networks,Prof. Faculty 119,CO-215
8145,BCA,Computer Applications,SY,4,A,Tuesday,11:15,12:15,Python Programming,Prof. Faculty 113,CO-204
8146,BCA,Computer Applications,SY,4,A,Tuesday,12:15,01:15,Data Structures,Prof. Faculty 031,CO-184
8147,BCA,Computer Applications,SY,4,A,Tuesday,02:00,03:00,Cloud Computing,Prof. Faculty 113,CO-229
8148,BCA,Computer Applications,SY,4,A,Tuesday,03:00,04:00,DBMS,Prof. Faculty 023,CO-170
8149,BCA,Computer Applications,SY,4,A,Wednesday,09:00,10:00,CAD/CAM,Prof. Faculty 180,CO-214
8150,BCA,Computer Applications,SY,4,A,Wednesday,10:00,11:00,Thermodynamics,Prof. Faculty 105,CO-192
8151,BCA,Computer Applications,SY,4,A,Wednesday,11:15,12:15,Physics,Prof. Faculty 060,CO-153
8152,BCA,Computer Applications,SY,4,A,Wednesday,12:15,01:15,Web Development,Prof. Faculty 112,CO-267
8153,BCA,Computer Applications,SY,4,A,Wednesday,02:00,03:00,Software Engineering,Prof. Faculty 083,CO-112
8154,BCA,Computer Applications,SY,4,A,Wednesday,03:00,04:00,Surveying,Prof. Faculty 248,CO-265
8155,BCA,Computer Applications,SY,4,A,Thursday,09:00,10:00,AI Fundamentals,Prof. Faculty 129,CO-239
8156,BCA,Computer Applications,SY,4,A,Thursday,10:00,11:00,Mathematics,Prof. Faculty 059,CO-214
8157,BCA,Computer Applications,SY,4,A,Thursday,11:15,12:15,Cloud Computing,Prof. Faculty 007,CO-284
8158,BCA,Computer Applications,SY,4,A,Thursday,12:15,01:15,DBMS,Prof. Faculty 003,CO-280
8159,BCA,Computer Applications,SY,4,A,Thursday,02:00,03:00,Cloud Computing,Prof. Faculty 088,CO-145
8160,BCA,Computer Applications,SY,4,A,Thursday,03:00,04:00,Java Programming,Prof. Faculty 200,CO-278
8161,BCA,Computer Applications,SY,4,A,Friday,09:00,10:00,Thermodynamics,Prof. Faculty 200,CO-200
8162,BCA,Computer Applications,SY,4,A,Friday,10:00,11:00,Operating Systems,Prof. Faculty 067,CO-186
8163,BCA,Computer Applications,SY,4,A,Friday,11:15,12:15,Computer Networks,Prof. Faculty 114,CO-179
8164,BCA,Computer Applications,SY,4,A,Friday,12:15,01:15,Electrical Machines,Prof. Faculty 249,CO-274
8165,BCA,Computer Applications,SY,4,A,Friday,02:00,03:00,Cloud Computing,Prof. Faculty 241,CO-253
8166,BCA,Computer Applications,SY,4,A,Friday,03:00,04:00,Digital Electronics,Prof. Faculty 070,CO-215
8167,BCA,Computer Applications,SY,4,A,Saturday,09:00,10:00,Cloud Computing,Prof. Faculty 155,CO-184
8168,BCA,Computer Applications,SY,4,A,Saturday,10:00,11:00,AI Fundamentals,Prof. Faculty 002,CO-173
8169,BCA,Computer Applications,SY,4,A,Saturday,11:15,12:15,Machine Learning,Prof. Faculty 034,CO-266
8170,BCA,Computer Applications,SY,4,A,Saturday,12:15,01:15,Digital Electronics,Prof. Faculty 144,CO-298
8171,BCA,Computer Applications,SY,4,A,Saturday,02:00,03:00,Python Programming,Prof. Faculty 043,CO-244
8172,BCA,Computer Applications,SY,4,A,Saturday,03:00,04:00,Digital Electronics,Prof. Faculty 009,CO-252
8173,BCA,Computer Applications,SY,4,B,Monday,09:00,10:00,Cloud Computing,Prof. Faculty 239,CO-191
8174,BCA,Computer Applications,SY,4,B,Monday,10:00,11:00,Machine Learning,Prof. Faculty 059,CO-212
8175,BCA,Computer Applications,SY,4,B,Monday,11:15,12:15,Operating Systems,Prof. Faculty 244,CO-187
8176,BCA,Computer Applications,SY,4,B,Monday,12:15,01:15,Java Programming,Prof. Faculty 160,CO-176
8177,BCA,Computer Applications,SY,4,B,Monday,02:00,03:00,Digital Electronics,Prof. Faculty 242,CO-133
8178,BCA,Computer Applications,SY,4,B,Monday,03:00,04:00,Computer Networks,Prof. Faculty 107,CO-145
8179,BCA,Computer Applications,SY,4,B,Tuesday,09:00,10:00,Physics,Prof. Faculty 016,CO-274
8180,BCA,Computer Applications,SY,4,B,Tuesday,10:00,11:00,Mathematics,Prof. Faculty 126,CO-277
8181,BCA,Computer Applications,SY,4,B,Tuesday,11:15,12:15,Cloud Computing,Prof. Faculty 178,CO-146
8182,BCA,Computer Applications,SY,4,B,Tuesday,12:15,01:15,Project Lab,Prof. Faculty 208,CO-244
8183,BCA,Computer Applications,SY,4,B,Tuesday,02:00,03:00,Machine Learning,Prof. Faculty 004,CO-164
8184,BCA,Computer Applications,SY,4,B,Tuesday,03:00,04:00,DBMS,Prof. Faculty 143,CO-253
8185,BCA,Computer Applications,SY,4,B,Wednesday,09:00,10:00,Software Engineering,Prof. Faculty 119,CO-265
8186,BCA,Computer Applications,SY,4,B,Wednesday,10:00,11:00,Java Programming,Prof. Faculty 151,CO-150
8187,BCA,Computer Applications,SY,4,B,Wednesday,11:15,12:15,Mathematics,Prof. Faculty 002,CO-175
8188,BCA,Computer Applications,SY,4,B,Wednesday,12:15,01:15,Project Lab,Prof. Faculty 141,CO-125
8189,BCA,Computer Applications,SY,4,B,Wednesday,02:00,03:00,Cloud Computing,Prof. Faculty 153,CO-200
8190,BCA,Computer Applications,SY,4,B,Wednesday,03:00,04:00,CAD/CAM,Prof. Faculty 135,CO-234
8191,BCA,Computer Applications,SY,4,B,Thursday,09:00,10:00,Electrical Machines,Prof. Faculty 157,CO-276
8192,BCA,Computer Applications,SY,4,B,Thursday,10:00,11:00,CAD/CAM,Prof. Faculty 212,CO-300
8193,BCA,Computer Applications,SY,4,B,Thursday,11:15,12:15,Electrical Machines,Prof. Faculty 049,CO-191
8194,BCA,Computer Applications,SY,4,B,Thursday,12:15,01:15,Web Development,Prof. Faculty 093,CO-179
8195,BCA,Computer Applications,SY,4,B,Thursday,02:00,03:00,DBMS,Prof. Faculty 015,CO-314
8196,BCA,Computer Applications,SY,4,B,Thursday,03:00,04:00,Computer Networks,Prof. Faculty 077,CO-318
8197,BCA,Computer Applications,SY,4,B,Friday,09:00,10:00,Physics,Prof. Faculty 202,CO-211
8198,BCA,Computer Applications,SY,4,B,Friday,10:00,11:00,Operating Systems,Prof. Faculty 118,CO-320
8199,BCA,Computer Applications,SY,4,B,Friday,11:15,12:15,Thermodynamics,Prof. Faculty 171,CO-301
8200,BCA,Computer Applications,SY,4,B,Friday,12:15,01:15,CAD/CAM,Prof. Faculty 149,CO-171
8201,BCA,Computer Applications,SY,4,B,Friday,02:00,03:00,Web Development,Prof. Faculty 145,CO-250
8202,BCA,Computer Applications,SY,4,B,Friday,03:00,04:00,Data Structures,Prof. Faculty 122,CO-275
8203,BCA,Computer Applications,SY,4,B,Saturday,09:00,10:00,Machine Learning,Prof. Faculty 013,CO-297
8204,BCA,Computer Applications,SY,4,B,Saturday,10:00,11:00,Java Programming,Prof. Faculty 118,CO-274
8205,BCA,Computer Applications,SY,4,B,Saturday,11:15,12:15,Electrical Machines,Prof. Faculty 181,CO-192
8206,BCA,Computer Applications,SY,4,B,Saturday,12:15,01:15,DBMS,Prof. Faculty 183,CO-222
8207,BCA,Computer Applications,SY,4,B,Saturday,02:00,03:00,Operating Systems,Prof. Faculty 180,CO-296
8208,BCA,Computer Applications,SY,4,B,Saturday,03:00,04:00,Thermodynamics,Prof. Faculty 029,CO-281
8209,BCA,Computer Applications,TY,5,A,Monday,09:00,10:00,Machine Learning,Prof. Faculty 159,CO-104
8210,BCA,Computer Applications,TY,5,A,Monday,10:00,11:00,Electrical Machines,Prof. Faculty 118,CO-122
8211,BCA,Computer Applications,TY,5,A,Monday,11:15,12:15,Physics,Prof. Faculty 066,CO-276
8212,BCA,Computer Applications,TY,5,A,Monday,12:15,01:15,Physics,Prof. Faculty 063,CO-163
8213,BCA,Computer Applications,TY,5,A,Monday,02:00,03:00,DBMS,Prof. Faculty 042,CO-196
8214,BCA,Computer Applications,TY,5,A,Monday,03:00,04:00,Physics,Prof. Faculty 058,CO-147
8215,BCA,Computer Applications,TY,5,A,Tuesday,09:00,10:00,Thermodynamics,Prof. Faculty 044,CO-145
8216,BCA,Computer Applications,TY,5,A,Tuesday,10:00,11:00,Thermodynamics,Prof. Faculty 214,CO-308
8217,BCA,Computer Applications,TY,5,A,Tuesday,11:15,12:15,Software Engineering,Prof. Faculty 116,CO-317
8218,BCA,Computer Applications,TY,5,A,Tuesday,12:15,01:15,Cyber Security,Prof. Faculty 163,CO-301
8219,BCA,Computer Applications,TY,5,A,Tuesday,02:00,03:00,Web Development,Prof. Faculty 139,CO-270
8220,BCA,Computer Applications,TY,5,A,Tuesday,03:00,04:00,Python Programming,Prof. Faculty 222,CO-220
8221,BCA,Computer Applications,TY,5,A,Wednesday,09:00,10:00,Operating Systems,Prof. Faculty 176,CO-270
8222,BCA,Computer Applications,TY,5,A,Wednesday,10:00,11:00,CAD/CAM,Prof. Faculty 049,CO-254
8223,BCA,Computer Applications,TY,5,A,Wednesday,11:15,12:15,Physics,Prof. Faculty 049,CO-267
8224,BCA,Computer Applications,TY,5,A,Wednesday,12:15,01:15,Physics,Prof. Faculty 205,CO-211
8225,BCA,Computer Applications,TY,5,A,Wednesday,02:00,03:00,Computer Networks,Prof. Faculty 157,CO-271
8226,BCA,Computer Applications,TY,5,A,Wednesday,03:00,04:00,CAD/CAM,Prof. Faculty 162,CO-274
8227,BCA,Computer Applications,TY,5,A,Thursday,09:00,10:00,Digital Electronics,Prof. Faculty 077,CO-266
8228,BCA,Computer Applications,TY,5,A,Thursday,10:00,11:00,Python Programming,Prof. Faculty 007,CO-243
8229,BCA,Computer Applications,TY,5,A,Thursday,11:15,12:15,Computer Networks,Prof. Faculty 155,CO-181
8230,BCA,Computer Applications,TY,5,A,Thursday,12:15,01:15,Surveying,Prof. Faculty 216,CO-302
8231,BCA,Computer Applications,TY,5,A,Thursday,02:00,03:00,Python Programming,Prof. Faculty 117,CO-186
8232,BCA,Computer Applications,TY,5,A,Thursday,03:00,04:00,Electrical Machines,Prof. Faculty 189,CO-190
8233,BCA,Computer Applications,TY,5,A,Friday,09:00,10:00,Physics,Prof. Faculty 160,CO-124
8234,BCA,Computer Applications,TY,5,A,Friday,10:00,11:00,DBMS,Prof. Faculty 139,CO-262
8235,BCA,Computer Applications,TY,5,A,Friday,11:15,12:15,DBMS,Prof. Faculty 143,CO-188
8236,BCA,Computer Applications,TY,5,A,Friday,12:15,01:15,CAD/CAM,Prof. Faculty 047,CO-115
8237,BCA,Computer Applications,TY,5,A,Friday,02:00,03:00,Thermodynamics,Prof. Faculty 039,CO-187
8238,BCA,Computer Applications,TY,5,A,Friday,03:00,04:00,Digital Electronics,Prof. Faculty 230,CO-319
8239,BCA,Computer Applications,TY,5,A,Saturday,09:00,10:00,AI Fundamentals,Prof. Faculty 150,CO-148
8240,BCA,Computer Applications,TY,5,A,Saturday,10:00,11:00,Thermodynamics,Prof. Faculty 169,CO-174
8241,BCA,Computer Applications,TY,5,A,Saturday,11:15,12:15,CAD/CAM,Prof. Faculty 187,CO-183
8242,BCA,Computer Applications,TY,5,A,Saturday,12:15,01:15,Software Engineering,Prof. Faculty 114,CO-262
8243,BCA,Computer Applications,TY,5,A,Saturday,02:00,03:00,Electrical Machines,Prof. Faculty 213,CO-160
8244,BCA,Computer Applications,TY,5,A,Saturday,03:00,04:00,Surveying,Prof. Faculty 104,CO-295
8245,BCA,Computer Applications,TY,5,B,Monday,09:00,10:00,Java Programming,Prof. Faculty 064,CO-192
8246,BCA,Computer Applications,TY,5,B,Monday,10:00,11:00,Machine Learning,Prof. Faculty 156,CO-224
8247,BCA,Computer Applications,TY,5,B,Monday,11:15,12:15,Electrical Machines,Prof. Faculty 176,CO-104
8248,BCA,Computer Applications,TY,5,B,Monday,12:15,01:15,Project Lab,Prof. Faculty 047,CO-259
8249,BCA,Computer Applications,TY,5,B,Monday,02:00,03:00,Machine Learning,Prof. Faculty 124,CO-303
8250,BCA,Computer Applications,TY,5,B,Monday,03:00,04:00,Cyber Security,Prof. Faculty 059,CO-219
8251,BCA,Computer Applications,TY,5,B,Tuesday,09:00,10:00,Software Engineering,Prof. Faculty 071,CO-314
8252,BCA,Computer Applications,TY,5,B,Tuesday,10:00,11:00,Digital Electronics,Prof. Faculty 175,CO-217
8253,BCA,Computer Applications,TY,5,B,Tuesday,11:15,12:15,Machine Learning,Prof. Faculty 008,CO-238
8254,BCA,Computer Applications,TY,5,B,Tuesday,12:15,01:15,Machine Learning,Prof. Faculty 242,CO-291
8255,BCA,Computer Applications,TY,5,B,Tuesday,02:00,03:00,CAD/CAM,Prof. Faculty 063,CO-102
8256,BCA,Computer Applications,TY,5,B,Tuesday,03:00,04:00,Cloud Computing,Prof. Faculty 155,CO-294
8257,BCA,Computer Applications,TY,5,B,Wednesday,09:00,10:00,Java Programming,Prof. Faculty 185,CO-187
8258,BCA,Computer Applications,TY,5,B,Wednesday,10:00,11:00,Thermodynamics,Prof. Faculty 217,CO-164
8259,BCA,Computer Applications,TY,5,B,Wednesday,11:15,12:15,Thermodynamics,Prof. Faculty 205,CO-272
8260,BCA,Computer Applications,TY,5,B,Wednesday,12:15,01:15,DBMS,Prof. Faculty 140,CO-122
8261,BCA,Computer Applications,TY,5,B,Wednesday,02:00,03:00,CAD/CAM,Prof. Faculty 081,CO-182
8262,BCA,Computer Applications,TY,5,B,Wednesday,03:00,04:00,Digital Electronics,Prof. Faculty 171,CO-277
8263,BCA,Computer Applications,TY,5,B,Thursday,09:00,10:00,Computer Networks,Prof. Faculty 124,CO-265
8264,BCA,Computer Applications,TY,5,B,Thursday,10:00,11:00,Computer Networks,Prof. Faculty 021,CO-172
8265,BCA,Computer Applications,TY,5,B,Thursday,11:15,12:15,Thermodynamics,Prof. Faculty 111,CO-280
8266,BCA,Computer Applications,TY,5,B,Thursday,12:15,01:15,Software Engineering,Prof. Faculty 136,CO-276
8267,BCA,Computer Applications,TY,5,B,Thursday,02:00,03:00,Operating Systems,Prof. Faculty 062,CO-254
8268,BCA,Computer Applications,TY,5,B,Thursday,03:00,04:00,Computer Networks,Prof. Faculty 085,CO-273
8269,BCA,Computer Applications,TY,5,B,Friday,09:00,10:00,Web Development,Prof. Faculty 114,CO-101
8270,BCA,Computer Applications,TY,5,B,Friday,10:00,11:00,Digital Electronics,Prof. Faculty 146,CO-215
8271,BCA,Computer Applications,TY,5,B,Friday,11:15,12:15,Thermodynamics,Prof. Faculty 158,CO-138
8272,BCA,Computer Applications,TY,5,B,Friday,12:15,01:15,Operating Systems,Prof. Faculty 197,CO-306
8273,BCA,Computer Applications,TY,5,B,Friday,02:00,03:00,Electrical Machines,Prof. Faculty 049,CO-224
8274,BCA,Computer Applications,TY,5,B,Friday,03:00,04:00,Surveying,Prof. Faculty 152,CO-254
8275,BCA,Computer Applications,TY,5,B,Saturday,09:00,10:00,AI Fundamentals,Prof. Faculty 140,CO-102
8276,BCA,Computer Applications,TY,5,B,Saturday,10:00,11:00,Surveying,Prof. Faculty 124,CO-197
8277,BCA,Computer Applications,TY,5,B,Saturday,11:15,12:15,Computer Networks,Prof. Faculty 095,CO-283
8278,BCA,Computer Applications,TY,5,B,Saturday,12:15,01:15,Web Development,Prof. Faculty 018,CO-297
8279,BCA,Computer Applications,TY,5,B,Saturday,02:00,03:00,Operating Systems,Prof. Faculty 143,CO-121
8280,BCA,Computer Applications,TY,5,B,Saturday,03:00,04:00,Digital Electronics,Prof. Faculty 111,CO-281
8281,BCA,Computer Applications,TY,6,A,Monday,09:00,10:00,Java Programming,Prof. Faculty 056,CO-171
8282,BCA,Computer Applications,TY,6,A,Monday,10:00,11:00,Electrical Machines,Prof. Faculty 114,CO-242
8283,BCA,Computer Applications,TY,6,A,Monday,11:15,12:15,Physics,Prof. Faculty 057,CO-142
8284,BCA,Computer Applications,TY,6,A,Monday,12:15,01:15,Physics,Prof. Faculty 218,CO-197
8285,BCA,Computer Applications,TY,6,A,Monday,02:00,03:00,Machine Learning,Prof. Faculty 011,CO-133
8286,BCA,Computer Applications,TY,6,A,Monday,03:00,04:00,AI Fundamentals,Prof. Faculty 154,CO-181
8287,BCA,Computer Applications,TY,6,A,Tuesday,09:00,10:00,Mathematics,Prof. Faculty 053,CO-269
8288,BCA,Computer Applications,TY,6,A,Tuesday,10:00,11:00,Cloud Computing,Prof. Faculty 175,CO-143
8289,BCA,Computer Applications,TY,6,A,Tuesday,11:15,12:15,Cyber Security,Prof. Faculty 147,CO-258
8290,BCA,Computer Applications,TY,6,A,Tuesday,12:15,01:15,AI Fundamentals,Prof. Faculty 123,CO-134
8291,BCA,Computer Applications,TY,6,A,Tuesday,02:00,03:00,Digital Electronics,Prof. Faculty 147,CO-234
8292,BCA,Computer Applications,TY,6,A,Tuesday,03:00,04:00,Physics,Prof. Faculty 211,CO-212
8293,BCA,Computer Applications,TY,6,A,Wednesday,09:00,10:00,Digital Electronics,Prof. Faculty 159,CO-221
8294,BCA,Computer Applications,TY,6,A,Wednesday,10:00,11:00,Python Programming,Prof. Faculty 082,CO-258
8295,BCA,Computer Applications,TY,6,A,Wednesday,11:15,12:15,Data Structures,Prof. Faculty 178,CO-112
8296,BCA,Computer Applications,TY,6,A,Wednesday,12:15,01:15,DBMS,Prof. Faculty 070,CO-112
8297,BCA,Computer Applications,TY,6,A,Wednesday,02:00,03:00,Software Engineering,Prof. Faculty 031,CO-285
8298,BCA,Computer Applications,TY,6,A,Wednesday,03:00,04:00,Project Lab,Prof. Faculty 187,CO-233
8299,BCA,Computer Applications,TY,6,A,Thursday,09:00,10:00,Surveying,Prof. Faculty 210,CO-140
8300,BCA,Computer Applications,TY,6,A,Thursday,10:00,11:00,AI Fundamentals,Prof. Faculty 019,CO-172
8301,BCA,Computer Applications,TY,6,A,Thursday,11:15,12:15,Java Programming,Prof. Faculty 141,CO-215
8302,BCA,Computer Applications,TY,6,A,Thursday,12:15,01:15,CAD/CAM,Prof. Faculty 239,CO-308
8303,BCA,Computer Applications,TY,6,A,Thursday,02:00,03:00,AI Fundamentals,Prof. Faculty 159,CO-154
8304,BCA,Computer Applications,TY,6,A,Thursday,03:00,04:00,Physics,Prof. Faculty 066,CO-297
8305,BCA,Computer Applications,TY,6,A,Friday,09:00,10:00,Project Lab,Prof. Faculty 141,CO-269
8306,BCA,Computer Applications,TY,6,A,Friday,10:00,11:00,Thermodynamics,Prof. Faculty 089,CO-117
8307,BCA,Computer Applications,TY,6,A,Friday,11:15,12:15,Computer Networks,Prof. Faculty 144,CO-131
8308,BCA,Computer Applications,TY,6,A,Friday,12:15,01:15,Project Lab,Prof. Faculty 190,CO-150
8309,BCA,Computer Applications,TY,6,A,Friday,02:00,03:00,Thermodynamics,Prof. Faculty 005,CO-268
8310,BCA,Computer Applications,TY,6,A,Friday,03:00,04:00,Computer Networks,Prof. Faculty 156,CO-313
8311,BCA,Computer Applications,TY,6,A,Saturday,09:00,10:00,Machine Learning,Prof. Faculty 042,CO-102
8312,BCA,Computer Applications,TY,6,A,Saturday,10:00,11:00,Cloud Computing,Prof. Faculty 026,CO-152
8313,BCA,Computer Applications,TY,6,A,Saturday,11:15,12:15,Electrical Machines,Prof. Faculty 078,CO-289
8314,BCA,Computer Applications,TY,6,A,Saturday,12:15,01:15,Python Programming,Prof. Faculty 140,CO-231
8315,BCA,Computer Applications,TY,6,A,Saturday,02:00,03:00,CAD/CAM,Prof. Faculty 020,CO-314
8316,BCA,Computer Applications,TY,6,A,Saturday,03:00,04:00,Python Programming,Prof. Faculty 246,CO-206
8317,BCA,Computer Applications,TY,6,B,Monday,09:00,10:00,Digital Electronics,Prof. Faculty 123,CO-214
8318,BCA,Computer Applications,TY,6,B,Monday,10:00,11:00,Web Development,Prof. Faculty 016,CO-320
8319,BCA,Computer Applications,TY,6,B,Monday,11:15,12:15,Cloud Computing,Prof. Faculty 157,CO-312
8320,BCA,Computer Applications,TY,6,B,Monday,12:15,01:15,Data Structures,Prof. Faculty 228,CO-121
8321,BCA,Computer Applications,TY,6,B,Monday,02:00,03:00,CAD/CAM,Prof. Faculty 204,CO-290
8322,BCA,Computer Applications,TY,6,B,Monday,03:00,04:00,Cloud Computing,Prof. Faculty 238,CO-221
8323,BCA,Computer Applications,TY,6,B,Tuesday,09:00,10:00,Web Development,Prof. Faculty 201,CO-284
8324,BCA,Computer Applications,TY,6,B,Tuesday,10:00,11:00,Electrical Machines,Prof. Faculty 159,CO-153
8325,BCA,Computer Applications,TY,6,B,Tuesday,11:15,12:15,Python Programming,Prof. Faculty 128,CO-220
8326,BCA,Computer Applications,TY,6,B,Tuesday,12:15,01:15,Surveying,Prof. Faculty 054,CO-202
8327,BCA,Computer Applications,TY,6,B,Tuesday,02:00,03:00,Machine Learning,Prof. Faculty 180,CO-202
8328,BCA,Computer Applications,TY,6,B,Tuesday,03:00,04:00,Cyber Security,Prof. Faculty 157,CO-130
8329,BCA,Computer Applications,TY,6,B,Wednesday,09:00,10:00,Software Engineering,Prof. Faculty 216,CO-167
8330,BCA,Computer Applications,TY,6,B,Wednesday,10:00,11:00,Surveying,Prof. Faculty 200,CO-223
8331,BCA,Computer Applications,TY,6,B,Wednesday,11:15,12:15,Project Lab,Prof. Faculty 074,CO-178
8332,BCA,Computer Applications,TY,6,B,Wednesday,12:15,01:15,Cloud Computing,Prof. Faculty 157,CO-310
8333,BCA,Computer Applications,TY,6,B,Wednesday,02:00,03:00,Web Development,Prof. Faculty 060,CO-275
8334,BCA,Computer Applications,TY,6,B,Wednesday,03:00,04:00,CAD/CAM,Prof. Faculty 107,CO-304
8335,BCA,Computer Applications,TY,6,B,Thursday,09:00,10:00,Data Structures,Prof. Faculty 166,CO-224
8336,BCA,Computer Applications,TY,6,B,Thursday,10:00,11:00,Operating Systems,Prof. Faculty 098,CO-293
8337,BCA,Computer Applications,TY,6,B,Thursday,11:15,12:15,Computer Networks,Prof. Faculty 047,CO-283
8338,BCA,Computer Applications,TY,6,B,Thursday,12:15,01:15,Mathematics,Prof. Faculty 231,CO-291
8339,BCA,Computer Applications,TY,6,B,Thursday,02:00,03:00,Data Structures,Prof. Faculty 075,CO-207
8340,BCA,Computer Applications,TY,6,B,Thursday,03:00,04:00,Computer Networks,Prof. Faculty 159,CO-259
8341,BCA,Computer Applications,TY,6,B,Friday,09:00,10:00,Python Programming,Prof. Faculty 086,CO-237
8342,BCA,Computer Applications,TY,6,B,Friday,10:00,11:00,Data Structures,Prof. Faculty 214,CO-177
8343,BCA,Computer Applications,TY,6,B,Friday,11:15,12:15,Data Structures,Prof. Faculty 047,CO-108
8344,BCA,Computer Applications,TY,6,B,Friday,12:15,01:15,Operating Systems,Prof. Faculty 192,CO-302
8345,BCA,Computer Applications,TY,6,B,Friday,02:00,03:00,Surveying,Prof. Faculty 091,CO-217
8346,BCA,Computer Applications,TY,6,B,Friday,03:00,04:00,AI Fundamentals,Prof. Faculty 169,CO-209
8347,BCA,Computer Applications,TY,6,B,Saturday,09:00,10:00,Data Structures,Prof. Faculty 107,CO-182
8348,BCA,Computer Applications,TY,6,B,Saturday,10:00,11:00,Web Development,Prof. Faculty 030,CO-196
8349,BCA,Computer Applications,TY,6,B,Saturday,11:15,12:15,Data Structures,Prof. Faculty 184,CO-111
8350,BCA,Computer Applications,TY,6,B,Saturday,12:15,01:15,Surveying,Prof. Faculty 005,CO-140
8351,BCA,Computer Applications,TY,6,B,Saturday,02:00,03:00,Python Programming,Prof. Faculty 045,CO-195
8352,BCA,Computer Applications,TY,6,B,Saturday,03:00,04:00,Digital Electronics,Prof. Faculty 216,CO-209
8353,ME,Computer Engineering,FY,1,A,Monday,09:00,10:00,Web Development,Prof. Faculty 248,CO-125
8354,ME,Computer Engineering,FY,1,A,Monday,10:00,11:00,Operating Systems,Prof. Faculty 111,CO-202
8355,ME,Computer Engineering,FY,1,A,Monday,11:15,12:15,CAD/CAM,Prof. Faculty 074,CO-165
8356,ME,Computer Engineering,FY,1,A,Monday,12:15,01:15,Mathematics,Prof. Faculty 102,CO-310
8357,ME,Computer Engineering,FY,1,A,Monday,02:00,03:00,CAD/CAM,Prof. Faculty 159,CO-147
8358,ME,Computer Engineering,FY,1,A,Monday,03:00,04:00,Computer Networks,Prof. Faculty 193,CO-217
8359,ME,Computer Engineering,FY,1,A,Tuesday,09:00,10:00,Operating Systems,Prof. Faculty 064,CO-298
8360,ME,Computer Engineering,FY,1,A,Tuesday,10:00,11:00,Digital Electronics,Prof. Faculty 112,CO-197
8361,ME,Computer Engineering,FY,1,A,Tuesday,11:15,12:15,DBMS,Prof. Faculty 245,CO-109
8362,ME,Computer Engineering,FY,1,A,Tuesday,12:15,01:15,Cloud Computing,Prof. Faculty 229,CO-225
8363,ME,Computer Engineering,FY,1,A,Tuesday,02:00,03:00,Project Lab,Prof. Faculty 168,CO-272
8364,ME,Computer Engineering,FY,1,A,Tuesday,03:00,04:00,Thermodynamics,Prof. Faculty 215,CO-124
8365,ME,Computer Engineering,FY,1,A,Wednesday,09:00,10:00,DBMS,Prof. Faculty 023,CO-287
8366,ME,Computer Engineering,FY,1,A,Wednesday,10:00,11:00,Project Lab,Prof. Faculty 153,CO-167
8367,ME,Computer Engineering,FY,1,A,Wednesday,11:15,12:15,Java Programming,Prof. Faculty 242,CO-282
8368,ME,Computer Engineering,FY,1,A,Wednesday,12:15,01:15,Web Development,Prof. Faculty 014,CO-292
8369,ME,Computer Engineering,FY,1,A,Wednesday,02:00,03:00,Python Programming,Prof. Faculty 232,CO-232
8370,ME,Computer Engineering,FY,1,A,Wednesday,03:00,04:00,DBMS,Prof. Faculty 014,CO-242
8371,ME,Computer Engineering,FY,1,A,Thursday,09:00,10:00,CAD/CAM,Prof. Faculty 144,CO-160
8372,ME,Computer Engineering,FY,1,A,Thursday,10:00,11:00,Python Programming,Prof. Faculty 025,CO-183
8373,ME,Computer Engineering,FY,1,A,Thursday,11:15,12:15,Data Structures,Prof. Faculty 160,CO-319
8374,ME,Computer Engineering,FY,1,A,Thursday,12:15,01:15,Web Development,Prof. Faculty 210,CO-264
8375,ME,Computer Engineering,FY,1,A,Thursday,02:00,03:00,Python Programming,Prof. Faculty 218,CO-194
8376,ME,Computer Engineering,FY,1,A,Thursday,03:00,04:00,Cyber Security,Prof. Faculty 078,CO-137
8377,ME,Computer Engineering,FY,1,A,Friday,09:00,10:00,DBMS,Prof. Faculty 188,CO-224
8378,ME,Computer Engineering,FY,1,A,Friday,10:00,11:00,AI Fundamentals,Prof. Faculty 172,CO-241
8379,ME,Computer Engineering,FY,1,A,Friday,11:15,12:15,Computer Networks,Prof. Faculty 226,CO-177
8380,ME,Computer Engineering,FY,1,A,Friday,12:15,01:15,Cyber Security,Prof. Faculty 159,CO-200
8381,ME,Computer Engineering,FY,1,A,Friday,02:00,03:00,Project Lab,Prof. Faculty 037,CO-217
8382,ME,Computer Engineering,FY,1,A,Friday,03:00,04:00,Data Structures,Prof. Faculty 193,CO-146
8383,ME,Computer Engineering,FY,1,A,Saturday,09:00,10:00,Surveying,Prof. Faculty 193,CO-195
8384,ME,Computer Engineering,FY,1,A,Saturday,10:00,11:00,Web Development,Prof. Faculty 066,CO-298
8385,ME,Computer Engineering,FY,1,A,Saturday,11:15,12:15,Computer Networks,Prof. Faculty 245,CO-136
8386,ME,Computer Engineering,FY,1,A,Saturday,12:15,01:15,Surveying,Prof. Faculty 067,CO-317
8387,ME,Computer Engineering,FY,1,A,Saturday,02:00,03:00,Thermodynamics,Prof. Faculty 232,CO-122
8388,ME,Computer Engineering,FY,1,A,Saturday,03:00,04:00,Web Development,Prof. Faculty 099,CO-153
8389,ME,Computer Engineering,FY,1,B,Monday,09:00,10:00,Surveying,Prof. Faculty 044,CO-219
8390,ME,Computer Engineering,FY,1,B,Monday,10:00,11:00,Java Programming,Prof. Faculty 086,CO-171
8391,ME,Computer Engineering,FY,1,B,Monday,11:15,12:15,Computer Networks,Prof. Faculty 219,CO-301
8392,ME,Computer Engineering,FY,1,B,Monday,12:15,01:15,Mathematics,Prof. Faculty 017,CO-320
8393,ME,Computer Engineering,FY,1,B,Monday,02:00,03:00,Electrical Machines,Prof. Faculty 005,CO-172
8394,ME,Computer Engineering,FY,1,B,Monday,03:00,04:00,Java Programming,Prof. Faculty 145,CO-247
8395,ME,Computer Engineering,FY,1,B,Tuesday,09:00,10:00,Operating Systems,Prof. Faculty 011,CO-296
8396,ME,Computer Engineering,FY,1,B,Tuesday,10:00,11:00,Python Programming,Prof. Faculty 119,CO-306
8397,ME,Computer Engineering,FY,1,B,Tuesday,11:15,12:15,Project Lab,Prof. Faculty 060,CO-166
8398,ME,Computer Engineering,FY,1,B,Tuesday,12:15,01:15,CAD/CAM,Prof. Faculty 095,CO-127
8399,ME,Computer Engineering,FY,1,B,Tuesday,02:00,03:00,AI Fundamentals,Prof. Faculty 041,CO-149
8400,ME,Computer Engineering,FY,1,B,Tuesday,03:00,04:00,Cloud Computing,Prof. Faculty 105,CO-246
8401,ME,Computer Engineering,FY,1,B,Wednesday,09:00,10:00,Python Programming,Prof. Faculty 143,CO-143
8402,ME,Computer Engineering,FY,1,B,Wednesday,10:00,11:00,Software Engineering,Prof. Faculty 067,CO-152
8403,ME,Computer Engineering,FY,1,B,Wednesday,11:15,12:15,Mathematics,Prof. Faculty 179,CO-142
8404,ME,Computer Engineering,FY,1,B,Wednesday,12:15,01:15,Digital Electronics,Prof. Faculty 067,CO-312
8405,ME,Computer Engineering,FY,1,B,Wednesday,02:00,03:00,Java Programming,Prof. Faculty 036,CO-157
8406,ME,Computer Engineering,FY,1,B,Wednesday,03:00,04:00,Surveying,Prof. Faculty 189,CO-194
8407,ME,Computer Engineering,FY,1,B,Thursday,09:00,10:00,Electrical Machines,Prof. Faculty 123,CO-290
8408,ME,Computer Engineering,FY,1,B,Thursday,10:00,11:00,Digital Electronics,Prof. Faculty 019,CO-170
8409,ME,Computer Engineering,FY,1,B,Thursday,11:15,12:15,Cloud Computing,Prof. Faculty 063,CO-234
8410,ME,Computer Engineering,FY,1,B,Thursday,12:15,01:15,Surveying,Prof. Faculty 175,CO-186
8411,ME,Computer Engineering,FY,1,B,Thursday,02:00,03:00,Cloud Computing,Prof. Faculty 214,CO-177
8412,ME,Computer Engineering,FY,1,B,Thursday,03:00,04:00,Operating Systems,Prof. Faculty 117,CO-169
8413,ME,Computer Engineering,FY,1,B,Friday,09:00,10:00,Electrical Machines,Prof. Faculty 037,CO-208
8414,ME,Computer Engineering,FY,1,B,Friday,10:00,11:00,Java Programming,Prof. Faculty 078,CO-162
8415,ME,Computer Engineering,FY,1,B,Friday,11:15,12:15,Project Lab,Prof. Faculty 065,CO-294
8416,ME,Computer Engineering,FY,1,B,Friday,12:15,01:15,DBMS,Prof. Faculty 083,CO-197
8417,ME,Computer Engineering,FY,1,B,Friday,02:00,03:00,Machine Learning,Prof. Faculty 108,CO-114
8418,ME,Computer Engineering,FY,1,B,Friday,03:00,04:00,Software Engineering,Prof. Faculty 090,CO-135
8419,ME,Computer Engineering,FY,1,B,Saturday,09:00,10:00,Cyber Security,Prof. Faculty 233,CO-242
8420,ME,Computer Engineering,FY,1,B,Saturday,10:00,11:00,Digital Electronics,Prof. Faculty 169,CO-125
8421,ME,Computer Engineering,FY,1,B,Saturday,11:15,12:15,Thermodynamics,Prof. Faculty 204,CO-195
8422,ME,Computer Engineering,FY,1,B,Saturday,12:15,01:15,Operating Systems,Prof. Faculty 023,CO-284
8423,ME,Computer Engineering,FY,1,B,Saturday,02:00,03:00,Computer Networks,Prof. Faculty 240,CO-102
8424,ME,Computer Engineering,FY,1,B,Saturday,03:00,04:00,Cyber Security,Prof. Faculty 143,CO-238
8425,ME,Computer Engineering,FY,2,A,Monday,09:00,10:00,DBMS,Prof. Faculty 056,CO-133
8426,ME,Computer Engineering,FY,2,A,Monday,10:00,11:00,CAD/CAM,Prof. Faculty 239,CO-121
8427,ME,Computer Engineering,FY,2,A,Monday,11:15,12:15,Electrical Machines,Prof. Faculty 054,CO-231
8428,ME,Computer Engineering,FY,2,A,Monday,12:15,01:15,Digital Electronics,Prof. Faculty 033,CO-142
8429,ME,Computer Engineering,FY,2,A,Monday,02:00,03:00,Electrical Machines,Prof. Faculty 085,CO-277
8430,ME,Computer Engineering,FY,2,A,Monday,03:00,04:00,CAD/CAM,Prof. Faculty 185,CO-106
8431,ME,Computer Engineering,FY,2,A,Tuesday,09:00,10:00,Web Development,Prof. Faculty 042,CO-145
8432,ME,Computer Engineering,FY,2,A,Tuesday,10:00,11:00,Java Programming,Prof. Faculty 191,CO-220
8433,ME,Computer Engineering,FY,2,A,Tuesday,11:15,12:15,Computer Networks,Prof. Faculty 175,CO-137
8434,ME,Computer Engineering,FY,2,A,Tuesday,12:15,01:15,Python Programming,Prof. Faculty 028,CO-164
8435,ME,Computer Engineering,FY,2,A,Tuesday,02:00,03:00,Data Structures,Prof. Faculty 078,CO-274
8436,ME,Computer Engineering,FY,2,A,Tuesday,03:00,04:00,Physics,Prof. Faculty 204,CO-132
8437,ME,Computer Engineering,FY,2,A,Wednesday,09:00,10:00,Computer Networks,Prof. Faculty 183,CO-298
8438,ME,Computer Engineering,FY,2,A,Wednesday,10:00,11:00,Computer Networks,Prof. Faculty 008,CO-194
8439,ME,Computer Engineering,FY,2,A,Wednesday,11:15,12:15,Data Structures,Prof. Faculty 073,CO-111
8440,ME,Computer Engineering,FY,2,A,Wednesday,12:15,01:15,AI Fundamentals,Prof. Faculty 093,CO-166
8441,ME,Computer Engineering,FY,2,A,Wednesday,02:00,03:00,Project Lab,Prof. Faculty 059,CO-220
8442,ME,Computer Engineering,FY,2,A,Wednesday,03:00,04:00,AI Fundamentals,Prof. Faculty 017,CO-196
8443,ME,Computer Engineering,FY,2,A,Thursday,09:00,10:00,Physics,Prof. Faculty 008,CO-255
8444,ME,Computer Engineering,FY,2,A,Thursday,10:00,11:00,Web Development,Prof. Faculty 136,CO-269
8445,ME,Computer Engineering,FY,2,A,Thursday,11:15,12:15,Software Engineering,Prof. Faculty 013,CO-221
8446,ME,Computer Engineering,FY,2,A,Thursday,12:15,01:15,Machine Learning,Prof. Faculty 037,CO-227
8447,ME,Computer Engineering,FY,2,A,Thursday,02:00,03:00,Web Development,Prof. Faculty 093,CO-145
8448,ME,Computer Engineering,FY,2,A,Thursday,03:00,04:00,Web Development,Prof. Faculty 197,CO-190
8449,ME,Computer Engineering,FY,2,A,Friday,09:00,10:00,CAD/CAM,Prof. Faculty 164,CO-130
8450,ME,Computer Engineering,FY,2,A,Friday,10:00,11:00,Machine Learning,Prof. Faculty 231,CO-159
8451,ME,Computer Engineering,FY,2,A,Friday,11:15,12:15,Python Programming,Prof. Faculty 192,CO-202
8452,ME,Computer Engineering,FY,2,A,Friday,12:15,01:15,AI Fundamentals,Prof. Faculty 165,CO-225
8453,ME,Computer Engineering,FY,2,A,Friday,02:00,03:00,Python Programming,Prof. Faculty 174,CO-205
8454,ME,Computer Engineering,FY,2,A,Friday,03:00,04:00,Mathematics,Prof. Faculty 200,CO-270
8455,ME,Computer Engineering,FY,2,A,Saturday,09:00,10:00,AI Fundamentals,Prof. Faculty 191,CO-290
8456,ME,Computer Engineering,FY,2,A,Saturday,10:00,11:00,DBMS,Prof. Faculty 210,CO-107
8457,ME,Computer Engineering,FY,2,A,Saturday,11:15,12:15,Computer Networks,Prof. Faculty 015,CO-220
8458,ME,Computer Engineering,FY,2,A,Saturday,12:15,01:15,Machine Learning,Prof. Faculty 226,CO-198
8459,ME,Computer Engineering,FY,2,A,Saturday,02:00,03:00,Thermodynamics,Prof. Faculty 189,CO-284
8460,ME,Computer Engineering,FY,2,A,Saturday,03:00,04:00,CAD/CAM,Prof. Faculty 244,CO-305
8461,ME,Computer Engineering,FY,2,B,Monday,09:00,10:00,Cloud Computing,Prof. Faculty 178,CO-237
8462,ME,Computer Engineering,FY,2,B,Monday,10:00,11:00,Software Engineering,Prof. Faculty 221,CO-256
8463,ME,Computer Engineering,FY,2,B,Monday,11:15,12:15,Web Development,Prof. Faculty 029,CO-258
8464,ME,Computer Engineering,FY,2,B,Monday,12:15,01:15,Electrical Machines,Prof. Faculty 159,CO-306
8465,ME,Computer Engineering,FY,2,B,Monday,02:00,03:00,AI Fundamentals,Prof. Faculty 236,CO-269
8466,ME,Computer Engineering,FY,2,B,Monday,03:00,04:00,Surveying,Prof. Faculty 048,CO-203
8467,ME,Computer Engineering,FY,2,B,Tuesday,09:00,10:00,DBMS,Prof. Faculty 219,CO-236
8468,ME,Computer Engineering,FY,2,B,Tuesday,10:00,11:00,Python Programming,Prof. Faculty 019,CO-184
8469,ME,Computer Engineering,FY,2,B,Tuesday,11:15,12:15,Machine Learning,Prof. Faculty 107,CO-307
8470,ME,Computer Engineering,FY,2,B,Tuesday,12:15,01:15,Thermodynamics,Prof. Faculty 012,CO-142
8471,ME,Computer Engineering,FY,2,B,Tuesday,02:00,03:00,Machine Learning,Prof. Faculty 055,CO-191
8472,ME,Computer Engineering,FY,2,B,Tuesday,03:00,04:00,Cloud Computing,Prof. Faculty 154,CO-123
8473,ME,Computer Engineering,FY,2,B,Wednesday,09:00,10:00,Project Lab,Prof. Faculty 007,CO-134
8474,ME,Computer Engineering,FY,2,B,Wednesday,10:00,11:00,Electrical Machines,Prof. Faculty 094,CO-122
8475,ME,Computer Engineering,FY,2,B,Wednesday,11:15,12:15,Cloud Computing,Prof. Faculty 107,CO-251
8476,ME,Computer Engineering,FY,2,B,Wednesday,12:15,01:15,Project Lab,Prof. Faculty 184,CO-135
8477,ME,Computer Engineering,FY,2,B,Wednesday,02:00,03:00,Java Programming,Prof. Faculty 074,CO-106
8478,ME,Computer Engineering,FY,2,B,Wednesday,03:00,04:00,Surveying,Prof. Faculty 019,CO-141
8479,ME,Computer Engineering,FY,2,B,Thursday,09:00,10:00,Project Lab,Prof. Faculty 003,CO-166
8480,ME,Computer Engineering,FY,2,B,Thursday,10:00,11:00,Operating Systems,Prof. Faculty 013,CO-148
8481,ME,Computer Engineering,FY,2,B,Thursday,11:15,12:15,Cloud Computing,Prof. Faculty 192,CO-209
8482,ME,Computer Engineering,FY,2,B,Thursday,12:15,01:15,Cyber Security,Prof. Faculty 104,CO-193
8483,ME,Computer Engineering,FY,2,B,Thursday,02:00,03:00,Computer Networks,Prof. Faculty 137,CO-289
8484,ME,Computer Engineering,FY,2,B,Thursday,03:00,04:00,Cloud Computing,Prof. Faculty 046,CO-312
8485,ME,Computer Engineering,FY,2,B,Friday,09:00,10:00,Web Development,Prof. Faculty 021,CO-147
8486,ME,Computer Engineering,FY,2,B,Friday,10:00,11:00,Software Engineering,Prof. Faculty 107,CO-102
8487,ME,Computer Engineering,FY,2,B,Friday,11:15,12:15,DBMS,Prof. Faculty 151,CO-237
8488,ME,Computer Engineering,FY,2,B,Friday,12:15,01:15,Project Lab,Prof. Faculty 034,CO-144
8489,ME,Computer Engineering,FY,2,B,Friday,02:00,03:00,DBMS,Prof. Faculty 045,CO-284
8490,ME,Computer Engineering,FY,2,B,Friday,03:00,04:00,Physics,Prof. Faculty 010,CO-112
8491,ME,Computer Engineering,FY,2,B,Saturday,09:00,10:00,Physics,Prof. Faculty 174,CO-223
8492,ME,Computer Engineering,FY,2,B,Saturday,10:00,11:00,AI Fundamentals,Prof. Faculty 148,CO-133
8493,ME,Computer Engineering,FY,2,B,Saturday,11:15,12:15,Project Lab,Prof. Faculty 193,CO-268
8494,ME,Computer Engineering,FY,2,B,Saturday,12:15,01:15,CAD/CAM,Prof. Faculty 204,CO-213
8495,ME,Computer Engineering,FY,2,B,Saturday,02:00,03:00,Digital Electronics,Prof. Faculty 131,CO-284
8496,ME,Computer Engineering,FY,2,B,Saturday,03:00,04:00,Surveying,Prof. Faculty 059,CO-223
8497,ME,Computer Engineering,SY,3,A,Monday,09:00,10:00,Web Development,Prof. Faculty 022,CO-135
8498,ME,Computer Engineering,SY,3,A,Monday,10:00,11:00,Thermodynamics,Prof. Faculty 074,CO-301
8499,ME,Computer Engineering,SY,3,A,Monday,11:15,12:15,Operating Systems,Prof. Faculty 201,CO-247
8500,ME,Computer Engineering,SY,3,A,Monday,12:15,01:15,CAD/CAM,Prof. Faculty 140,CO-121
8501,ME,Computer Engineering,SY,3,A,Monday,02:00,03:00,Project Lab,Prof. Faculty 215,CO-140
8502,ME,Computer Engineering,SY,3,A,Monday,03:00,04:00,Web Development,Prof. Faculty 137,CO-284
8503,ME,Computer Engineering,SY,3,A,Tuesday,09:00,10:00,Project Lab,Prof. Faculty 110,CO-186
8504,ME,Computer Engineering,SY,3,A,Tuesday,10:00,11:00,Electrical Machines,Prof. Faculty 139,CO-254
8505,ME,Computer Engineering,SY,3,A,Tuesday,11:15,12:15,Software Engineering,Prof. Faculty 190,CO-231
8506,ME,Computer Engineering,SY,3,A,Tuesday,12:15,01:15,Digital Electronics,Prof. Faculty 129,CO-267
8507,ME,Computer Engineering,SY,3,A,Tuesday,02:00,03:00,Software Engineering,Prof. Faculty 129,CO-282
8508,ME,Computer Engineering,SY,3,A,Tuesday,03:00,04:00,Project Lab,Prof. Faculty 156,CO-318
8509,ME,Computer Engineering,SY,3,A,Wednesday,09:00,10:00,Computer Networks,Prof. Faculty 083,CO-108
8510,ME,Computer Engineering,SY,3,A,Wednesday,10:00,11:00,Cyber Security,Prof. Faculty 132,CO-250
8511,ME,Computer Engineering,SY,3,A,Wednesday,11:15,12:15,Web Development,Prof. Faculty 149,CO-279
8512,ME,Computer Engineering,SY,3,A,Wednesday,12:15,01:15,Web Development,Prof. Faculty 135,CO-133
8513,ME,Computer Engineering,SY,3,A,Wednesday,02:00,03:00,Project Lab,Prof. Faculty 105,CO-293
8514,ME,Computer Engineering,SY,3,A,Wednesday,03:00,04:00,Data Structures,Prof. Faculty 124,CO-123
8515,ME,Computer Engineering,SY,3,A,Thursday,09:00,10:00,Cyber Security,Prof. Faculty 035,CO-209
8516,ME,Computer Engineering,SY,3,A,Thursday,10:00,11:00,Thermodynamics,Prof. Faculty 146,CO-229
8517,ME,Computer Engineering,SY,3,A,Thursday,11:15,12:15,Software Engineering,Prof. Faculty 192,CO-298
8518,ME,Computer Engineering,SY,3,A,Thursday,12:15,01:15,Java Programming,Prof. Faculty 085,CO-203
8519,ME,Computer Engineering,SY,3,A,Thursday,02:00,03:00,AI Fundamentals,Prof. Faculty 063,CO-128
8520,ME,Computer Engineering,SY,3,A,Thursday,03:00,04:00,Project Lab,Prof. Faculty 041,CO-246
8521,ME,Computer Engineering,SY,3,A,Friday,09:00,10:00,Operating Systems,Prof. Faculty 049,CO-106
8522,ME,Computer Engineering,SY,3,A,Friday,10:00,11:00,Cyber Security,Prof. Faculty 156,CO-125
8523,ME,Computer Engineering,SY,3,A,Friday,11:15,12:15,Electrical Machines,Prof. Faculty 114,CO-205
8524,ME,Computer Engineering,SY,3,A,Friday,12:15,01:15,Web Development,Prof. Faculty 065,CO-144
8525,ME,Computer Engineering,SY,3,A,Friday,02:00,03:00,AI Fundamentals,Prof. Faculty 211,CO-191
8526,ME,Computer Engineering,SY,3,A,Friday,03:00,04:00,CAD/CAM,Prof. Faculty 001,CO-156
8527,ME,Computer Engineering,SY,3,A,Saturday,09:00,10:00,Machine Learning,Prof. Faculty 238,CO-282
8528,ME,Computer Engineering,SY,3,A,Saturday,10:00,11:00,Python Programming,Prof. Faculty 077,CO-201
8529,ME,Computer Engineering,SY,3,A,Saturday,11:15,12:15,Web Development,Prof. Faculty 099,CO-279
8530,ME,Computer Engineering,SY,3,A,Saturday,12:15,01:15,AI Fundamentals,Prof. Faculty 167,CO-315
8531,ME,Computer Engineering,SY,3,A,Saturday,02:00,03:00,Web Development,Prof. Faculty 095,CO-211
8532,ME,Computer Engineering,SY,3,A,Saturday,03:00,04:00,Computer Networks,Prof. Faculty 215,CO-180
8533,ME,Computer Engineering,SY,3,B,Monday,09:00,10:00,Python Programming,Prof. Faculty 086,CO-294
8534,ME,Computer Engineering,SY,3,B,Monday,10:00,11:00,Digital Electronics,Prof. Faculty 250,CO-214
8535,ME,Computer Engineering,SY,3,B,Monday,11:15,12:15,DBMS,Prof. Faculty 240,CO-143
8536,ME,Computer Engineering,SY,3,B,Monday,12:15,01:15,Digital Electronics,Prof. Faculty 231,CO-137
8537,ME,Computer Engineering,SY,3,B,Monday,02:00,03:00,Operating Systems,Prof. Faculty 030,CO-246
8538,ME,Computer Engineering,SY,3,B,Monday,03:00,04:00,Python Programming,Prof. Faculty 129,CO-147
8539,ME,Computer Engineering,SY,3,B,Tuesday,09:00,10:00,Cyber Security,Prof. Faculty 020,CO-145
8540,ME,Computer Engineering,SY,3,B,Tuesday,10:00,11:00,Electrical Machines,Prof. Faculty 112,CO-228
8541,ME,Computer Engineering,SY,3,B,Tuesday,11:15,12:15,Data Structures,Prof. Faculty 130,CO-302
8542,ME,Computer Engineering,SY,3,B,Tuesday,12:15,01:15,DBMS,Prof. Faculty 002,CO-247
8543,ME,Computer Engineering,SY,3,B,Tuesday,02:00,03:00,Software Engineering,Prof. Faculty 051,CO-257
8544,ME,Computer Engineering,SY,3,B,Tuesday,03:00,04:00,Machine Learning,Prof. Faculty 090,CO-229
8545,ME,Computer Engineering,SY,3,B,Wednesday,09:00,10:00,Project Lab,Prof. Faculty 038,CO-148
8546,ME,Computer Engineering,SY,3,B,Wednesday,10:00,11:00,Software Engineering,Prof. Faculty 066,CO-203
8547,ME,Computer Engineering,SY,3,B,Wednesday,11:15,12:15,Python Programming,Prof. Faculty 085,CO-299
8548,ME,Computer Engineering,SY,3,B,Wednesday,12:15,01:15,Computer Networks,Prof. Faculty 072,CO-197
8549,ME,Computer Engineering,SY,3,B,Wednesday,02:00,03:00,AI Fundamentals,Prof. Faculty 168,CO-117
8550,ME,Computer Engineering,SY,3,B,Wednesday,03:00,04:00,CAD/CAM,Prof. Faculty 162,CO-180
8551,ME,Computer Engineering,SY,3,B,Thursday,09:00,10:00,Java Programming,Prof. Faculty 190,CO-301
8552,ME,Computer Engineering,SY,3,B,Thursday,10:00,11:00,Operating Systems,Prof. Faculty 134,CO-112
8553,ME,Computer Engineering,SY,3,B,Thursday,11:15,12:15,Operating Systems,Prof. Faculty 102,CO-203
8554,ME,Computer Engineering,SY,3,B,Thursday,12:15,01:15,AI Fundamentals,Prof. Faculty 080,CO-238
8555,ME,Computer Engineering,SY,3,B,Thursday,02:00,03:00,Computer Networks,Prof. Faculty 165,CO-287
8556,ME,Computer Engineering,SY,3,B,Thursday,03:00,04:00,Python Programming,Prof. Faculty 076,CO-239
8557,ME,Computer Engineering,SY,3,B,Friday,09:00,10:00,Mathematics,Prof. Faculty 091,CO-280
8558,ME,Computer Engineering,SY,3,B,Friday,10:00,11:00,Operating Systems,Prof. Faculty 056,CO-213
8559,ME,Computer Engineering,SY,3,B,Friday,11:15,12:15,Data Structures,Prof. Faculty 071,CO-264
8560,ME,Computer Engineering,SY,3,B,Friday,12:15,01:15,Cloud Computing,Prof. Faculty 201,CO-296
8561,ME,Computer Engineering,SY,3,B,Friday,02:00,03:00,Machine Learning,Prof. Faculty 006,CO-185
8562,ME,Computer Engineering,SY,3,B,Friday,03:00,04:00,CAD/CAM,Prof. Faculty 038,CO-178
8563,ME,Computer Engineering,SY,3,B,Saturday,09:00,10:00,Java Programming,Prof. Faculty 210,CO-300
8564,ME,Computer Engineering,SY,3,B,Saturday,10:00,11:00,Web Development,Prof. Faculty 179,CO-269
8565,ME,Computer Engineering,SY,3,B,Saturday,11:15,12:15,CAD/CAM,Prof. Faculty 210,CO-261
8566,ME,Computer Engineering,SY,3,B,Saturday,12:15,01:15,Electrical Machines,Prof. Faculty 224,CO-133
8567,ME,Computer Engineering,SY,3,B,Saturday,02:00,03:00,Physics,Prof. Faculty 151,CO-126
8568,ME,Computer Engineering,SY,3,B,Saturday,03:00,04:00,Thermodynamics,Prof. Faculty 110,CO-126
8569,ME,Computer Engineering,SY,4,A,Monday,09:00,10:00,Web Development,Prof. Faculty 227,CO-251
8570,ME,Computer Engineering,SY,4,A,Monday,10:00,11:00,Web Development,Prof. Faculty 188,CO-167
8571,ME,Computer Engineering,SY,4,A,Monday,11:15,12:15,Java Programming,Prof. Faculty 034,CO-296
8572,ME,Computer Engineering,SY,4,A,Monday,12:15,01:15,Project Lab,Prof. Faculty 072,CO-104
8573,ME,Computer Engineering,SY,4,A,Monday,02:00,03:00,Cloud Computing,Prof. Faculty 036,CO-171
8574,ME,Computer Engineering,SY,4,A,Monday,03:00,04:00,Surveying,Prof. Faculty 188,CO-296
8575,ME,Computer Engineering,SY,4,A,Tuesday,09:00,10:00,Java Programming,Prof. Faculty 088,CO-244
8576,ME,Computer Engineering,SY,4,A,Tuesday,10:00,11:00,Thermodynamics,Prof. Faculty 193,CO-214
8577,ME,Computer Engineering,SY,4,A,Tuesday,11:15,12:15,Machine Learning,Prof. Faculty 198,CO-103
8578,ME,Computer Engineering,SY,4,A,Tuesday,12:15,01:15,Digital Electronics,Prof. Faculty 089,CO-144
8579,ME,Computer Engineering,SY,4,A,Tuesday,02:00,03:00,Surveying,Prof. Faculty 057,CO-196
8580,ME,Computer Engineering,SY,4,A,Tuesday,03:00,04:00,Surveying,Prof. Faculty 143,CO-290
8581,ME,Computer Engineering,SY,4,A,Wednesday,09:00,10:00,Thermodynamics,Prof. Faculty 180,CO-156
8582,ME,Computer Engineering,SY,4,A,Wednesday,10:00,11:00,Electrical Machines,Prof. Faculty 041,CO-146
8583,ME,Computer Engineering,SY,4,A,Wednesday,11:15,12:15,Software Engineering,Prof. Faculty 153,CO-199
8584,ME,Computer Engineering,SY,4,A,Wednesday,12:15,01:15,Cyber Security,Prof. Faculty 169,CO-316
8585,ME,Computer Engineering,SY,4,A,Wednesday,02:00,03:00,DBMS,Prof. Faculty 156,CO-191
8586,ME,Computer Engineering,SY,4,A,Wednesday,03:00,04:00,Thermodynamics,Prof. Faculty 185,CO-230
8587,ME,Computer Engineering,SY,4,A,Thursday,09:00,10:00,Electrical Machines,Prof. Faculty 020,CO-155
8588,ME,Computer Engineering,SY,4,A,Thursday,10:00,11:00,Cyber Security,Prof. Faculty 090,CO-305
8589,ME,Computer Engineering,SY,4,A,Thursday,11:15,12:15,Python Programming,Prof. Faculty 078,CO-107
8590,ME,Computer Engineering,SY,4,A,Thursday,12:15,01:15,Computer Networks,Prof. Faculty 039,CO-152
8591,ME,Computer Engineering,SY,4,A,Thursday,02:00,03:00,Machine Learning,Prof. Faculty 104,CO-299
8592,ME,Computer Engineering,SY,4,A,Thursday,03:00,04:00,Thermodynamics,Prof. Faculty 032,CO-261
8593,ME,Computer Engineering,SY,4,A,Friday,09:00,10:00,CAD/CAM,Prof. Faculty 165,CO-296
8594,ME,Computer Engineering,SY,4,A,Friday,10:00,11:00,Project Lab,Prof. Faculty 129,CO-150
8595,ME,Computer Engineering,SY,4,A,Friday,11:15,12:15,DBMS,Prof. Faculty 104,CO-137
8596,ME,Computer Engineering,SY,4,A,Friday,12:15,01:15,Data Structures,Prof. Faculty 171,CO-245
8597,ME,Computer Engineering,SY,4,A,Friday,02:00,03:00,Surveying,Prof. Faculty 207,CO-158
8598,ME,Computer Engineering,SY,4,A,Friday,03:00,04:00,Cloud Computing,Prof. Faculty 060,CO-135
8599,ME,Computer Engineering,SY,4,A,Saturday,09:00,10:00,DBMS,Prof. Faculty 145,CO-227
8600,ME,Computer Engineering,SY,4,A,Saturday,10:00,11:00,Machine Learning,Prof. Faculty 061,CO-272
8601,ME,Computer Engineering,SY,4,A,Saturday,11:15,12:15,Java Programming,Prof. Faculty 173,CO-264
8602,ME,Computer Engineering,SY,4,A,Saturday,12:15,01:15,AI Fundamentals,Prof. Faculty 178,CO-288
8603,ME,Computer Engineering,SY,4,A,Saturday,02:00,03:00,DBMS,Prof. Faculty 003,CO-103
8604,ME,Computer Engineering,SY,4,A,Saturday,03:00,04:00,Python Programming,Prof. Faculty 189,CO-292
8605,ME,Computer Engineering,SY,4,B,Monday,09:00,10:00,Digital Electronics,Prof. Faculty 184,CO-297
8606,ME,Computer Engineering,SY,4,B,Monday,10:00,11:00,Operating Systems,Prof. Faculty 012,CO-292
8607,ME,Computer Engineering,SY,4,B,Monday,11:15,12:15,Cyber Security,Prof. Faculty 148,CO-106
8608,ME,Computer Engineering,SY,4,B,Monday,12:15,01:15,Cloud Computing,Prof. Faculty 250,CO-275
8609,ME,Computer Engineering,SY,4,B,Monday,02:00,03:00,Data Structures,Prof. Faculty 188,CO-215
8610,ME,Computer Engineering,SY,4,B,Monday,03:00,04:00,Software Engineering,Prof. Faculty 179,CO-260
8611,ME,Computer Engineering,SY,4,B,Tuesday,09:00,10:00,Digital Electronics,Prof. Faculty 243,CO-260
8612,ME,Computer Engineering,SY,4,B,Tuesday,10:00,11:00,Thermodynamics,Prof. Faculty 094,CO-280
8613,ME,Computer Engineering,SY,4,B,Tuesday,11:15,12:15,Mathematics,Prof. Faculty 117,CO-289
8614,ME,Computer Engineering,SY,4,B,Tuesday,12:15,01:15,Software Engineering,Prof. Faculty 093,CO-278
8615,ME,Computer Engineering,SY,4,B,Tuesday,02:00,03:00,Web Development,Prof. Faculty 242,CO-168
8616,ME,Computer Engineering,SY,4,B,Tuesday,03:00,04:00,CAD/CAM,Prof. Faculty 114,CO-105
8617,ME,Computer Engineering,SY,4,B,Wednesday,09:00,10:00,Thermodynamics,Prof. Faculty 019,CO-314
8618,ME,Computer Engineering,SY,4,B,Wednesday,10:00,11:00,Digital Electronics,Prof. Faculty 078,CO-215
8619,ME,Computer Engineering,SY,4,B,Wednesday,11:15,12:15,Cloud Computing,Prof. Faculty 148,CO-109
8620,ME,Computer Engineering,SY,4,B,Wednesday,12:15,01:15,Cloud Computing,Prof. Faculty 030,CO-120
8621,ME,Computer Engineering,SY,4,B,Wednesday,02:00,03:00,Python Programming,Prof. Faculty 205,CO-320
8622,ME,Computer Engineering,SY,4,B,Wednesday,03:00,04:00,Computer Networks,Prof. Faculty 032,CO-132
8623,ME,Computer Engineering,SY,4,B,Thursday,09:00,10:00,Physics,Prof. Faculty 131,CO-306
8624,ME,Computer Engineering,SY,4,B,Thursday,10:00,11:00,Digital Electronics,Prof. Faculty 011,CO-187
8625,ME,Computer Engineering,SY,4,B,Thursday,11:15,12:15,Surveying,Prof. Faculty 089,CO-242
8626,ME,Computer Engineering,SY,4,B,Thursday,12:15,01:15,Python Programming,Prof. Faculty 153,CO-116
8627,ME,Computer Engineering,SY,4,B,Thursday,02:00,03:00,CAD/CAM,Prof. Faculty 033,CO-272
8628,ME,Computer Engineering,SY,4,B,Thursday,03:00,04:00,Electrical Machines,Prof. Faculty 149,CO-297
8629,ME,Computer Engineering,SY,4,B,Friday,09:00,10:00,CAD/CAM,Prof. Faculty 030,CO-222
8630,ME,Computer Engineering,SY,4,B,Friday,10:00,11:00,Cloud Computing,Prof. Faculty 080,CO-169
8631,ME,Computer Engineering,SY,4,B,Friday,11:15,12:15,Web Development,Prof. Faculty 066,CO-114
8632,ME,Computer Engineering,SY,4,B,Friday,12:15,01:15,Surveying,Prof. Faculty 199,CO-168
8633,ME,Computer Engineering,SY,4,B,Friday,02:00,03:00,Java Programming,Prof. Faculty 113,CO-140
8634,ME,Computer Engineering,SY,4,B,Friday,03:00,04:00,Web Development,Prof. Faculty 226,CO-299
8635,ME,Computer Engineering,SY,4,B,Saturday,09:00,10:00,Operating Systems,Prof. Faculty 168,CO-103
8636,ME,Computer Engineering,SY,4,B,Saturday,10:00,11:00,CAD/CAM,Prof. Faculty 052,CO-117
8637,ME,Computer Engineering,SY,4,B,Saturday,11:15,12:15,AI Fundamentals,Prof. Faculty 193,CO-198
8638,ME,Computer Engineering,SY,4,B,Saturday,12:15,01:15,Cloud Computing,Prof. Faculty 194,CO-162
8639,ME,Computer Engineering,SY,4,B,Saturday,02:00,03:00,Project Lab,Prof. Faculty 063,CO-201
8640,ME,Computer Engineering,SY,4,B,Saturday,03:00,04:00,CAD/CAM,Prof. Faculty 226,CO-126
8641,ME,Civil Engineering,FY,1,A,Monday,09:00,10:00,Physics,Prof. Faculty 201,CI-135
8642,ME,Civil Engineering,FY,1,A,Monday,10:00,11:00,CAD/CAM,Prof. Faculty 154,CI-184
8643,ME,Civil Engineering,FY,1,A,Monday,11:15,12:15,Electrical Machines,Prof. Faculty 083,CI-136
8644,ME,Civil Engineering,FY,1,A,Monday,12:15,01:15,Cloud Computing,Prof. Faculty 013,CI-252
8645,ME,Civil Engineering,FY,1,A,Monday,02:00,03:00,Thermodynamics,Prof. Faculty 124,CI-237
8646,ME,Civil Engineering,FY,1,A,Monday,03:00,04:00,AI Fundamentals,Prof. Faculty 167,CI-311
8647,ME,Civil Engineering,FY,1,A,Tuesday,09:00,10:00,Python Programming,Prof. Faculty 028,CI-231
8648,ME,Civil Engineering,FY,1,A,Tuesday,10:00,11:00,Software Engineering,Prof. Faculty 057,CI-110
8649,ME,Civil Engineering,FY,1,A,Tuesday,11:15,12:15,Cloud Computing,Prof. Faculty 095,CI-196
8650,ME,Civil Engineering,FY,1,A,Tuesday,12:15,01:15,Thermodynamics,Prof. Faculty 210,CI-236
8651,ME,Civil Engineering,FY,1,A,Tuesday,02:00,03:00,Data Structures,Prof. Faculty 223,CI-317
8652,ME,Civil Engineering,FY,1,A,Tuesday,03:00,04:00,CAD/CAM,Prof. Faculty 094,CI-143
8653,ME,Civil Engineering,FY,1,A,Wednesday,09:00,10:00,Digital Electronics,Prof. Faculty 138,CI-124
8654,ME,Civil Engineering,FY,1,A,Wednesday,10:00,11:00,Physics,Prof. Faculty 178,CI-129
8655,ME,Civil Engineering,FY,1,A,Wednesday,11:15,12:15,Software Engineering,Prof. Faculty 098,CI-209
8656,ME,Civil Engineering,FY,1,A,Wednesday,12:15,01:15,Java Programming,Prof. Faculty 202,CI-143
8657,ME,Civil Engineering,FY,1,A,Wednesday,02:00,03:00,Digital Electronics,Prof. Faculty 030,CI-265
8658,ME,Civil Engineering,FY,1,A,Wednesday,03:00,04:00,Java Programming,Prof. Faculty 157,CI-165
8659,ME,Civil Engineering,FY,1,A,Thursday,09:00,10:00,Computer Networks,Prof. Faculty 104,CI-172
8660,ME,Civil Engineering,FY,1,A,Thursday,10:00,11:00,Electrical Machines,Prof. Faculty 109,CI-305
8661,ME,Civil Engineering,FY,1,A,Thursday,11:15,12:15,DBMS,Prof. Faculty 111,CI-118
8662,ME,Civil Engineering,FY,1,A,Thursday,12:15,01:15,Physics,Prof. Faculty 118,CI-115
8663,ME,Civil Engineering,FY,1,A,Thursday,02:00,03:00,AI Fundamentals,Prof. Faculty 175,CI-163
8664,ME,Civil Engineering,FY,1,A,Thursday,03:00,04:00,Digital Electronics,Prof. Faculty 172,CI-274
8665,ME,Civil Engineering,FY,1,A,Friday,09:00,10:00,Project Lab,Prof. Faculty 111,CI-302
8666,ME,Civil Engineering,FY,1,A,Friday,10:00,11:00,Electrical Machines,Prof. Faculty 155,CI-313
8667,ME,Civil Engineering,FY,1,A,Friday,11:15,12:15,Digital Electronics,Prof. Faculty 079,CI-305
8668,ME,Civil Engineering,FY,1,A,Friday,12:15,01:15,Digital Electronics,Prof. Faculty 029,CI-132
8669,ME,Civil Engineering,FY,1,A,Friday,02:00,03:00,Python Programming,Prof. Faculty 121,CI-285
8670,ME,Civil Engineering,FY,1,A,Friday,03:00,04:00,Computer Networks,Prof. Faculty 177,CI-243
8671,ME,Civil Engineering,FY,1,A,Saturday,09:00,10:00,Cloud Computing,Prof. Faculty 082,CI-254
8672,ME,Civil Engineering,FY,1,A,Saturday,10:00,11:00,Surveying,Prof. Faculty 067,CI-286
8673,ME,Civil Engineering,FY,1,A,Saturday,11:15,12:15,Cyber Security,Prof. Faculty 166,CI-113
8674,ME,Civil Engineering,FY,1,A,Saturday,12:15,01:15,DBMS,Prof. Faculty 154,CI-235
8675,ME,Civil Engineering,FY,1,A,Saturday,02:00,03:00,Project Lab,Prof. Faculty 046,CI-142
8676,ME,Civil Engineering,FY,1,A,Saturday,03:00,04:00,Cloud Computing,Prof. Faculty 053,CI-275
8677,ME,Civil Engineering,FY,1,B,Monday,09:00,10:00,Python Programming,Prof. Faculty 107,CI-263
8678,ME,Civil Engineering,FY,1,B,Monday,10:00,11:00,Software Engineering,Prof. Faculty 097,CI-114
8679,ME,Civil Engineering,FY,1,B,Monday,11:15,12:15,Operating Systems,Prof. Faculty 014,CI-119
8680,ME,Civil Engineering,FY,1,B,Monday,12:15,01:15,Web Development,Prof. Faculty 018,CI-243
8681,ME,Civil Engineering,FY,1,B,Monday,02:00,03:00,Project Lab,Prof. Faculty 213,CI-160
8682,ME,Civil Engineering,FY,1,B,Monday,03:00,04:00,Cloud Computing,Prof. Faculty 089,CI-175
8683,ME,Civil Engineering,FY,1,B,Tuesday,09:00,10:00,Electrical Machines,Prof. Faculty 008,CI-200
8684,ME,Civil Engineering,FY,1,B,Tuesday,10:00,11:00,CAD/CAM,Prof. Faculty 047,CI-175
8685,ME,Civil Engineering,FY,1,B,Tuesday,11:15,12:15,AI Fundamentals,Prof. Faculty 116,CI-283
8686,ME,Civil Engineering,FY,1,B,Tuesday,12:15,01:15,Electrical Machines,Prof. Faculty 118,CI-266
8687,ME,Civil Engineering,FY,1,B,Tuesday,02:00,03:00,Surveying,Prof. Faculty 151,CI-140
8688,ME,Civil Engineering,FY,1,B,Tuesday,03:00,04:00,Electrical Machines,Prof. Faculty 170,CI-187
8689,ME,Civil Engineering,FY,1,B,Wednesday,09:00,10:00,Machine Learning,Prof. Faculty 134,CI-178
8690,ME,Civil Engineering,FY,1,B,Wednesday,10:00,11:00,AI Fundamentals,Prof. Faculty 206,CI-222
8691,ME,Civil Engineering,FY,1,B,Wednesday,11:15,12:15,DBMS,Prof. Faculty 101,CI-168
8692,ME,Civil Engineering,FY,1,B,Wednesday,12:15,01:15,Operating Systems,Prof. Faculty 185,CI-262
8693,ME,Civil Engineering,FY,1,B,Wednesday,02:00,03:00,Thermodynamics,Prof. Faculty 191,CI-250
8694,ME,Civil Engineering,FY,1,B,Wednesday,03:00,04:00,DBMS,Prof. Faculty 029,CI-130
8695,ME,Civil Engineering,FY,1,B,Thursday,09:00,10:00,DBMS,Prof. Faculty 197,CI-231
8696,ME,Civil Engineering,FY,1,B,Thursday,10:00,11:00,AI Fundamentals,Prof. Faculty 151,CI-305
8697,ME,Civil Engineering,FY,1,B,Thursday,11:15,12:15,DBMS,Prof. Faculty 079,CI-171
8698,ME,Civil Engineering,FY,1,B,Thursday,12:15,01:15,Data Structures,Prof. Faculty 239,CI-319
8699,ME,Civil Engineering,FY,1,B,Thursday,02:00,03:00,Project Lab,Prof. Faculty 052,CI-212
8700,ME,Civil Engineering,FY,1,B,Thursday,03:00,04:00,Digital Electronics,Prof. Faculty 045,CI-119
8701,ME,Civil Engineering,FY,1,B,Friday,09:00,10:00,Python Programming,Prof. Faculty 065,CI-206
8702,ME,Civil Engineering,FY,1,B,Friday,10:00,11:00,Python Programming,Prof. Faculty 240,CI-198
8703,ME,Civil Engineering,FY,1,B,Friday,11:15,12:15,AI Fundamentals,Prof. Faculty 142,CI-175
8704,ME,Civil Engineering,FY,1,B,Friday,12:15,01:15,Web Development,Prof. Faculty 204,CI-308
8705,ME,Civil Engineering,FY,1,B,Friday,02:00,03:00,Web Development,Prof. Faculty 227,CI-119
8706,ME,Civil Engineering,FY,1,B,Friday,03:00,04:00,Physics,Prof. Faculty 132,CI-104
8707,ME,Civil Engineering,FY,1,B,Saturday,09:00,10:00,Java Programming,Prof. Faculty 199,CI-207
8708,ME,Civil Engineering,FY,1,B,Saturday,10:00,11:00,Software Engineering,Prof. Faculty 027,CI-286
8709,ME,Civil Engineering,FY,1,B,Saturday,11:15,12:15,Software Engineering,Prof. Faculty 120,CI-102
8710,ME,Civil Engineering,FY,1,B,Saturday,12:15,01:15,Software Engineering,Prof. Faculty 149,CI-130
8711,ME,Civil Engineering,FY,1,B,Saturday,02:00,03:00,Thermodynamics,Prof. Faculty 097,CI-218
8712,ME,Civil Engineering,FY,1,B,Saturday,03:00,04:00,DBMS,Prof. Faculty 240,CI-180
8713,ME,Civil Engineering,FY,2,A,Monday,09:00,10:00,Java Programming,Prof. Faculty 025,CI-188
8714,ME,Civil Engineering,FY,2,A,Monday,10:00,11:00,Project Lab,Prof. Faculty 118,CI-282
8715,ME,Civil Engineering,FY,2,A,Monday,11:15,12:15,Java Programming,Prof. Faculty 115,CI-187
8716,ME,Civil Engineering,FY,2,A,Monday,12:15,01:15,Digital Electronics,Prof. Faculty 241,CI-247
8717,ME,Civil Engineering,FY,2,A,Monday,02:00,03:00,Surveying,Prof. Faculty 160,CI-255
8718,ME,Civil Engineering,FY,2,A,Monday,03:00,04:00,Project Lab,Prof. Faculty 045,CI-215
8719,ME,Civil Engineering,FY,2,A,Tuesday,09:00,10:00,Digital Electronics,Prof. Faculty 146,CI-301
8720,ME,Civil Engineering,FY,2,A,Tuesday,10:00,11:00,Machine Learning,Prof. Faculty 081,CI-220
8721,ME,Civil Engineering,FY,2,A,Tuesday,11:15,12:15,Thermodynamics,Prof. Faculty 066,CI-195
8722,ME,Civil Engineering,FY,2,A,Tuesday,12:15,01:15,Thermodynamics,Prof. Faculty 190,CI-167
8723,ME,Civil Engineering,FY,2,A,Tuesday,02:00,03:00,Thermodynamics,Prof. Faculty 225,CI-165
8724,ME,Civil Engineering,FY,2,A,Tuesday,03:00,04:00,Python Programming,Prof. Faculty 172,CI-122
8725,ME,Civil Engineering,FY,2,A,Wednesday,09:00,10:00,Thermodynamics,Prof. Faculty 077,CI-116
8726,ME,Civil Engineering,FY,2,A,Wednesday,10:00,11:00,Cyber Security,Prof. Faculty 120,CI-299
8727,ME,Civil Engineering,FY,2,A,Wednesday,11:15,12:15,Project Lab,Prof. Faculty 086,CI-293
8728,ME,Civil Engineering,FY,2,A,Wednesday,12:15,01:15,Mathematics,Prof. Faculty 104,CI-223
8729,ME,Civil Engineering,FY,2,A,Wednesday,02:00,03:00,Java Programming,Prof. Faculty 012,CI-233
8730,ME,Civil Engineering,FY,2,A,Wednesday,03:00,04:00,CAD/CAM,Prof. Faculty 048,CI-241
8731,ME,Civil Engineering,FY,2,A,Thursday,09:00,10:00,Physics,Prof. Faculty 241,CI-283
8732,ME,Civil Engineering,FY,2,A,Thursday,10:00,11:00,Surveying,Prof. Faculty 151,CI-169
8733,ME,Civil Engineering,FY,2,A,Thursday,11:15,12:15,Python Programming,Prof. Faculty 070,CI-134
8734,ME,Civil Engineering,FY,2,A,Thursday,12:15,01:15,Java Programming,Prof. Faculty 055,CI-149
8735,ME,Civil Engineering,FY,2,A,Thursday,02:00,03:00,Mathematics,Prof. Faculty 151,CI-118
8736,ME,Civil Engineering,FY,2,A,Thursday,03:00,04:00,DBMS,Prof. Faculty 014,CI-179
8737,ME,Civil Engineering,FY,2,A,Friday,09:00,10:00,Mathematics,Prof. Faculty 235,CI-248
8738,ME,Civil Engineering,FY,2,A,Friday,10:00,11:00,Java Programming,Prof. Faculty 136,CI-155
8739,ME,Civil Engineering,FY,2,A,Friday,11:15,12:15,Machine Learning,Prof. Faculty 005,CI-126
8740,ME,Civil Engineering,FY,2,A,Friday,12:15,01:15,Software Engineering,Prof. Faculty 207,CI-226
8741,ME,Civil Engineering,FY,2,A,Friday,02:00,03:00,Computer Networks,Prof. Faculty 083,CI-212
8742,ME,Civil Engineering,FY,2,A,Friday,03:00,04:00,Mathematics,Prof. Faculty 028,CI-150
8743,ME,Civil Engineering,FY,2,A,Saturday,09:00,10:00,Python Programming,Prof. Faculty 008,CI-297
8744,ME,Civil Engineering,FY,2,A,Saturday,10:00,11:00,Web Development,Prof. Faculty 230,CI-297
8745,ME,Civil Engineering,FY,2,A,Saturday,11:15,12:15,Project Lab,Prof. Faculty 212,CI-252
8746,ME,Civil Engineering,FY,2,A,Saturday,12:15,01:15,Mathematics,Prof. Faculty 150,CI-171
8747,ME,Civil Engineering,FY,2,A,Saturday,02:00,03:00,Surveying,Prof. Faculty 149,CI-320
8748,ME,Civil Engineering,FY,2,A,Saturday,03:00,04:00,Machine Learning,Prof. Faculty 249,CI-206
8749,ME,Civil Engineering,FY,2,B,Monday,09:00,10:00,Operating Systems,Prof. Faculty 077,CI-177
8750,ME,Civil Engineering,FY,2,B,Monday,10:00,11:00,Project Lab,Prof. Faculty 140,CI-142
8751,ME,Civil Engineering,FY,2,B,Monday,11:15,12:15,Data Structures,Prof. Faculty 149,CI-163
8752,ME,Civil Engineering,FY,2,B,Monday,12:15,01:15,AI Fundamentals,Prof. Faculty 067,CI-262
8753,ME,Civil Engineering,FY,2,B,Monday,02:00,03:00,Digital Electronics,Prof. Faculty 027,CI-244
8754,ME,Civil Engineering,FY,2,B,Monday,03:00,04:00,Python Programming,Prof. Faculty 074,CI-156
8755,ME,Civil Engineering,FY,2,B,Tuesday,09:00,10:00,Electrical Machines,Prof. Faculty 178,CI-269
8756,ME,Civil Engineering,FY,2,B,Tuesday,10:00,11:00,CAD/CAM,Prof. Faculty 168,CI-313
8757,ME,Civil Engineering,FY,2,B,Tuesday,11:15,12:15,Physics,Prof. Faculty 154,CI-125
8758,ME,Civil Engineering,FY,2,B,Tuesday,12:15,01:15,Cloud Computing,Prof. Faculty 211,CI-317
8759,ME,Civil Engineering,FY,2,B,Tuesday,02:00,03:00,Cyber Security,Prof. Faculty 125,CI-176
8760,ME,Civil Engineering,FY,2,B,Tuesday,03:00,04:00,Web Development,Prof. Faculty 201,CI-257
8761,ME,Civil Engineering,FY,2,B,Wednesday,09:00,10:00,AI Fundamentals,Prof. Faculty 144,CI-216
8762,ME,Civil Engineering,FY,2,B,Wednesday,10:00,11:00,Surveying,Prof. Faculty 065,CI-304
8763,ME,Civil Engineering,FY,2,B,Wednesday,11:15,12:15,Java Programming,Prof. Faculty 013,CI-242
8764,ME,Civil Engineering,FY,2,B,Wednesday,12:15,01:15,Java Programming,Prof. Faculty 235,CI-250
8765,ME,Civil Engineering,FY,2,B,Wednesday,02:00,03:00,Web Development,Prof. Faculty 005,CI-278
8766,ME,Civil Engineering,FY,2,B,Wednesday,03:00,04:00,Cyber Security,Prof. Faculty 107,CI-245
8767,ME,Civil Engineering,FY,2,B,Thursday,09:00,10:00,Data Structures,Prof. Faculty 152,CI-117
8768,ME,Civil Engineering,FY,2,B,Thursday,10:00,11:00,Java Programming,Prof. Faculty 101,CI-276
8769,ME,Civil Engineering,FY,2,B,Thursday,11:15,12:15,Project Lab,Prof. Faculty 169,CI-282
8770,ME,Civil Engineering,FY,2,B,Thursday,12:15,01:15,Python Programming,Prof. Faculty 228,CI-270
8771,ME,Civil Engineering,FY,2,B,Thursday,02:00,03:00,Surveying,Prof. Faculty 208,CI-142
8772,ME,Civil Engineering,FY,2,B,Thursday,03:00,04:00,CAD/CAM,Prof. Faculty 042,CI-112
8773,ME,Civil Engineering,FY,2,B,Friday,09:00,10:00,DBMS,Prof. Faculty 178,CI-226
8774,ME,Civil Engineering,FY,2,B,Friday,10:00,11:00,DBMS,Prof. Faculty 054,CI-152
8775,ME,Civil Engineering,FY,2,B,Friday,11:15,12:15,Software Engineering,Prof. Faculty 046,CI-163
8776,ME,Civil Engineering,FY,2,B,Friday,12:15,01:15,Physics,Prof. Faculty 076,CI-129
8777,ME,Civil Engineering,FY,2,B,Friday,02:00,03:00,Project Lab,Prof. Faculty 115,CI-224
8778,ME,Civil Engineering,FY,2,B,Friday,03:00,04:00,DBMS,Prof. Faculty 113,CI-243
8779,ME,Civil Engineering,FY,2,B,Saturday,09:00,10:00,Web Development,Prof. Faculty 015,CI-202
8780,ME,Civil Engineering,FY,2,B,Saturday,10:00,11:00,Electrical Machines,Prof. Faculty 117,CI-175
8781,ME,Civil Engineering,FY,2,B,Saturday,11:15,12:15,AI Fundamentals,Prof. Faculty 035,CI-205
8782,ME,Civil Engineering,FY,2,B,Saturday,12:15,01:15,Java Programming,Prof. Faculty 059,CI-225
8783,ME,Civil Engineering,FY,2,B,Saturday,02:00,03:00,Web Development,Prof. Faculty 094,CI-237
8784,ME,Civil Engineering,FY,2,B,Saturday,03:00,04:00,Thermodynamics,Prof. Faculty 130,CI-115
8785,ME,Civil Engineering,SY,3,A,Monday,09:00,10:00,DBMS,Prof. Faculty 144,CI-164
8786,ME,Civil Engineering,SY,3,A,Monday,10:00,11:00,AI Fundamentals,Prof. Faculty 218,CI-200
8787,ME,Civil Engineering,SY,3,A,Monday,11:15,12:15,Project Lab,Prof. Faculty 049,CI-291
8788,ME,Civil Engineering,SY,3,A,Monday,12:15,01:15,Surveying,Prof. Faculty 053,CI-169
8789,ME,Civil Engineering,SY,3,A,Monday,02:00,03:00,Computer Networks,Prof. Faculty 023,CI-226
8790,ME,Civil Engineering,SY,3,A,Monday,03:00,04:00,Project Lab,Prof. Faculty 122,CI-269
8791,ME,Civil Engineering,SY,3,A,Tuesday,09:00,10:00,Physics,Prof. Faculty 021,CI-315
8792,ME,Civil Engineering,SY,3,A,Tuesday,10:00,11:00,Web Development,Prof. Faculty 161,CI-239
8793,ME,Civil Engineering,SY,3,A,Tuesday,11:15,12:15,Mathematics,Prof. Faculty 009,CI-219
8794,ME,Civil Engineering,SY,3,A,Tuesday,12:15,01:15,Thermodynamics,Prof. Faculty 244,CI-252
8795,ME,Civil Engineering,SY,3,A,Tuesday,02:00,03:00,Computer Networks,Prof. Faculty 118,CI-235
8796,ME,Civil Engineering,SY,3,A,Tuesday,03:00,04:00,AI Fundamentals,Prof. Faculty 182,CI-290
8797,ME,Civil Engineering,SY,3,A,Wednesday,09:00,10:00,Data Structures,Prof. Faculty 141,CI-119
8798,ME,Civil Engineering,SY,3,A,Wednesday,10:00,11:00,Physics,Prof. Faculty 240,CI-261
8799,ME,Civil Engineering,SY,3,A,Wednesday,11:15,12:15,CAD/CAM,Prof. Faculty 226,CI-106
8800,ME,Civil Engineering,SY,3,A,Wednesday,12:15,01:15,Data Structures,Prof. Faculty 050,CI-222
8801,ME,Civil Engineering,SY,3,A,Wednesday,02:00,03:00,Computer Networks,Prof. Faculty 029,CI-170
8802,ME,Civil Engineering,SY,3,A,Wednesday,03:00,04:00,Mathematics,Prof. Faculty 068,CI-203
8803,ME,Civil Engineering,SY,3,A,Thursday,09:00,10:00,Digital Electronics,Prof. Faculty 180,CI-219
8804,ME,Civil Engineering,SY,3,A,Thursday,10:00,11:00,Software Engineering,Prof. Faculty 052,CI-286
8805,ME,Civil Engineering,SY,3,A,Thursday,11:15,12:15,Cloud Computing,Prof. Faculty 076,CI-168
8806,ME,Civil Engineering,SY,3,A,Thursday,12:15,01:15,Java Programming,Prof. Faculty 063,CI-156
8807,ME,Civil Engineering,SY,3,A,Thursday,02:00,03:00,AI Fundamentals,Prof. Faculty 145,CI-275
8808,ME,Civil Engineering,SY,3,A,Thursday,03:00,04:00,Surveying,Prof. Faculty 159,CI-121
8809,ME,Civil Engineering,SY,3,A,Friday,09:00,10:00,Physics,Prof. Faculty 003,CI-309
8810,ME,Civil Engineering,SY,3,A,Friday,10:00,11:00,DBMS,Prof. Faculty 130,CI-117
8811,ME,Civil Engineering,SY,3,A,Friday,11:15,12:15,Web Development,Prof. Faculty 209,CI-287
8812,ME,Civil Engineering,SY,3,A,Friday,12:15,01:15,Physics,Prof. Faculty 101,CI-182
8813,ME,Civil Engineering,SY,3,A,Friday,02:00,03:00,Software Engineering,Prof. Faculty 076,CI-180
8814,ME,Civil Engineering,SY,3,A,Friday,03:00,04:00,Thermodynamics,Prof. Faculty 202,CI-234
8815,ME,Civil Engineering,SY,3,A,Saturday,09:00,10:00,Cyber Security,Prof. Faculty 011,CI-227
8816,ME,Civil Engineering,SY,3,A,Saturday,10:00,11:00,Thermodynamics,Prof. Faculty 011,CI-194
8817,ME,Civil Engineering,SY,3,A,Saturday,11:15,12:15,Physics,Prof. Faculty 056,CI-176
8818,ME,Civil Engineering,SY,3,A,Saturday,12:15,01:15,Project Lab,Prof. Faculty 124,CI-300
8819,ME,Civil Engineering,SY,3,A,Saturday,02:00,03:00,Operating Systems,Prof. Faculty 114,CI-235
8820,ME,Civil Engineering,SY,3,A,Saturday,03:00,04:00,DBMS,Prof. Faculty 096,CI-178
8821,ME,Civil Engineering,SY,3,B,Monday,09:00,10:00,Java Programming,Prof. Faculty 085,CI-138
8822,ME,Civil Engineering,SY,3,B,Monday,10:00,11:00,AI Fundamentals,Prof. Faculty 243,CI-129
8823,ME,Civil Engineering,SY,3,B,Monday,11:15,12:15,AI Fundamentals,Prof. Faculty 050,CI-137
8824,ME,Civil Engineering,SY,3,B,Monday,12:15,01:15,Web Development,Prof. Faculty 139,CI-142
8825,ME,Civil Engineering,SY,3,B,Monday,02:00,03:00,Surveying,Prof. Faculty 235,CI-168
8826,ME,Civil Engineering,SY,3,B,Monday,03:00,04:00,Mathematics,Prof. Faculty 048,CI-241
8827,ME,Civil Engineering,SY,3,B,Tuesday,09:00,10:00,Machine Learning,Prof. Faculty 181,CI-292
8828,ME,Civil Engineering,SY,3,B,Tuesday,10:00,11:00,Computer Networks,Prof. Faculty 158,CI-238
8829,ME,Civil Engineering,SY,3,B,Tuesday,11:15,12:15,Digital Electronics,Prof. Faculty 090,CI-236
8830,ME,Civil Engineering,SY,3,B,Tuesday,12:15,01:15,Data Structures,Prof. Faculty 033,CI-261
8831,ME,Civil Engineering,SY,3,B,Tuesday,02:00,03:00,Operating Systems,Prof. Faculty 130,CI-192
8832,ME,Civil Engineering,SY,3,B,Tuesday,03:00,04:00,Thermodynamics,Prof. Faculty 170,CI-133
8833,ME,Civil Engineering,SY,3,B,Wednesday,09:00,10:00,Web Development,Prof. Faculty 176,CI-103
8834,ME,Civil Engineering,SY,3,B,Wednesday,10:00,11:00,Operating Systems,Prof. Faculty 013,CI-280
8835,ME,Civil Engineering,SY,3,B,Wednesday,11:15,12:15,Software Engineering,Prof. Faculty 005,CI-191
8836,ME,Civil Engineering,SY,3,B,Wednesday,12:15,01:15,Mathematics,Prof. Faculty 138,CI-174
8837,ME,Civil Engineering,SY,3,B,Wednesday,02:00,03:00,Python Programming,Prof. Faculty 066,CI-291
8838,ME,Civil Engineering,SY,3,B,Wednesday,03:00,04:00,Cloud Computing,Prof. Faculty 084,CI-281
8839,ME,Civil Engineering,SY,3,B,Thursday,09:00,10:00,Thermodynamics,Prof. Faculty 214,CI-235
8840,ME,Civil Engineering,SY,3,B,Thursday,10:00,11:00,Java Programming,Prof. Faculty 002,CI-264
8841,ME,Civil Engineering,SY,3,B,Thursday,11:15,12:15,Operating Systems,Prof. Faculty 218,CI-130
8842,ME,Civil Engineering,SY,3,B,Thursday,12:15,01:15,Physics,Prof. Faculty 015,CI-198
8843,ME,Civil Engineering,SY,3,B,Thursday,02:00,03:00,Java Programming,Prof. Faculty 182,CI-200
8844,ME,Civil Engineering,SY,3,B,Thursday,03:00,04:00,Software Engineering,Prof. Faculty 091,CI-141
8845,ME,Civil Engineering,SY,3,B,Friday,09:00,10:00,Surveying,Prof. Faculty 187,CI-275
8846,ME,Civil Engineering,SY,3,B,Friday,10:00,11:00,Computer Networks,Prof. Faculty 245,CI-249
8847,ME,Civil Engineering,SY,3,B,Friday,11:15,12:15,Cloud Computing,Prof. Faculty 155,CI-283
8848,ME,Civil Engineering,SY,3,B,Friday,12:15,01:15,Web Development,Prof. Faculty 060,CI-138
8849,ME,Civil Engineering,SY,3,B,Friday,02:00,03:00,Thermodynamics,Prof. Faculty 157,CI-282
8850,ME,Civil Engineering,SY,3,B,Friday,03:00,04:00,Software Engineering,Prof. Faculty 140,CI-255
8851,ME,Civil Engineering,SY,3,B,Saturday,09:00,10:00,CAD/CAM,Prof. Faculty 148,CI-238
8852,ME,Civil Engineering,SY,3,B,Saturday,10:00,11:00,Operating Systems,Prof. Faculty 152,CI-155
8853,ME,Civil Engineering,SY,3,B,Saturday,11:15,12:15,Electrical Machines,Prof. Faculty 179,CI-189
8854,ME,Civil Engineering,SY,3,B,Saturday,12:15,01:15,AI Fundamentals,Prof. Faculty 159,CI-138
8855,ME,Civil Engineering,SY,3,B,Saturday,02:00,03:00,Operating Systems,Prof. Faculty 197,CI-117
8856,ME,Civil Engineering,SY,3,B,Saturday,03:00,04:00,Cloud Computing,Prof. Faculty 175,CI-245
8857,ME,Civil Engineering,SY,4,A,Monday,09:00,10:00,Thermodynamics,Prof. Faculty 077,CI-145
8858,ME,Civil Engineering,SY,4,A,Monday,10:00,11:00,Mathematics,Prof. Faculty 103,CI-212
8859,ME,Civil Engineering,SY,4,A,Monday,11:15,12:15,Surveying,Prof. Faculty 018,CI-221
8860,ME,Civil Engineering,SY,4,A,Monday,12:15,01:15,CAD/CAM,Prof. Faculty 085,CI-192
8861,ME,Civil Engineering,SY,4,A,Monday,02:00,03:00,Operating Systems,Prof. Faculty 162,CI-193
8862,ME,Civil Engineering,SY,4,A,Monday,03:00,04:00,AI Fundamentals,Prof. Faculty 097,CI-113
8863,ME,Civil Engineering,SY,4,A,Tuesday,09:00,10:00,Digital Electronics,Prof. Faculty 080,CI-133
8864,ME,Civil Engineering,SY,4,A,Tuesday,10:00,11:00,Surveying,Prof. Faculty 169,CI-119
8865,ME,Civil Engineering,SY,4,A,Tuesday,11:15,12:15,Software Engineering,Prof. Faculty 135,CI-166
8866,ME,Civil Engineering,SY,4,A,Tuesday,12:15,01:15,Mathematics,Prof. Faculty 102,CI-146
8867,ME,Civil Engineering,SY,4,A,Tuesday,02:00,03:00,Cyber Security,Prof. Faculty 069,CI-199
8868,ME,Civil Engineering,SY,4,A,Tuesday,03:00,04:00,CAD/CAM,Prof. Faculty 150,CI-319
8869,ME,Civil Engineering,SY,4,A,Wednesday,09:00,10:00,Cloud Computing,Prof. Faculty 085,CI-294
8870,ME,Civil Engineering,SY,4,A,Wednesday,10:00,11:00,Project Lab,Prof. Faculty 145,CI-125
8871,ME,Civil Engineering,SY,4,A,Wednesday,11:15,12:15,Data Structures,Prof. Faculty 210,CI-154
8872,ME,Civil Engineering,SY,4,A,Wednesday,12:15,01:15,Mathematics,Prof. Faculty 071,CI-222
8873,ME,Civil Engineering,SY,4,A,Wednesday,02:00,03:00,Data Structures,Prof. Faculty 232,CI-291
8874,ME,Civil Engineering,SY,4,A,Wednesday,03:00,04:00,Project Lab,Prof. Faculty 135,CI-107
8875,ME,Civil Engineering,SY,4,A,Thursday,09:00,10:00,Thermodynamics,Prof. Faculty 014,CI-135
8876,ME,Civil Engineering,SY,4,A,Thursday,10:00,11:00,Python Programming,Prof. Faculty 070,CI-267
8877,ME,Civil Engineering,SY,4,A,Thursday,11:15,12:15,Machine Learning,Prof. Faculty 128,CI-132
8878,ME,Civil Engineering,SY,4,A,Thursday,12:15,01:15,DBMS,Prof. Faculty 131,CI-137
8879,ME,Civil Engineering,SY,4,A,Thursday,02:00,03:00,Thermodynamics,Prof. Faculty 208,CI-140
8880,ME,Civil Engineering,SY,4,A,Thursday,03:00,04:00,Thermodynamics,Prof. Faculty 159,CI-279
8881,ME,Civil Engineering,SY,4,A,Friday,09:00,10:00,Digital Electronics,Prof. Faculty 047,CI-219
8882,ME,Civil Engineering,SY,4,A,Friday,10:00,11:00,Surveying,Prof. Faculty 020,CI-263
8883,ME,Civil Engineering,SY,4,A,Friday,11:15,12:15,Project Lab,Prof. Faculty 236,CI-287
8884,ME,Civil Engineering,SY,4,A,Friday,12:15,01:15,Data Structures,Prof. Faculty 052,CI-294
8885,ME,Civil Engineering,SY,4,A,Friday,02:00,03:00,Software Engineering,Prof. Faculty 122,CI-250
8886,ME,Civil Engineering,SY,4,A,Friday,03:00,04:00,Data Structures,Prof. Faculty 241,CI-204
8887,ME,Civil Engineering,SY,4,A,Saturday,09:00,10:00,Thermodynamics,Prof. Faculty 044,CI-299
8888,ME,Civil Engineering,SY,4,A,Saturday,10:00,11:00,Data Structures,Prof. Faculty 132,CI-254
8889,ME,Civil Engineering,SY,4,A,Saturday,11:15,12:15,Cloud Computing,Prof. Faculty 234,CI-279
8890,ME,Civil Engineering,SY,4,A,Saturday,12:15,01:15,Data Structures,Prof. Faculty 089,CI-194
8891,ME,Civil Engineering,SY,4,A,Saturday,02:00,03:00,CAD/CAM,Prof. Faculty 101,CI-234
8892,ME,Civil Engineering,SY,4,A,Saturday,03:00,04:00,Project Lab,Prof. Faculty 008,CI-310
8893,ME,Civil Engineering,SY,4,B,Monday,09:00,10:00,Physics,Prof. Faculty 064,CI-320
8894,ME,Civil Engineering,SY,4,B,Monday,10:00,11:00,Software Engineering,Prof. Faculty 100,CI-264
8895,ME,Civil Engineering,SY,4,B,Monday,11:15,12:15,Cyber Security,Prof. Faculty 156,CI-239
8896,ME,Civil Engineering,SY,4,B,Monday,12:15,01:15,Project Lab,Prof. Faculty 059,CI-286
8897,ME,Civil Engineering,SY,4,B,Monday,02:00,03:00,DBMS,Prof. Faculty 009,CI-119
8898,ME,Civil Engineering,SY,4,B,Monday,03:00,04:00,Physics,Prof. Faculty 001,CI-160
8899,ME,Civil Engineering,SY,4,B,Tuesday,09:00,10:00,CAD/CAM,Prof. Faculty 156,CI-256
8900,ME,Civil Engineering,SY,4,B,Tuesday,10:00,11:00,Project Lab,Prof. Faculty 025,CI-255
8901,ME,Civil Engineering,SY,4,B,Tuesday,11:15,12:15,Python Programming,Prof. Faculty 242,CI-267
8902,ME,Civil Engineering,SY,4,B,Tuesday,12:15,01:15,Digital Electronics,Prof. Faculty 237,CI-155
8903,ME,Civil Engineering,SY,4,B,Tuesday,02:00,03:00,DBMS,Prof. Faculty 040,CI-112
8904,ME,Civil Engineering,SY,4,B,Tuesday,03:00,04:00,Data Structures,Prof. Faculty 135,CI-219
8905,ME,Civil Engineering,SY,4,B,Wednesday,09:00,10:00,Mathematics,Prof. Faculty 141,CI-320
8906,ME,Civil Engineering,SY,4,B,Wednesday,10:00,11:00,Cloud Computing,Prof. Faculty 118,CI-188
8907,ME,Civil Engineering,SY,4,B,Wednesday,11:15,12:15,Java Programming,Prof. Faculty 066,CI-316
8908,ME,Civil Engineering,SY,4,B,Wednesday,12:15,01:15,Computer Networks,Prof. Faculty 177,CI-305
8909,ME,Civil Engineering,SY,4,B,Wednesday,02:00,03:00,Data Structures,Prof. Faculty 007,CI-293
8910,ME,Civil Engineering,SY,4,B,Wednesday,03:00,04:00,Cyber Security,Prof. Faculty 170,CI-194
8911,ME,Civil Engineering,SY,4,B,Thursday,09:00,10:00,Electrical Machines,Prof. Faculty 246,CI-282
8912,ME,Civil Engineering,SY,4,B,Thursday,10:00,11:00,CAD/CAM,Prof. Faculty 156,CI-292
8913,ME,Civil Engineering,SY,4,B,Thursday,11:15,12:15,Mathematics,Prof. Faculty 097,CI-130
8914,ME,Civil Engineering,SY,4,B,Thursday,12:15,01:15,Software Engineering,Prof. Faculty 037,CI-163
8915,ME,Civil Engineering,SY,4,B,Thursday,02:00,03:00,DBMS,Prof. Faculty 079,CI-272
8916,ME,Civil Engineering,SY,4,B,Thursday,03:00,04:00,Surveying,Prof. Faculty 194,CI-118
8917,ME,Civil Engineering,SY,4,B,Friday,09:00,10:00,CAD/CAM,Prof. Faculty 026,CI-128
8918,ME,Civil Engineering,SY,4,B,Friday,10:00,11:00,Machine Learning,Prof. Faculty 153,CI-252
8919,ME,Civil Engineering,SY,4,B,Friday,11:15,12:15,AI Fundamentals,Prof. Faculty 174,CI-160
8920,ME,Civil Engineering,SY,4,B,Friday,12:15,01:15,DBMS,Prof. Faculty 053,CI-273
8921,ME,Civil Engineering,SY,4,B,Friday,02:00,03:00,Cloud Computing,Prof. Faculty 158,CI-319
8922,ME,Civil Engineering,SY,4,B,Friday,03:00,04:00,Electrical Machines,Prof. Faculty 003,CI-316
8923,ME,Civil Engineering,SY,4,B,Saturday,09:00,10:00,Data Structures,Prof. Faculty 098,CI-236
8924,ME,Civil Engineering,SY,4,B,Saturday,10:00,11:00,DBMS,Prof. Faculty 006,CI-313
8925,ME,Civil Engineering,SY,4,B,Saturday,11:15,12:15,Electrical Machines,Prof. Faculty 217,CI-177
8926,ME,Civil Engineering,SY,4,B,Saturday,12:15,01:15,Software Engineering,Prof. Faculty 080,CI-192
8927,ME,Civil Engineering,SY,4,B,Saturday,02:00,03:00,AI Fundamentals,Prof. Faculty 093,CI-128
8928,ME,Civil Engineering,SY,4,B,Saturday,03:00,04:00,Machine Learning,Prof. Faculty 055,CI-320
8929,ME,Mechanical Engineering,FY,1,A,Monday,09:00,10:00,Java Programming,Prof. Faculty 204,ME-307
8930,ME,Mechanical Engineering,FY,1,A,Monday,10:00,11:00,Machine Learning,Prof. Faculty 183,ME-108
8931,ME,Mechanical Engineering,FY,1,A,Monday,11:15,12:15,DBMS,Prof. Faculty 100,ME-254
8932,ME,Mechanical Engineering,FY,1,A,Monday,12:15,01:15,Thermodynamics,Prof. Faculty 166,ME-228
8933,ME,Mechanical Engineering,FY,1,A,Monday,02:00,03:00,Thermodynamics,Prof. Faculty 197,ME-286
8934,ME,Mechanical Engineering,FY,1,A,Monday,03:00,04:00,Machine Learning,Prof. Faculty 095,ME-133
8935,ME,Mechanical Engineering,FY,1,A,Tuesday,09:00,10:00,Thermodynamics,Prof. Faculty 175,ME-180
8936,ME,Mechanical Engineering,FY,1,A,Tuesday,10:00,11:00,Machine Learning,Prof. Faculty 234,ME-215
8937,ME,Mechanical Engineering,FY,1,A,Tuesday,11:15,12:15,Thermodynamics,Prof. Faculty 062,ME-264
8938,ME,Mechanical Engineering,FY,1,A,Tuesday,12:15,01:15,Java Programming,Prof. Faculty 018,ME-145
8939,ME,Mechanical Engineering,FY,1,A,Tuesday,02:00,03:00,Physics,Prof. Faculty 215,ME-289
8940,ME,Mechanical Engineering,FY,1,A,Tuesday,03:00,04:00,Web Development,Prof. Faculty 129,ME-117
8941,ME,Mechanical Engineering,FY,1,A,Wednesday,09:00,10:00,Computer Networks,Prof. Faculty 079,ME-276
8942,ME,Mechanical Engineering,FY,1,A,Wednesday,10:00,11:00,AI Fundamentals,Prof. Faculty 170,ME-234
8943,ME,Mechanical Engineering,FY,1,A,Wednesday,11:15,12:15,Electrical Machines,Prof. Faculty 156,ME-162
8944,ME,Mechanical Engineering,FY,1,A,Wednesday,12:15,01:15,Project Lab,Prof. Faculty 245,ME-149
8945,ME,Mechanical Engineering,FY,1,A,Wednesday,02:00,03:00,Project Lab,Prof. Faculty 022,ME-114
8946,ME,Mechanical Engineering,FY,1,A,Wednesday,03:00,04:00,Python Programming,Prof. Faculty 112,ME-269
8947,ME,Mechanical Engineering,FY,1,A,Thursday,09:00,10:00,Operating Systems,Prof. Faculty 026,ME-265
8948,ME,Mechanical Engineering,FY,1,A,Thursday,10:00,11:00,Cloud Computing,Prof. Faculty 121,ME-224
8949,ME,Mechanical Engineering,FY,1,A,Thursday,11:15,12:15,Machine Learning,Prof. Faculty 077,ME-216
8950,ME,Mechanical Engineering,FY,1,A,Thursday,12:15,01:15,AI Fundamentals,Prof. Faculty 164,ME-125
8951,ME,Mechanical Engineering,FY,1,A,Thursday,02:00,03:00,Electrical Machines,Prof. Faculty 156,ME-293
8952,ME,Mechanical Engineering,FY,1,A,Thursday,03:00,04:00,Project Lab,Prof. Faculty 248,ME-147
8953,ME,Mechanical Engineering,FY,1,A,Friday,09:00,10:00,Web Development,Prof. Faculty 217,ME-225
8954,ME,Mechanical Engineering,FY,1,A,Friday,10:00,11:00,Data Structures,Prof. Faculty 196,ME-116
8955,ME,Mechanical Engineering,FY,1,A,Friday,11:15,12:15,Mathematics,Prof. Faculty 224,ME-239
8956,ME,Mechanical Engineering,FY,1,A,Friday,12:15,01:15,DBMS,Prof. Faculty 173,ME-158
8957,ME,Mechanical Engineering,FY,1,A,Friday,02:00,03:00,Computer Networks,Prof. Faculty 090,ME-295
8958,ME,Mechanical Engineering,FY,1,A,Friday,03:00,04:00,AI Fundamentals,Prof. Faculty 145,ME-319
8959,ME,Mechanical Engineering,FY,1,A,Saturday,09:00,10:00,CAD/CAM,Prof. Faculty 229,ME-320
8960,ME,Mechanical Engineering,FY,1,A,Saturday,10:00,11:00,Machine Learning,Prof. Faculty 006,ME-279
8961,ME,Mechanical Engineering,FY,1,A,Saturday,11:15,12:15,Thermodynamics,Prof. Faculty 177,ME-181
8962,ME,Mechanical Engineering,FY,1,A,Saturday,12:15,01:15,Cyber Security,Prof. Faculty 084,ME-260
8963,ME,Mechanical Engineering,FY,1,A,Saturday,02:00,03:00,Electrical Machines,Prof. Faculty 111,ME-118
8964,ME,Mechanical Engineering,FY,1,A,Saturday,03:00,04:00,Project Lab,Prof. Faculty 186,ME-138
8965,ME,Mechanical Engineering,FY,1,B,Monday,09:00,10:00,Computer Networks,Prof. Faculty 129,ME-248
8966,ME,Mechanical Engineering,FY,1,B,Monday,10:00,11:00,Digital Electronics,Prof. Faculty 151,ME-171
8967,ME,Mechanical Engineering,FY,1,B,Monday,11:15,12:15,CAD/CAM,Prof. Faculty 198,ME-192
8968,ME,Mechanical Engineering,FY,1,B,Monday,12:15,01:15,Operating Systems,Prof. Faculty 044,ME-294
8969,ME,Mechanical Engineering,FY,1,B,Monday,02:00,03:00,AI Fundamentals,Prof. Faculty 135,ME-127
8970,ME,Mechanical Engineering,FY,1,B,Monday,03:00,04:00,Digital Electronics,Prof. Faculty 144,ME-148
8971,ME,Mechanical Engineering,FY,1,B,Tuesday,09:00,10:00,Digital Electronics,Prof. Faculty 159,ME-184
8972,ME,Mechanical Engineering,FY,1,B,Tuesday,10:00,11:00,Surveying,Prof. Faculty 048,ME-265
8973,ME,Mechanical Engineering,FY,1,B,Tuesday,11:15,12:15,Cyber Security,Prof. Faculty 178,ME-195
8974,ME,Mechanical Engineering,FY,1,B,Tuesday,12:15,01:15,Machine Learning,Prof. Faculty 236,ME-147
8975,ME,Mechanical Engineering,FY,1,B,Tuesday,02:00,03:00,Project Lab,Prof. Faculty 095,ME-164
8976,ME,Mechanical Engineering,FY,1,B,Tuesday,03:00,04:00,Cloud Computing,Prof. Faculty 113,ME-194
8977,ME,Mechanical Engineering,FY,1,B,Wednesday,09:00,10:00,Mathematics,Prof. Faculty 133,ME-133
8978,ME,Mechanical Engineering,FY,1,B,Wednesday,10:00,11:00,Machine Learning,Prof. Faculty 008,ME-238
8979,ME,Mechanical Engineering,FY,1,B,Wednesday,11:15,12:15,Thermodynamics,Prof. Faculty 209,ME-317
8980,ME,Mechanical Engineering,FY,1,B,Wednesday,12:15,01:15,Computer Networks,Prof. Faculty 051,ME-163
8981,ME,Mechanical Engineering,FY,1,B,Wednesday,02:00,03:00,Electrical Machines,Prof. Faculty 241,ME-231
8982,ME,Mechanical Engineering,FY,1,B,Wednesday,03:00,04:00,CAD/CAM,Prof. Faculty 235,ME-260
8983,ME,Mechanical Engineering,FY,1,B,Thursday,09:00,10:00,Web Development,Prof. Faculty 112,ME-198
8984,ME,Mechanical Engineering,FY,1,B,Thursday,10:00,11:00,DBMS,Prof. Faculty 161,ME-120
8985,ME,Mechanical Engineering,FY,1,B,Thursday,11:15,12:15,Machine Learning,Prof. Faculty 126,ME-174
8986,ME,Mechanical Engineering,FY,1,B,Thursday,12:15,01:15,Software Engineering,Prof. Faculty 047,ME-168
8987,ME,Mechanical Engineering,FY,1,B,Thursday,02:00,03:00,Software Engineering,Prof. Faculty 087,ME-253
8988,ME,Mechanical Engineering,FY,1,B,Thursday,03:00,04:00,Cloud Computing,Prof. Faculty 231,ME-127
8989,ME,Mechanical Engineering,FY,1,B,Friday,09:00,10:00,Machine Learning,Prof. Faculty 046,ME-142
8990,ME,Mechanical Engineering,FY,1,B,Friday,10:00,11:00,Mathematics,Prof. Faculty 135,ME-222
8991,ME,Mechanical Engineering,FY,1,B,Friday,11:15,12:15,Project Lab,Prof. Faculty 027,ME-254
8992,ME,Mechanical Engineering,FY,1,B,Friday,12:15,01:15,Electrical Machines,Prof. Faculty 162,ME-297
8993,ME,Mechanical Engineering,FY,1,B,Friday,02:00,03:00,Python Programming,Prof. Faculty 141,ME-216
8994,ME,Mechanical Engineering,FY,1,B,Friday,03:00,04:00,Surveying,Prof. Faculty 244,ME-135
8995,ME,Mechanical Engineering,FY,1,B,Saturday,09:00,10:00,Cloud Computing,Prof. Faculty 073,ME-139
8996,ME,Mechanical Engineering,FY,1,B,Saturday,10:00,11:00,Software Engineering,Prof. Faculty 052,ME-194
8997,ME,Mechanical Engineering,FY,1,B,Saturday,11:15,12:15,Project Lab,Prof. Faculty 110,ME-145
8998,ME,Mechanical Engineering,FY,1,B,Saturday,12:15,01:15,Surveying,Prof. Faculty 043,ME-198
8999,ME,Mechanical Engineering,FY,1,B,Saturday,02:00,03:00,Surveying,Prof. Faculty 110,ME-229
9000,ME,Mechanical Engineering,FY,1,B,Saturday,03:00,04:00,Project Lab,Prof. Faculty 099,ME-126
9001,ME,Mechanical Engineering,FY,2,A,Monday,09:00,10:00,Machine Learning,Prof. Faculty 046,ME-111
9002,ME,Mechanical Engineering,FY,2,A,Monday,10:00,11:00,Project Lab,Prof. Faculty 135,ME-156
9003,ME,Mechanical Engineering,FY,2,A,Monday,11:15,12:15,Data Structures,Prof. Faculty 087,ME-107
9004,ME,Mechanical Engineering,FY,2,A,Monday,12:15,01:15,AI Fundamentals,Prof. Faculty 156,ME-297
9005,ME,Mechanical Engineering,FY,2,A,Monday,02:00,03:00,CAD/CAM,Prof. Faculty 235,ME-168
9006,ME,Mechanical Engineering,FY,2,A,Monday,03:00,04:00,DBMS,Prof. Faculty 185,ME-308
9007,ME,Mechanical Engineering,FY,2,A,Tuesday,09:00,10:00,Cyber Security,Prof. Faculty 148,ME-309
9008,ME,Mechanical Engineering,FY,2,A,Tuesday,10:00,11:00,Surveying,Prof. Faculty 045,ME-313
9009,ME,Mechanical Engineering,FY,2,A,Tuesday,11:15,12:15,Computer Networks,Prof. Faculty 113,ME-182
9010,ME,Mechanical Engineering,FY,2,A,Tuesday,12:15,01:15,Digital Electronics,Prof. Faculty 041,ME-228
9011,ME,Mechanical Engineering,FY,2,A,Tuesday,02:00,03:00,AI Fundamentals,Prof. Faculty 145,ME-124
9012,ME,Mechanical Engineering,FY,2,A,Tuesday,03:00,04:00,Digital Electronics,Prof. Faculty 059,ME-244
9013,ME,Mechanical Engineering,FY,2,A,Wednesday,09:00,10:00,Operating Systems,Prof. Faculty 079,ME-228
9014,ME,Mechanical Engineering,FY,2,A,Wednesday,10:00,11:00,Data Structures,Prof. Faculty 053,ME-183
9015,ME,Mechanical Engineering,FY,2,A,Wednesday,11:15,12:15,Machine Learning,Prof. Faculty 042,ME-197
9016,ME,Mechanical Engineering,FY,2,A,Wednesday,12:15,01:15,AI Fundamentals,Prof. Faculty 048,ME-293
9017,ME,Mechanical Engineering,FY,2,A,Wednesday,02:00,03:00,Physics,Prof. Faculty 063,ME-173
9018,ME,Mechanical Engineering,FY,2,A,Wednesday,03:00,04:00,Operating Systems,Prof. Faculty 004,ME-173
9019,ME,Mechanical Engineering,FY,2,A,Thursday,09:00,10:00,Data Structures,Prof. Faculty 107,ME-320
9020,ME,Mechanical Engineering,FY,2,A,Thursday,10:00,11:00,Python Programming,Prof. Faculty 111,ME-266
9021,ME,Mechanical Engineering,FY,2,A,Thursday,11:15,12:15,AI Fundamentals,Prof. Faculty 073,ME-150
9022,ME,Mechanical Engineering,FY,2,A,Thursday,12:15,01:15,Thermodynamics,Prof. Faculty 151,ME-136
9023,ME,Mechanical Engineering,FY,2,A,Thursday,02:00,03:00,Operating Systems,Prof. Faculty 151,ME-181
9024,ME,Mechanical Engineering,FY,2,A,Thursday,03:00,04:00,Thermodynamics,Prof. Faculty 054,ME-290
9025,ME,Mechanical Engineering,FY,2,A,Friday,09:00,10:00,Python Programming,Prof. Faculty 137,ME-238
9026,ME,Mechanical Engineering,FY,2,A,Friday,10:00,11:00,Machine Learning,Prof. Faculty 160,ME-198
9027,ME,Mechanical Engineering,FY,2,A,Friday,11:15,12:15,Physics,Prof. Faculty 233,ME-146
9028,ME,Mechanical Engineering,FY,2,A,Friday,12:15,01:15,Physics,Prof. Faculty 237,ME-199
9029,ME,Mechanical Engineering,FY,2,A,Friday,02:00,03:00,Computer Networks,Prof. Faculty 162,ME-286
9030,ME,Mechanical Engineering,FY,2,A,Friday,03:00,04:00,Python Programming,Prof. Faculty 164,ME-226
9031,ME,Mechanical Engineering,FY,2,A,Saturday,09:00,10:00,Data Structures,Prof. Faculty 002,ME-111
9032,ME,Mechanical Engineering,FY,2,A,Saturday,10:00,11:00,Operating Systems,Prof. Faculty 248,ME-278
9033,ME,Mechanical Engineering,FY,2,A,Saturday,11:15,12:15,Data Structures,Prof. Faculty 233,ME-309
9034,ME,Mechanical Engineering,FY,2,A,Saturday,12:15,01:15,Operating Systems,Prof. Faculty 231,ME-201
9035,ME,Mechanical Engineering,FY,2,A,Saturday,02:00,03:00,Physics,Prof. Faculty 163,ME-316
9036,ME,Mechanical Engineering,FY,2,A,Saturday,03:00,04:00,Operating Systems,Prof. Faculty 075,ME-309
9037,ME,Mechanical Engineering,FY,2,B,Monday,09:00,10:00,Cloud Computing,Prof. Faculty 119,ME-248
9038,ME,Mechanical Engineering,FY,2,B,Monday,10:00,11:00,Web Development,Prof. Faculty 206,ME-209
9039,ME,Mechanical Engineering,FY,2,B,Monday,11:15,12:15,Computer Networks,Prof. Faculty 137,ME-160
9040,ME,Mechanical Engineering,FY,2,B,Monday,12:15,01:15,Cloud Computing,Prof. Faculty 051,ME-143
9041,ME,Mechanical Engineering,FY,2,B,Monday,02:00,03:00,CAD/CAM,Prof. Faculty 232,ME-147
9042,ME,Mechanical Engineering,FY,2,B,Monday,03:00,04:00,AI Fundamentals,Prof. Faculty 242,ME-268
9043,ME,Mechanical Engineering,FY,2,B,Tuesday,09:00,10:00,AI Fundamentals,Prof. Faculty 088,ME-127
9044,ME,Mechanical Engineering,FY,2,B,Tuesday,10:00,11:00,Python Programming,Prof. Faculty 096,ME-133
9045,ME,Mechanical Engineering,FY,2,B,Tuesday,11:15,12:15,Electrical Machines,Prof. Faculty 121,ME-198
9046,ME,Mechanical Engineering,FY,2,B,Tuesday,12:15,01:15,Surveying,Prof. Faculty 006,ME-162
9047,ME,Mechanical Engineering,FY,2,B,Tuesday,02:00,03:00,Python Programming,Prof. Faculty 247,ME-175
9048,ME,Mechanical Engineering,FY,2,B,Tuesday,03:00,04:00,Electrical Machines,Prof. Faculty 150,ME-163
9049,ME,Mechanical Engineering,FY,2,B,Wednesday,09:00,10:00,Cloud Computing,Prof. Faculty 169,ME-128
9050,ME,Mechanical Engineering,FY,2,B,Wednesday,10:00,11:00,Software Engineering,Prof. Faculty 217,ME-179
9051,ME,Mechanical Engineering,FY,2,B,Wednesday,11:15,12:15,AI Fundamentals,Prof. Faculty 044,ME-306
9052,ME,Mechanical Engineering,FY,2,B,Wednesday,12:15,01:15,AI Fundamentals,Prof. Faculty 173,ME-197
9053,ME,Mechanical Engineering,FY,2,B,Wednesday,02:00,03:00,AI Fundamentals,Prof. Faculty 202,ME-126
9054,ME,Mechanical Engineering,FY,2,B,Wednesday,03:00,04:00,Cyber Security,Prof. Faculty 036,ME-176
9055,ME,Mechanical Engineering,FY,2,B,Thursday,09:00,10:00,Digital Electronics,Prof. Faculty 180,ME-123
9056,ME,Mechanical Engineering,FY,2,B,Thursday,10:00,11:00,Computer Networks,Prof. Faculty 246,ME-128
9057,ME,Mechanical Engineering,FY,2,B,Thursday,11:15,12:15,Python Programming,Prof. Faculty 101,ME-266
9058,ME,Mechanical Engineering,FY,2,B,Thursday,12:15,01:15,Python Programming,Prof. Faculty 209,ME-195
9059,ME,Mechanical Engineering,FY,2,B,Thursday,02:00,03:00,Digital Electronics,Prof. Faculty 028,ME-134
9060,ME,Mechanical Engineering,FY,2,B,Thursday,03:00,04:00,Cloud Computing,Prof. Faculty 216,ME-204
9061,ME,Mechanical Engineering,FY,2,B,Friday,09:00,10:00,Data Structures,Prof. Faculty 208,ME-103
9062,ME,Mechanical Engineering,FY,2,B,Friday,10:00,11:00,Physics,Prof. Faculty 123,ME-120
9063,ME,Mechanical Engineering,FY,2,B,Friday,11:15,12:15,AI Fundamentals,Prof. Faculty 089,ME-103
9064,ME,Mechanical Engineering,FY,2,B,Friday,12:15,01:15,Web Development,Prof. Faculty 093,ME-228
9065,ME,Mechanical Engineering,FY,2,B,Friday,02:00,03:00,Web Development,Prof. Faculty 067,ME-156
9066,ME,Mechanical Engineering,FY,2,B,Friday,03:00,04:00,Python Programming,Prof. Faculty 117,ME-160
9067,ME,Mechanical Engineering,FY,2,B,Saturday,09:00,10:00,Cloud Computing,Prof. Faculty 205,ME-173
9068,ME,Mechanical Engineering,FY,2,B,Saturday,10:00,11:00,Operating Systems,Prof. Faculty 181,ME-117
9069,ME,Mechanical Engineering,FY,2,B,Saturday,11:15,12:15,Digital Electronics,Prof. Faculty 042,ME-279
9070,ME,Mechanical Engineering,FY,2,B,Saturday,12:15,01:15,Cyber Security,Prof. Faculty 217,ME-117
9071,ME,Mechanical Engineering,FY,2,B,Saturday,02:00,03:00,DBMS,Prof. Faculty 170,ME-117
9072,ME,Mechanical Engineering,FY,2,B,Saturday,03:00,04:00,Cyber Security,Prof. Faculty 243,ME-217
9073,ME,Mechanical Engineering,SY,3,A,Monday,09:00,10:00,Data Structures,Prof. Faculty 153,ME-179
9074,ME,Mechanical Engineering,SY,3,A,Monday,10:00,11:00,Digital Electronics,Prof. Faculty 173,ME-226
9075,ME,Mechanical Engineering,SY,3,A,Monday,11:15,12:15,Mathematics,Prof. Faculty 078,ME-190
9076,ME,Mechanical Engineering,SY,3,A,Monday,12:15,01:15,Thermodynamics,Prof. Faculty 022,ME-108
9077,ME,Mechanical Engineering,SY,3,A,Monday,02:00,03:00,AI Fundamentals,Prof. Faculty 137,ME-270
9078,ME,Mechanical Engineering,SY,3,A,Monday,03:00,04:00,Cyber Security,Prof. Faculty 083,ME-186
9079,ME,Mechanical Engineering,SY,3,A,Tuesday,09:00,10:00,Web Development,Prof. Faculty 220,ME-209
9080,ME,Mechanical Engineering,SY,3,A,Tuesday,10:00,11:00,DBMS,Prof. Faculty 038,ME-269
9081,ME,Mechanical Engineering,SY,3,A,Tuesday,11:15,12:15,AI Fundamentals,Prof. Faculty 224,ME-316
9082,ME,Mechanical Engineering,SY,3,A,Tuesday,12:15,01:15,Operating Systems,Prof. Faculty 178,ME-152
9083,ME,Mechanical Engineering,SY,3,A,Tuesday,02:00,03:00,Cyber Security,Prof. Faculty 149,ME-215
9084,ME,Mechanical Engineering,SY,3,A,Tuesday,03:00,04:00,Web Development,Prof. Faculty 044,ME-198
9085,ME,Mechanical Engineering,SY,3,A,Wednesday,09:00,10:00,Operating Systems,Prof. Faculty 019,ME-282
9086,ME,Mechanical Engineering,SY,3,A,Wednesday,10:00,11:00,Cyber Security,Prof. Faculty 031,ME-183
9087,ME,Mechanical Engineering,SY,3,A,Wednesday,11:15,12:15,Cloud Computing,Prof. Faculty 059,ME-253
9088,ME,Mechanical Engineering,SY,3,A,Wednesday,12:15,01:15,Python Programming,Prof. Faculty 222,ME-107
9089,ME,Mechanical Engineering,SY,3,A,Wednesday,02:00,03:00,Digital Electronics,Prof. Faculty 235,ME-146
9090,ME,Mechanical Engineering,SY,3,A,Wednesday,03:00,04:00,Operating Systems,Prof. Faculty 085,ME-293
9091,ME,Mechanical Engineering,SY,3,A,Thursday,09:00,10:00,Physics,Prof. Faculty 124,ME-102
9092,ME,Mechanical Engineering,SY,3,A,Thursday,10:00,11:00,Data Structures,Prof. Faculty 085,ME-135
9093,ME,Mechanical Engineering,SY,3,A,Thursday,11:15,12:15,Project Lab,Prof. Faculty 221,ME-142
9094,ME,Mechanical Engineering,SY,3,A,Thursday,12:15,01:15,Java Programming,Prof. Faculty 187,ME-277
9095,ME,Mechanical Engineering,SY,3,A,Thursday,02:00,03:00,Digital Electronics,Prof. Faculty 166,ME-146
9096,ME,Mechanical Engineering,SY,3,A,Thursday,03:00,04:00,AI Fundamentals,Prof. Faculty 035,ME-230
9097,ME,Mechanical Engineering,SY,3,A,Friday,09:00,10:00,DBMS,Prof. Faculty 032,ME-301
9098,ME,Mechanical Engineering,SY,3,A,Friday,10:00,11:00,Java Programming,Prof. Faculty 133,ME-192
9099,ME,Mechanical Engineering,SY,3,A,Friday,11:15,12:15,Computer Networks,Prof. Faculty 095,ME-207
9100,ME,Mechanical Engineering,SY,3,A,Friday,12:15,01:15,Thermodynamics,Prof. Faculty 240,ME-148
9101,ME,Mechanical Engineering,SY,3,A,Friday,02:00,03:00,Thermodynamics,Prof. Faculty 114,ME-128
9102,ME,Mechanical Engineering,SY,3,A,Friday,03:00,04:00,Cyber Security,Prof. Faculty 207,ME-269
9103,ME,Mechanical Engineering,SY,3,A,Saturday,09:00,10:00,Java Programming,Prof. Faculty 012,ME-163
9104,ME,Mechanical Engineering,SY,3,A,Saturday,10:00,11:00,CAD/CAM,Prof. Faculty 195,ME-242
9105,ME,Mechanical Engineering,SY,3,A,Saturday,11:15,12:15,DBMS,Prof. Faculty 010,ME-104
9106,ME,Mechanical Engineering,SY,3,A,Saturday,12:15,01:15,Computer Networks,Prof. Faculty 131,ME-211
9107,ME,Mechanical Engineering,SY,3,A,Saturday,02:00,03:00,Electrical Machines,Prof. Faculty 139,ME-172
9108,ME,Mechanical Engineering,SY,3,A,Saturday,03:00,04:00,Cyber Security,Prof. Faculty 064,ME-181
9109,ME,Mechanical Engineering,SY,3,B,Monday,09:00,10:00,Physics,Prof. Faculty 042,ME-199
9110,ME,Mechanical Engineering,SY,3,B,Monday,10:00,11:00,Electrical Machines,Prof. Faculty 244,ME-276
9111,ME,Mechanical Engineering,SY,3,B,Monday,11:15,12:15,Project Lab,Prof. Faculty 016,ME-237
9112,ME,Mechanical Engineering,SY,3,B,Monday,12:15,01:15,Machine Learning,Prof. Faculty 068,ME-246
9113,ME,Mechanical Engineering,SY,3,B,Monday,02:00,03:00,Python Programming,Prof. Faculty 225,ME-297
9114,ME,Mechanical Engineering,SY,3,B,Monday,03:00,04:00,Mathematics,Prof. Faculty 022,ME-240
9115,ME,Mechanical Engineering,SY,3,B,Tuesday,09:00,10:00,Data Structures,Prof. Faculty 018,ME-186
9116,ME,Mechanical Engineering,SY,3,B,Tuesday,10:00,11:00,Mathematics,Prof. Faculty 024,ME-206
9117,ME,Mechanical Engineering,SY,3,B,Tuesday,11:15,12:15,Cyber Security,Prof. Faculty 069,ME-306
9118,ME,Mechanical Engineering,SY,3,B,Tuesday,12:15,01:15,DBMS,Prof. Faculty 182,ME-127
9119,ME,Mechanical Engineering,SY,3,B,Tuesday,02:00,03:00,Python Programming,Prof. Faculty 179,ME-189
9120,ME,Mechanical Engineering,SY,3,B,Tuesday,03:00,04:00,DBMS,Prof. Faculty 080,ME-306
9121,ME,Mechanical Engineering,SY,3,B,Wednesday,09:00,10:00,Digital Electronics,Prof. Faculty 006,ME-115
9122,ME,Mechanical Engineering,SY,3,B,Wednesday,10:00,11:00,Web Development,Prof. Faculty 007,ME-143
9123,ME,Mechanical Engineering,SY,3,B,Wednesday,11:15,12:15,Python Programming,Prof. Faculty 075,ME-292
9124,ME,Mechanical Engineering,SY,3,B,Wednesday,12:15,01:15,Computer Networks,Prof. Faculty 175,ME-204
9125,ME,Mechanical Engineering,SY,3,B,Wednesday,02:00,03:00,Software Engineering,Prof. Faculty 058,ME-105
9126,ME,Mechanical Engineering,SY,3,B,Wednesday,03:00,04:00,Electrical Machines,Prof. Faculty 135,ME-268
9127,ME,Mechanical Engineering,SY,3,B,Thursday,09:00,10:00,Cloud Computing,Prof. Faculty 221,ME-226
9128,ME,Mechanical Engineering,SY,3,B,Thursday,10:00,11:00,DBMS,Prof. Faculty 141,ME-239
9129,ME,Mechanical Engineering,SY,3,B,Thursday,11:15,12:15,Software Engineering,Prof. Faculty 232,ME-114
9130,ME,Mechanical Engineering,SY,3,B,Thursday,12:15,01:15,Surveying,Prof. Faculty 243,ME-153
9131,ME,Mechanical Engineering,SY,3,B,Thursday,02:00,03:00,Software Engineering,Prof. Faculty 174,ME-110
9132,ME,Mechanical Engineering,SY,3,B,Thursday,03:00,04:00,Python Programming,Prof. Faculty 239,ME-305
9133,ME,Mechanical Engineering,SY,3,B,Friday,09:00,10:00,Operating Systems,Prof. Faculty 204,ME-153
9134,ME,Mechanical Engineering,SY,3,B,Friday,10:00,11:00,CAD/CAM,Prof. Faculty 149,ME-291
9135,ME,Mechanical Engineering,SY,3,B,Friday,11:15,12:15,Surveying,Prof. Faculty 091,ME-177
9136,ME,Mechanical Engineering,SY,3,B,Friday,12:15,01:15,Physics,Prof. Faculty 087,ME-133
9137,ME,Mechanical Engineering,SY,3,B,Friday,02:00,03:00,Project Lab,Prof. Faculty 094,ME-106
9138,ME,Mechanical Engineering,SY,3,B,Friday,03:00,04:00,Mathematics,Prof. Faculty 098,ME-200
9139,ME,Mechanical Engineering,SY,3,B,Saturday,09:00,10:00,AI Fundamentals,Prof. Faculty 049,ME-111
9140,ME,Mechanical Engineering,SY,3,B,Saturday,10:00,11:00,Digital Electronics,Prof. Faculty 012,ME-227
9141,ME,Mechanical Engineering,SY,3,B,Saturday,11:15,12:15,Mathematics,Prof. Faculty 101,ME-217
9142,ME,Mechanical Engineering,SY,3,B,Saturday,12:15,01:15,CAD/CAM,Prof. Faculty 039,ME-142
9143,ME,Mechanical Engineering,SY,3,B,Saturday,02:00,03:00,AI Fundamentals,Prof. Faculty 185,ME-113
9144,ME,Mechanical Engineering,SY,3,B,Saturday,03:00,04:00,Software Engineering,Prof. Faculty 095,ME-121
9145,ME,Mechanical Engineering,SY,4,A,Monday,09:00,10:00,Electrical Machines,Prof. Faculty 189,ME-103
9146,ME,Mechanical Engineering,SY,4,A,Monday,10:00,11:00,Physics,Prof. Faculty 034,ME-141
9147,ME,Mechanical Engineering,SY,4,A,Monday,11:15,12:15,DBMS,Prof. Faculty 185,ME-210
9148,ME,Mechanical Engineering,SY,4,A,Monday,12:15,01:15,Computer Networks,Prof. Faculty 141,ME-257
9149,ME,Mechanical Engineering,SY,4,A,Monday,02:00,03:00,Digital Electronics,Prof. Faculty 065,ME-256
9150,ME,Mechanical Engineering,SY,4,A,Monday,03:00,04:00,Electrical Machines,Prof. Faculty 199,ME-231
9151,ME,Mechanical Engineering,SY,4,A,Tuesday,09:00,10:00,Cloud Computing,Prof. Faculty 119,ME-304
9152,ME,Mechanical Engineering,SY,4,A,Tuesday,10:00,11:00,Web Development,Prof. Faculty 192,ME-172
9153,ME,Mechanical Engineering,SY,4,A,Tuesday,11:15,12:15,Java Programming,Prof. Faculty 160,ME-317
9154,ME,Mechanical Engineering,SY,4,A,Tuesday,12:15,01:15,Electrical Machines,Prof. Faculty 136,ME-301
9155,ME,Mechanical Engineering,SY,4,A,Tuesday,02:00,03:00,Cloud Computing,Prof. Faculty 205,ME-150
9156,ME,Mechanical Engineering,SY,4,A,Tuesday,03:00,04:00,CAD/CAM,Prof. Faculty 124,ME-134
9157,ME,Mechanical Engineering,SY,4,A,Wednesday,09:00,10:00,Electrical Machines,Prof. Faculty 080,ME-103
9158,ME,Mechanical Engineering,SY,4,A,Wednesday,10:00,11:00,Operating Systems,Prof. Faculty 149,ME-310
9159,ME,Mechanical Engineering,SY,4,A,Wednesday,11:15,12:15,Project Lab,Prof. Faculty 201,ME-181
9160,ME,Mechanical Engineering,SY,4,A,Wednesday,12:15,01:15,Cyber Security,Prof. Faculty 215,ME-165
9161,ME,Mechanical Engineering,SY,4,A,Wednesday,02:00,03:00,Software Engineering,Prof. Faculty 192,ME-141
9162,ME,Mechanical Engineering,SY,4,A,Wednesday,03:00,04:00,Computer Networks,Prof. Faculty 119,ME-110
9163,ME,Mechanical Engineering,SY,4,A,Thursday,09:00,10:00,Python Programming,Prof. Faculty 173,ME-225
9164,ME,Mechanical Engineering,SY,4,A,Thursday,10:00,11:00,Computer Networks,Prof. Faculty 082,ME-208
9165,ME,Mechanical Engineering,SY,4,A,Thursday,11:15,12:15,Surveying,Prof. Faculty 002,ME-230
9166,ME,Mechanical Engineering,SY,4,A,Thursday,12:15,01:15,DBMS,Prof. Faculty 039,ME-149
9167,ME,Mechanical Engineering,SY,4,A,Thursday,02:00,03:00,Data Structures,Prof. Faculty 137,ME-303
9168,ME,Mechanical Engineering,SY,4,A,Thursday,03:00,04:00,AI Fundamentals,Prof. Faculty 031,ME-106
9169,ME,Mechanical Engineering,SY,4,A,Friday,09:00,10:00,Data Structures,Prof. Faculty 003,ME-219
9170,ME,Mechanical Engineering,SY,4,A,Friday,10:00,11:00,Thermodynamics,Prof. Faculty 161,ME-152
9171,ME,Mechanical Engineering,SY,4,A,Friday,11:15,12:15,Project Lab,Prof. Faculty 113,ME-178
9172,ME,Mechanical Engineering,SY,4,A,Friday,12:15,01:15,Software Engineering,Prof. Faculty 080,ME-244
9173,ME,Mechanical Engineering,SY,4,A,Friday,02:00,03:00,Electrical Machines,Prof. Faculty 235,ME-174
9174,ME,Mechanical Engineering,SY,4,A,Friday,03:00,04:00,Thermodynamics,Prof. Faculty 017,ME-266
9175,ME,Mechanical Engineering,SY,4,A,Saturday,09:00,10:00,Cyber Security,Prof. Faculty 120,ME-311
9176,ME,Mechanical Engineering,SY,4,A,Saturday,10:00,11:00,DBMS,Prof. Faculty 198,ME-287
9177,ME,Mechanical Engineering,SY,4,A,Saturday,11:15,12:15,Web Development,Prof. Faculty 033,ME-270
9178,ME,Mechanical Engineering,SY,4,A,Saturday,12:15,01:15,Project Lab,Prof. Faculty 241,ME-167
9179,ME,Mechanical Engineering,SY,4,A,Saturday,02:00,03:00,AI Fundamentals,Prof. Faculty 112,ME-276
9180,ME,Mechanical Engineering,SY,4,A,Saturday,03:00,04:00,Digital Electronics,Prof. Faculty 157,ME-119
9181,ME,Mechanical Engineering,SY,4,B,Monday,09:00,10:00,Digital Electronics,Prof. Faculty 147,ME-179
9182,ME,Mechanical Engineering,SY,4,B,Monday,10:00,11:00,Electrical Machines,Prof. Faculty 018,ME-217
9183,ME,Mechanical Engineering,SY,4,B,Monday,11:15,12:15,Cloud Computing,Prof. Faculty 062,ME-155
9184,ME,Mechanical Engineering,SY,4,B,Monday,12:15,01:15,AI Fundamentals,Prof. Faculty 237,ME-258
9185,ME,Mechanical Engineering,SY,4,B,Monday,02:00,03:00,Python Programming,Prof. Faculty 073,ME-135
9186,ME,Mechanical Engineering,SY,4,B,Monday,03:00,04:00,Digital Electronics,Prof. Faculty 250,ME-188
9187,ME,Mechanical Engineering,SY,4,B,Tuesday,09:00,10:00,Thermodynamics,Prof. Faculty 021,ME-247
9188,ME,Mechanical Engineering,SY,4,B,Tuesday,10:00,11:00,Computer Networks,Prof. Faculty 082,ME-230
9189,ME,Mechanical Engineering,SY,4,B,Tuesday,11:15,12:15,Data Structures,Prof. Faculty 063,ME-190
9190,ME,Mechanical Engineering,SY,4,B,Tuesday,12:15,01:15,DBMS,Prof. Faculty 161,ME-269
9191,ME,Mechanical Engineering,SY,4,B,Tuesday,02:00,03:00,Machine Learning,Prof. Faculty 230,ME-242
9192,ME,Mechanical Engineering,SY,4,B,Tuesday,03:00,04:00,Cloud Computing,Prof. Faculty 109,ME-293
9193,ME,Mechanical Engineering,SY,4,B,Wednesday,09:00,10:00,CAD/CAM,Prof. Faculty 016,ME-261
9194,ME,Mechanical Engineering,SY,4,B,Wednesday,10:00,11:00,Web Development,Prof. Faculty 087,ME-243
9195,ME,Mechanical Engineering,SY,4,B,Wednesday,11:15,12:15,Thermodynamics,Prof. Faculty 070,ME-177
9196,ME,Mechanical Engineering,SY,4,B,Wednesday,12:15,01:15,Data Structures,Prof. Faculty 190,ME-168
9197,ME,Mechanical Engineering,SY,4,B,Wednesday,02:00,03:00,Cloud Computing,Prof. Faculty 245,ME-291
9198,ME,Mechanical Engineering,SY,4,B,Wednesday,03:00,04:00,Python Programming,Prof. Faculty 096,ME-146
9199,ME,Mechanical Engineering,SY,4,B,Thursday,09:00,10:00,DBMS,Prof. Faculty 055,ME-191
9200,ME,Mechanical Engineering,SY,4,B,Thursday,10:00,11:00,Software Engineering,Prof. Faculty 081,ME-320
9201,ME,Mechanical Engineering,SY,4,B,Thursday,11:15,12:15,Computer Networks,Prof. Faculty 195,ME-230
9202,ME,Mechanical Engineering,SY,4,B,Thursday,12:15,01:15,Digital Electronics,Prof. Faculty 233,ME-185
9203,ME,Mechanical Engineering,SY,4,B,Thursday,02:00,03:00,AI Fundamentals,Prof. Faculty 185,ME-130
9204,ME,Mechanical Engineering,SY,4,B,Thursday,03:00,04:00,Surveying,Prof. Faculty 214,ME-231
9205,ME,Mechanical Engineering,SY,4,B,Friday,09:00,10:00,Cloud Computing,Prof. Faculty 180,ME-167
9206,ME,Mechanical Engineering,SY,4,B,Friday,10:00,11:00,Web Development,Prof. Faculty 029,ME-271
9207,ME,Mechanical Engineering,SY,4,B,Friday,11:15,12:15,Web Development,Prof. Faculty 231,ME-290
9208,ME,Mechanical Engineering,SY,4,B,Friday,12:15,01:15,DBMS,Prof. Faculty 129,ME-211
9209,ME,Mechanical Engineering,SY,4,B,Friday,02:00,03:00,Java Programming,Prof. Faculty 210,ME-141
9210,ME,Mechanical Engineering,SY,4,B,Friday,03:00,04:00,CAD/CAM,Prof. Faculty 204,ME-117
9211,ME,Mechanical Engineering,SY,4,B,Saturday,09:00,10:00,Web Development,Prof. Faculty 048,ME-274
9212,ME,Mechanical Engineering,SY,4,B,Saturday,10:00,11:00,Machine Learning,Prof. Faculty 096,ME-318
9213,ME,Mechanical Engineering,SY,4,B,Saturday,11:15,12:15,Cloud Computing,Prof. Faculty 210,ME-318
9214,ME,Mechanical Engineering,SY,4,B,Saturday,12:15,01:15,Digital Electronics,Prof. Faculty 091,ME-127
9215,ME,Mechanical Engineering,SY,4,B,Saturday,02:00,03:00,AI Fundamentals,Prof. Faculty 096,ME-143
9216,ME,Mechanical Engineering,SY,4,B,Saturday,03:00,04:00,AI Fundamentals,Prof. Faculty 009,ME-291
