faq_id,category,question,answer,keywords
AC0001,Academics,What is the academic calendar?,"The academic calendar contains semester schedules, holidays, examinations and important academic dates.",academics
AC0002,Academics,How many semesters are there in a Diploma program?,A Diploma program is generally divided into six semesters over three years.,academics
AC0003,Academics,How many semesters are there in a BE program?,A BE program is generally divided into eight semesters over four years.,academics
AC0004,Academics,How do I access my timetable?,You can view your timetable through the student portal or ask the AI Assistant.,academics
AC0005,Academics,What subjects are offered this semester?,"Subjects depend on your program, department and semester.",academics
AC0006,Academics,Where can I find study materials?,"Assessment usually includes theory, practical work and internal evaluation where applicable.","academics,semester,study"
AC0007,Academics,What are elective subjects?,Please contact your HOD or faculty advisor for personalized academic guidance.,"academics,semester,study"
AC0008,Academics,How do practical sessions work?,Keep checking academic notices for updated schedules and announcements.,"academics,semester,study"
AC0009,Academics,What is internal assessment?,Please refer to your department's academic guidelines for the latest information.,"academics,semester,study"
AC0010,Academics,How many internal exams are conducted?,You can check the student portal or contact your department office.,"academics,semester,study"
AC0011,Academics,How do I improve my academic performance?,Academic rules may vary by program and semester.,"academics,semester,study"
AC0012,Academics,How do I contact my faculty?,Your faculty and department can guide you regarding academic requirements.,"academics,semester,study"
AC0013,Academics,Where can I find previous papers?,"The syllabus, timetable and notices are available through official college resources.","academics,semester,study"
AC0014,Academics,How are labs scheduled?,"Assessment usually includes theory, practical work and internal evaluation where applicable.","academics,semester,study"
AC0015,Academics,Can I change my elective?,Please contact your HOD or faculty advisor for personalized academic guidance.,"academics,semester,study"
AC0016,Academics,What happens if I fail a subject?,Keep checking academic notices for updated schedules and announcements.,"academics,semester,study"
AC0017,Academics,How do backlog subjects work?,Please refer to your department's academic guidelines for the latest information.,"academics,semester,study"
AC0018,Academics,When does the semester begin?,You can check the student portal or contact your department office.,"academics,semester,study"
AC0019,Academics,How do I know my classroom?,Academic rules may vary by program and semester.,"academics,semester,study"
AC0020,Academics,How are project subjects evaluated?,Your faculty and department can guide you regarding academic requirements.,"academics,semester,study"
AC0021,Academics,What are the passing marks?,"The syllabus, timetable and notices are available through official college resources.","academics,semester,study"
AC0022,Academics,Can I repeat a semester?,"Assessment usually includes theory, practical work and internal evaluation where applicable.","academics,semester,study"
AC0023,Academics,How are credits transferred?,Please contact your HOD or faculty advisor for personalized academic guidance.,"academics,semester,study"
AC0024,Academics,What is continuous assessment?,Keep checking academic notices for updated schedules and announcements.,"academics,semester,study"
AC0025,Academics,How can I prepare for practical exams?,Please refer to your department's academic guidelines for the latest information.,"academics,semester,study"
AC0026,Academics,What is the semester system?,You can check the student portal or contact your department office.,"academics,semester,study"
AC0027,Academics,How are credits calculated?,Academic rules may vary by program and semester.,"academics,semester,study"
AC0028,Academics,What is the attendance requirement?,Your faculty and department can guide you regarding academic requirements.,"academics,semester,study"
AC0029,Academics,How can I view my subjects?,"The syllabus, timetable and notices are available through official college resources.","academics,semester,study"
AC0030,Academics,How do I download the syllabus?,"Assessment usually includes theory, practical work and internal evaluation where applicable.","academics,semester,study"
AC0031,Academics,Where can I find study materials?,Please contact your HOD or faculty advisor for personalized academic guidance.,"academics,semester,study"
AC0032,Academics,What are elective subjects?,Keep checking academic notices for updated schedules and announcements.,"academics,semester,study"
AC0033,Academics,How do practical sessions work?,Please refer to your department's academic guidelines for the latest information.,"academics,semester,study"
AC0034,Academics,What is internal assessment?,You can check the student portal or contact your department office.,"academics,semester,study"
AC0035,Academics,How many internal exams are conducted?,Academic rules may vary by program and semester.,"academics,semester,study"
AC0036,Academics,How do I improve my academic performance?,Your faculty and department can guide you regarding academic requirements.,"academics,semester,study"
AC0037,Academics,How do I contact my faculty?,"The syllabus, timetable and notices are available through official college resources.","academics,semester,study"
AC0038,Academics,Where can I find previous papers?,"Assessment usually includes theory, practical work and internal evaluation where applicable.","academics,semester,study"
AC0039,Academics,How are labs scheduled?,Please contact your HOD or faculty advisor for personalized academic guidance.,"academics,semester,study"
AC0040,Academics,Can I change my elective?,Keep checking academic notices for updated schedules and announcements.,"academics,semester,study"
AC0041,Academics,What happens if I fail a subject?,Please refer to your department's academic guidelines for the latest information.,"academics,semester,study"
AC0042,Academics,How do backlog subjects work?,You can check the student portal or contact your department office.,"academics,semester,study"
AC0043,Academics,When does the semester begin?,Academic rules may vary by program and semester.,"academics,semester,study"
AC0044,Academics,How do I know my classroom?,Your faculty and department can guide you regarding academic requirements.,"academics,semester,study"
AC0045,Academics,How are project subjects evaluated?,"The syllabus, timetable and notices are available through official college resources.","academics,semester,study"
AC0046,Academics,What are the passing marks?,"Assessment usually includes theory, practical work and internal evaluation where applicable.","academics,semester,study"
AC0047,Academics,Can I repeat a semester?,Please contact your HOD or faculty advisor for personalized academic guidance.,"academics,semester,study"
AC0048,Academics,How are credits transferred?,Keep checking academic notices for updated schedules and announcements.,"academics,semester,study"
AC0049,Academics,What is continuous assessment?,Please refer to your department's academic guidelines for the latest information.,"academics,semester,study"
AC0050,Academics,How can I prepare for practical exams?,You can check the student portal or contact your department office.,"academics,semester,study"
AC0051,Academics,What is the semester system?,Academic rules may vary by program and semester.,"academics,semester,study"
AC0052,Academics,How are credits calculated?,Your faculty and department can guide you regarding academic requirements.,"academics,semester,study"
AC0053,Academics,What is the attendance requirement?,"The syllabus, timetable and notices are available through official college resources.","academics,semester,study"
AC0054,Academics,How can I view my subjects?,"Assessment usually includes theory, practical work and internal evaluation where applicable.","academics,semester,study"
AC0055,Academics,How do I download the syllabus?,Please contact your HOD or faculty advisor for personalized academic guidance.,"academics,semester,study"
AC0056,Academics,Where can I find study materials?,Keep checking academic notices for updated schedules and announcements.,"academics,semester,study"
AC0057,Academics,What are elective subjects?,Please refer to your department's academic guidelines for the latest information.,"academics,semester,study"
AC0058,Academics,How do practical sessions work?,You can check the student portal or contact your department office.,"academics,semester,study"
AC0059,Academics,What is internal assessment?,Academic rules may vary by program and semester.,"academics,semester,study"
AC0060,Academics,How many internal exams are conducted?,Your faculty and department can guide you regarding academic requirements.,"academics,semester,study"
AC0061,Academics,How do I improve my academic performance?,"The syllabus, timetable and notices are available through official college resources.","academics,semester,study"
AC0062,Academics,How do I contact my faculty?,"Assessment usually includes theory, practical work and internal evaluation where applicable.","academics,semester,study"
AC0063,Academics,Where can I find previous papers?,Please contact your HOD or faculty advisor for personalized academic guidance.,"academics,semester,study"
AC0064,Academics,How are labs scheduled?,Keep checking academic notices for updated schedules and announcements.,"academics,semester,study"
AC0065,Academics,Can I change my elective?,Please refer to your department's academic guidelines for the latest information.,"academics,semester,study"
AC0066,Academics,What happens if I fail a subject?,You can check the student portal or contact your department office.,"academics,semester,study"
AC0067,Academics,How do backlog subjects work?,Academic rules may vary by program and semester.,"academics,semester,study"
AC0068,Academics,When does the semester begin?,Your faculty and department can guide you regarding academic requirements.,"academics,semester,study"
AC0069,Academics,How do I know my classroom?,"The syllabus, timetable and notices are available through official college resources.","academics,semester,study"
AC0070,Academics,How are project subjects evaluated?,"Assessment usually includes theory, practical work and internal evaluation where applicable.","academics,semester,study"
AC0071,Academics,What are the passing marks?,Please contact your HOD or faculty advisor for personalized academic guidance.,"academics,semester,study"
AC0072,Academics,Can I repeat a semester?,Keep checking academic notices for updated schedules and announcements.,"academics,semester,study"
AC0073,Academics,How are credits transferred?,Please refer to your department's academic guidelines for the latest information.,"academics,semester,study"
AC0074,Academics,What is continuous assessment?,You can check the student portal or contact your department office.,"academics,semester,study"
AC0075,Academics,How can I prepare for practical exams?,Academic rules may vary by program and semester.,"academics,semester,study"
AC0076,Academics,What is the semester system?,Your faculty and department can guide you regarding academic requirements.,"academics,semester,study"
AC0077,Academics,How are credits calculated?,"The syllabus, timetable and notices are available through official college resources.","academics,semester,study"
AC0078,Academics,What is the attendance requirement?,"Assessment usually includes theory, practical work and internal evaluation where applicable.","academics,semester,study"
AC0079,Academics,How can I view my subjects?,Please contact your HOD or faculty advisor for personalized academic guidance.,"academics,semester,study"
AC0080,Academics,How do I download the syllabus?,Keep checking academic notices for updated schedules and announcements.,"academics,semester,study"
AC0081,Academics,Where can I find study materials?,Please refer to your department's academic guidelines for the latest information.,"academics,semester,study"
AC0082,Academics,What are elective subjects?,You can check the student portal or contact your department office.,"academics,semester,study"
AC0083,Academics,How do practical sessions work?,Academic rules may vary by program and semester.,"academics,semester,study"
AC0084,Academics,What is internal assessment?,Your faculty and department can guide you regarding academic requirements.,"academics,semester,study"
AC0085,Academics,How many internal exams are conducted?,"The syllabus, timetable and notices are available through official college resources.","academics,semester,study"
AC0086,Academics,How do I improve my academic performance?,"Assessment usually includes theory, practical work and internal evaluation where applicable.","academics,semester,study"
AC0087,Academics,How do I contact my faculty?,Please contact your HOD or faculty advisor for personalized academic guidance.,"academics,semester,study"
AC0088,Academics,Where can I find previous papers?,Keep checking academic notices for updated schedules and announcements.,"academics,semester,study"
AC0089,Academics,How are labs scheduled?,Please refer to your department's academic guidelines for the latest information.,"academics,semester,study"
AC0090,Academics,Can I change my elective?,You can check the student portal or contact your department office.,"academics,semester,study"
AC0091,Academics,What happens if I fail a subject?,Academic rules may vary by program and semester.,"academics,semester,study"
AC0092,Academics,How do backlog subjects work?,Your faculty and department can guide you regarding academic requirements.,"academics,semester,study"
AC0093,Academics,When does the semester begin?,"The syllabus, timetable and notices are available through official college resources.","academics,semester,study"
AC0094,Academics,How do I know my classroom?,"Assessment usually includes theory, practical work and internal evaluation where applicable.","academics,semester,study"
AC0095,Academics,How are project subjects evaluated?,Please contact your HOD or faculty advisor for personalized academic guidance.,"academics,semester,study"
AC0096,Academics,What are the passing marks?,Keep checking academic notices for updated schedules and announcements.,"academics,semester,study"
AC0097,Academics,Can I repeat a semester?,Please refer to your department's academic guidelines for the latest information.,"academics,semester,study"
AC0098,Academics,How are credits transferred?,You can check the student portal or contact your department office.,"academics,semester,study"
AC0099,Academics,What is continuous assessment?,Academic rules may vary by program and semester.,"academics,semester,study"
AC0100,Academics,How can I prepare for practical exams?,Your faculty and department can guide you regarding academic requirements.,"academics,semester,study"
AC0101,Academics,What is the semester system?,"The syllabus, timetable and notices are available through official college resources.","academics,semester,study"
AC0102,Academics,How are credits calculated?,"Assessment usually includes theory, practical work and internal evaluation where applicable.","academics,semester,study"
AC0103,Academics,What is the attendance requirement?,Please contact your HOD or faculty advisor for personalized academic guidance.,"academics,semester,study"
AC0104,Academics,How can I view my subjects?,Keep checking academic notices for updated schedules and announcements.,"academics,semester,study"
AC0105,Academics,How do I download the syllabus?,Please refer to your department's academic guidelines for the latest information.,"academics,semester,study"
AC0106,Academics,Where can I find study materials?,You can check the student portal or contact your department office.,"academics,semester,study"
AC0107,Academics,What are elective subjects?,Academic rules may vary by program and semester.,"academics,semester,study"
AC0108,Academics,How do practical sessions work?,Your faculty and department can guide you regarding academic requirements.,"academics,semester,study"
AC0109,Academics,What is internal assessment?,"The syllabus, timetable and notices are available through official college resources.","academics,semester,study"
AC0110,Academics,How many internal exams are conducted?,"Assessment usually includes theory, practical work and internal evaluation where applicable.","academics,semester,study"
AC0111,Academics,How do I improve my academic performance?,Please contact your HOD or faculty advisor for personalized academic guidance.,"academics,semester,study"
AC0112,Academics,How do I contact my faculty?,Keep checking academic notices for updated schedules and announcements.,"academics,semester,study"
AC0113,Academics,Where can I find previous papers?,Please refer to your department's academic guidelines for the latest information.,"academics,semester,study"
AC0114,Academics,How are labs scheduled?,You can check the student portal or contact your department office.,"academics,semester,study"
AC0115,Academics,Can I change my elective?,Academic rules may vary by program and semester.,"academics,semester,study"
AC0116,Academics,What happens if I fail a subject?,Your faculty and department can guide you regarding academic requirements.,"academics,semester,study"
AC0117,Academics,How do backlog subjects work?,"The syllabus, timetable and notices are available through official college resources.","academics,semester,study"
AC0118,Academics,When does the semester begin?,"Assessment usually includes theory, practical work and internal evaluation where applicable.","academics,semester,study"
AC0119,Academics,How do I know my classroom?,Please contact your HOD or faculty advisor for personalized academic guidance.,"academics,semester,study"
AC0120,Academics,How are project subjects evaluated?,Keep checking academic notices for updated schedules and announcements.,"academics,semester,study"
AC0121,Academics,What are the passing marks?,Please refer to your department's academic guidelines for the latest information.,"academics,semester,study"
AC0122,Academics,Can I repeat a semester?,You can check the student portal or contact your department office.,"academics,semester,study"
AC0123,Academics,How are credits transferred?,Academic rules may vary by program and semester.,"academics,semester,study"
AC0124,Academics,What is continuous assessment?,Your faculty and department can guide you regarding academic requirements.,"academics,semester,study"
AC0125,Academics,How can I prepare for practical exams?,"The syllabus, timetable and notices are available through official college resources.","academics,semester,study"
AC0126,Academics,What is the semester system?,"Assessment usually includes theory, practical work and internal evaluation where applicable.","academics,semester,study"
AC0127,Academics,How are credits calculated?,Please contact your HOD or faculty advisor for personalized academic guidance.,"academics,semester,study"
AC0128,Academics,What is the attendance requirement?,Keep checking academic notices for updated schedules and announcements.,"academics,semester,study"
AC0129,Academics,How can I view my subjects?,Please refer to your department's academic guidelines for the latest information.,"academics,semester,study"
AC0130,Academics,How do I download the syllabus?,You can check the student portal or contact your department office.,"academics,semester,study"
AC0131,Academics,Where can I find study materials?,Academic rules may vary by program and semester.,"academics,semester,study"
AC0132,Academics,What are elective subjects?,Your faculty and department can guide you regarding academic requirements.,"academics,semester,study"
AC0133,Academics,How do practical sessions work?,"The syllabus, timetable and notices are available through official college resources.","academics,semester,study"
AC0134,Academics,What is internal assessment?,"Assessment usually includes theory, practical work and internal evaluation where applicable.","academics,semester,study"
AC0135,Academics,How many internal exams are conducted?,Please contact your HOD or faculty advisor for personalized academic guidance.,"academics,semester,study"
AC0136,Academics,How do I improve my academic performance?,Keep checking academic notices for updated schedules and announcements.,"academics,semester,study"
AC0137,Academics,How do I contact my faculty?,Please refer to your department's academic guidelines for the latest information.,"academics,semester,study"
AC0138,Academics,Where can I find previous papers?,You can check the student portal or contact your department office.,"academics,semester,study"
AC0139,Academics,How are labs scheduled?,Academic rules may vary by program and semester.,"academics,semester,study"
AC0140,Academics,Can I change my elective?,Your faculty and department can guide you regarding academic requirements.,"academics,semester,study"
AC0141,Academics,What happens if I fail a subject?,"The syllabus, timetable and notices are available through official college resources.","academics,semester,study"
AC0142,Academics,How do backlog subjects work?,"Assessment usually includes theory, practical work and internal evaluation where applicable.","academics,semester,study"
AC0143,Academics,When does the semester begin?,Please contact your HOD or faculty advisor for personalized academic guidance.,"academics,semester,study"
AC0144,Academics,How do I know my classroom?,Keep checking academic notices for updated schedules and announcements.,"academics,semester,study"
AC0145,Academics,How are project subjects evaluated?,Please refer to your department's academic guidelines for the latest information.,"academics,semester,study"
AC0146,Academics,What are the passing marks?,You can check the student portal or contact your department office.,"academics,semester,study"
AC0147,Academics,Can I repeat a semester?,Academic rules may vary by program and semester.,"academics,semester,study"
AC0148,Academics,How are credits transferred?,Your faculty and department can guide you regarding academic requirements.,"academics,semester,study"
AC0149,Academics,What is continuous assessment?,"The syllabus, timetable and notices are available through official college resources.","academics,semester,study"
AC0150,Academics,How can I prepare for practical exams?,"Assessment usually includes theory, practical work and internal evaluation where applicable.","academics,semester,study"
AC0151,Academics,What is the semester system?,Please contact your HOD or faculty advisor for personalized academic guidance.,"academics,semester,study"
AC0152,Academics,How are credits calculated?,Keep checking academic notices for updated schedules and announcements.,"academics,semester,study"
AC0153,Academics,What is the attendance requirement?,Please refer to your department's academic guidelines for the latest information.,"academics,semester,study"
AC0154,Academics,How can I view my subjects?,You can check the student portal or contact your department office.,"academics,semester,study"
AC0155,Academics,How do I download the syllabus?,Academic rules may vary by program and semester.,"academics,semester,study"
AC0156,Academics,Where can I find study materials?,Your faculty and department can guide you regarding academic requirements.,"academics,semester,study"
AC0157,Academics,What are elective subjects?,"The syllabus, timetable and notices are available through official college resources.","academics,semester,study"
AC0158,Academics,How do practical sessions work?,"Assessment usually includes theory, practical work and internal evaluation where applicable.","academics,semester,study"
AC0159,Academics,What is internal assessment?,Please contact your HOD or faculty advisor for personalized academic guidance.,"academics,semester,study"
AC0160,Academics,How many internal exams are conducted?,Keep checking academic notices for updated schedules and announcements.,"academics,semester,study"
AC0161,Academics,How do I improve my academic performance?,Please refer to your department's academic guidelines for the latest information.,"academics,semester,study"
AC0162,Academics,How do I contact my faculty?,You can check the student portal or contact your department office.,"academics,semester,study"
AC0163,Academics,Where can I find previous papers?,Academic rules may vary by program and semester.,"academics,semester,study"
AC0164,Academics,How are labs scheduled?,Your faculty and department can guide you regarding academic requirements.,"academics,semester,study"
AC0165,Academics,Can I change my elective?,"The syllabus, timetable and notices are available through official college resources.","academics,semester,study"
AC0166,Academics,What happens if I fail a subject?,"Assessment usually includes theory, practical work and internal evaluation where applicable.","academics,semester,study"
AC0167,Academics,How do backlog subjects work?,Please contact your HOD or faculty advisor for personalized academic guidance.,"academics,semester,study"
AC0168,Academics,When does the semester begin?,Keep checking academic notices for updated schedules and announcements.,"academics,semester,study"
AC0169,Academics,How do I know my classroom?,Please refer to your department's academic guidelines for the latest information.,"academics,semester,study"
AC0170,Academics,How are project subjects evaluated?,You can check the student portal or contact your department office.,"academics,semester,study"
AC0171,Academics,What are the passing marks?,Academic rules may vary by program and semester.,"academics,semester,study"
AC0172,Academics,Can I repeat a semester?,Your faculty and department can guide you regarding academic requirements.,"academics,semester,study"
AC0173,Academics,How are credits transferred?,"The syllabus, timetable and notices are available through official college resources.","academics,semester,study"
AC0174,Academics,What is continuous assessment?,"Assessment usually includes theory, practical work and internal evaluation where applicable.","academics,semester,study"
AC0175,Academics,How can I prepare for practical exams?,Please contact your HOD or faculty advisor for personalized academic guidance.,"academics,semester,study"
AC0176,Academics,What is the semester system?,Keep checking academic notices for updated schedules and announcements.,"academics,semester,study"
AC0177,Academics,How are credits calculated?,Please refer to your department's academic guidelines for the latest information.,"academics,semester,study"
AC0178,Academics,What is the attendance requirement?,You can check the student portal or contact your department office.,"academics,semester,study"
AC0179,Academics,How can I view my subjects?,Academic rules may vary by program and semester.,"academics,semester,study"
AC0180,Academics,How do I download the syllabus?,Your faculty and department can guide you regarding academic requirements.,"academics,semester,study"
AC0181,Academics,Where can I find study materials?,"The syllabus, timetable and notices are available through official college resources.","academics,semester,study"
AC0182,Academics,What are elective subjects?,"Assessment usually includes theory, practical work and internal evaluation where applicable.","academics,semester,study"
AC0183,Academics,How do practical sessions work?,Please contact your HOD or faculty advisor for personalized academic guidance.,"academics,semester,study"
AC0184,Academics,What is internal assessment?,Keep checking academic notices for updated schedules and announcements.,"academics,semester,study"
AC0185,Academics,How many internal exams are conducted?,Please refer to your department's academic guidelines for the latest information.,"academics,semester,study"
AC0186,Academics,How do I improve my academic performance?,You can check the student portal or contact your department office.,"academics,semester,study"
AC0187,Academics,How do I contact my faculty?,Academic rules may vary by program and semester.,"academics,semester,study"
AC0188,Academics,Where can I find previous papers?,Your faculty and department can guide you regarding academic requirements.,"academics,semester,study"
AC0189,Academics,How are labs scheduled?,"The syllabus, timetable and notices are available through official college resources.","academics,semester,study"
AC0190,Academics,Can I change my elective?,"Assessment usually includes theory, practical work and internal evaluation where applicable.","academics,semester,study"
AC0191,Academics,What happens if I fail a subject?,Please contact your HOD or faculty advisor for personalized academic guidance.,"academics,semester,study"
AC0192,Academics,How do backlog subjects work?,Keep checking academic notices for updated schedules and announcements.,"academics,semester,study"
AC0193,Academics,When does the semester begin?,Please refer to your department's academic guidelines for the latest information.,"academics,semester,study"
AC0194,Academics,How do I know my classroom?,You can check the student portal or contact your department office.,"academics,semester,study"
AC0195,Academics,How are project subjects evaluated?,Academic rules may vary by program and semester.,"academics,semester,study"
AC0196,Academics,What are the passing marks?,Your faculty and department can guide you regarding academic requirements.,"academics,semester,study"
AC0197,Academics,Can I repeat a semester?,"The syllabus, timetable and notices are available through official college resources.","academics,semester,study"
AC0198,Academics,How are credits transferred?,"Assessment usually includes theory, practical work and internal evaluation where applicable.","academics,semester,study"
AC0199,Academics,What is continuous assessment?,Please contact your HOD or faculty advisor for personalized academic guidance.,"academics,semester,study"
AC0200,Academics,How can I prepare for practical exams?,Keep checking academic notices for updated schedules and announcements.,"academics,semester,study"
AC0201,Academics,What is the semester system?,Please refer to your department's academic guidelines for the latest information.,"academics,semester,study"
AC0202,Academics,How are credits calculated?,You can check the student portal or contact your department office.,"academics,semester,study"
AC0203,Academics,What is the attendance requirement?,Academic rules may vary by program and semester.,"academics,semester,study"
AC0204,Academics,How can I view my subjects?,Your faculty and department can guide you regarding academic requirements.,"academics,semester,study"
AC0205,Academics,How do I download the syllabus?,"The syllabus, timetable and notices are available through official college resources.","academics,semester,study"
AC0206,Academics,Where can I find study materials?,"Assessment usually includes theory, practical work and internal evaluation where applicable.","academics,semester,study"
AC0207,Academics,What are elective subjects?,Please contact your HOD or faculty advisor for personalized academic guidance.,"academics,semester,study"
AC0208,Academics,How do practical sessions work?,Keep checking academic notices for updated schedules and announcements.,"academics,semester,study"
AC0209,Academics,What is internal assessment?,Please refer to your department's academic guidelines for the latest information.,"academics,semester,study"
AC0210,Academics,How many internal exams are conducted?,You can check the student portal or contact your department office.,"academics,semester,study"
AC0211,Academics,How do I improve my academic performance?,Academic rules may vary by program and semester.,"academics,semester,study"
AC0212,Academics,How do I contact my faculty?,Your faculty and department can guide you regarding academic requirements.,"academics,semester,study"
AC0213,Academics,Where can I find previous papers?,"The syllabus, timetable and notices are available through official college resources.","academics,semester,study"
AC0214,Academics,How are labs scheduled?,"Assessment usually includes theory, practical work and internal evaluation where applicable.","academics,semester,study"
AC0215,Academics,Can I change my elective?,Please contact your HOD or faculty advisor for personalized academic guidance.,"academics,semester,study"
AC0216,Academics,What happens if I fail a subject?,Keep checking academic notices for updated schedules and announcements.,"academics,semester,study"
AC0217,Academics,How do backlog subjects work?,Please refer to your department's academic guidelines for the latest information.,"academics,semester,study"
AC0218,Academics,When does the semester begin?,You can check the student portal or contact your department office.,"academics,semester,study"
AC0219,Academics,How do I know my classroom?,Academic rules may vary by program and semester.,"academics,semester,study"
AC0220,Academics,How are project subjects evaluated?,Your faculty and department can guide you regarding academic requirements.,"academics,semester,study"
AC0221,Academics,What are the passing marks?,"The syllabus, timetable and notices are available through official college resources.","academics,semester,study"
AC0222,Academics,Can I repeat a semester?,"Assessment usually includes theory, practical work and internal evaluation where applicable.","academics,semester,study"
AC0223,Academics,How are credits transferred?,Please contact your HOD or faculty advisor for personalized academic guidance.,"academics,semester,study"
AC0224,Academics,What is continuous assessment?,Keep checking academic notices for updated schedules and announcements.,"academics,semester,study"
AC0225,Academics,How can I prepare for practical exams?,Please refer to your department's academic guidelines for the latest information.,"academics,semester,study"
AC0226,Academics,What is the semester system?,You can check the student portal or contact your department office.,"academics,semester,study"
AC0227,Academics,How are credits calculated?,Academic rules may vary by program and semester.,"academics,semester,study"
AC0228,Academics,What is the attendance requirement?,Your faculty and department can guide you regarding academic requirements.,"academics,semester,study"
AC0229,Academics,How can I view my subjects?,"The syllabus, timetable and notices are available through official college resources.","academics,semester,study"
AC0230,Academics,How do I download the syllabus?,"Assessment usually includes theory, practical work and internal evaluation where applicable.","academics,semester,study"
AC0231,Academics,Where can I find study materials?,Please contact your HOD or faculty advisor for personalized academic guidance.,"academics,semester,study"
AC0232,Academics,What are elective subjects?,Keep checking academic notices for updated schedules and announcements.,"academics,semester,study"
AC0233,Academics,How do practical sessions work?,Please refer to your department's academic guidelines for the latest information.,"academics,semester,study"
AC0234,Academics,What is internal assessment?,You can check the student portal or contact your department office.,"academics,semester,study"
AC0235,Academics,How many internal exams are conducted?,Academic rules may vary by program and semester.,"academics,semester,study"
AC0236,Academics,How do I improve my academic performance?,Your faculty and department can guide you regarding academic requirements.,"academics,semester,study"
AC0237,Academics,How do I contact my faculty?,"The syllabus, timetable and notices are available through official college resources.","academics,semester,study"
AC0238,Academics,Where can I find previous papers?,"Assessment usually includes theory, practical work and internal evaluation where applicable.","academics,semester,study"
AC0239,Academics,How are labs scheduled?,Please contact your HOD or faculty advisor for personalized academic guidance.,"academics,semester,study"
AC0240,Academics,Can I change my elective?,Keep checking academic notices for updated schedules and announcements.,"academics,semester,study"
AC0241,Academics,What happens if I fail a subject?,Please refer to your department's academic guidelines for the latest information.,"academics,semester,study"
AC0242,Academics,How do backlog subjects work?,You can check the student portal or contact your department office.,"academics,semester,study"
AC0243,Academics,When does the semester begin?,Academic rules may vary by program and semester.,"academics,semester,study"
AC0244,Academics,How do I know my classroom?,Your faculty and department can guide you regarding academic requirements.,"academics,semester,study"
AC0245,Academics,How are project subjects evaluated?,"The syllabus, timetable and notices are available through official college resources.","academics,semester,study"
AC0246,Academics,What are the passing marks?,"Assessment usually includes theory, practical work and internal evaluation where applicable.","academics,semester,study"
AC0247,Academics,Can I repeat a semester?,Please contact your HOD or faculty advisor for personalized academic guidance.,"academics,semester,study"
AC0248,Academics,How are credits transferred?,Keep checking academic notices for updated schedules and announcements.,"academics,semester,study"
AC0249,Academics,What is continuous assessment?,Please refer to your department's academic guidelines for the latest information.,"academics,semester,study"
AC0250,Academics,How can I prepare for practical exams?,You can check the student portal or contact your department office.,"academics,semester,study"
AC0251,Academics,What is the semester system?,Academic rules may vary by program and semester.,"academics,semester,study"
AC0252,Academics,How are credits calculated?,Your faculty and department can guide you regarding academic requirements.,"academics,semester,study"
AC0253,Academics,What is the attendance requirement?,"The syllabus, timetable and notices are available through official college resources.","academics,semester,study"
AC0254,Academics,How can I view my subjects?,"Assessment usually includes theory, practical work and internal evaluation where applicable.","academics,semester,study"
AC0255,Academics,How do I download the syllabus?,Please contact your HOD or faculty advisor for personalized academic guidance.,"academics,semester,study"
AC0256,Academics,Where can I find study materials?,Keep checking academic notices for updated schedules and announcements.,"academics,semester,study"
AC0257,Academics,What are elective subjects?,Please refer to your department's academic guidelines for the latest information.,"academics,semester,study"
AC0258,Academics,How do practical sessions work?,You can check the student portal or contact your department office.,"academics,semester,study"
AC0259,Academics,What is internal assessment?,Academic rules may vary by program and semester.,"academics,semester,study"
AC0260,Academics,How many internal exams are conducted?,Your faculty and department can guide you regarding academic requirements.,"academics,semester,study"
AC0261,Academics,How do I improve my academic performance?,"The syllabus, timetable and notices are available through official college resources.","academics,semester,study"
AC0262,Academics,How do I contact my faculty?,"Assessment usually includes theory, practical work and internal evaluation where applicable.","academics,semester,study"
AC0263,Academics,Where can I find previous papers?,Please contact your HOD or faculty advisor for personalized academic guidance.,"academics,semester,study"
AC0264,Academics,How are labs scheduled?,Keep checking academic notices for updated schedules and announcements.,"academics,semester,study"
AC0265,Academics,Can I change my elective?,Please refer to your department's academic guidelines for the latest information.,"academics,semester,study"
AC0266,Academics,What happens if I fail a subject?,You can check the student portal or contact your department office.,"academics,semester,study"
AC0267,Academics,How do backlog subjects work?,Academic rules may vary by program and semester.,"academics,semester,study"
AC0268,Academics,When does the semester begin?,Your faculty and department can guide you regarding academic requirements.,"academics,semester,study"
AC0269,Academics,How do I know my classroom?,"The syllabus, timetable and notices are available through official college resources.","academics,semester,study"
AC0270,Academics,How are project subjects evaluated?,"Assessment usually includes theory, practical work and internal evaluation where applicable.","academics,semester,study"
AC0271,Academics,What are the passing marks?,Please contact your HOD or faculty advisor for personalized academic guidance.,"academics,semester,study"
AC0272,Academics,Can I repeat a semester?,Keep checking academic notices for updated schedules and announcements.,"academics,semester,study"
AC0273,Academics,How are credits transferred?,Please refer to your department's academic guidelines for the latest information.,"academics,semester,study"
AC0274,Academics,What is continuous assessment?,You can check the student portal or contact your department office.,"academics,semester,study"
AC0275,Academics,How can I prepare for practical exams?,Academic rules may vary by program and semester.,"academics,semester,study"
AC0276,Academics,What is the semester system?,Your faculty and department can guide you regarding academic requirements.,"academics,semester,study"
AC0277,Academics,How are credits calculated?,"The syllabus, timetable and notices are available through official college resources.","academics,semester,study"
AC0278,Academics,What is the attendance requirement?,"Assessment usually includes theory, practical work and internal evaluation where applicable.","academics,semester,study"
AC0279,Academics,How can I view my subjects?,Please contact your HOD or faculty advisor for personalized academic guidance.,"academics,semester,study"
AC0280,Academics,How do I download the syllabus?,Keep checking academic notices for updated schedules and announcements.,"academics,semester,study"
AC0281,Academics,Where can I find study materials?,Please refer to your department's academic guidelines for the latest information.,"academics,semester,study"
AC0282,Academics,What are elective subjects?,You can check the student portal or contact your department office.,"academics,semester,study"
AC0283,Academics,How do practical sessions work?,Academic rules may vary by program and semester.,"academics,semester,study"
AC0284,Academics,What is internal assessment?,Your faculty and department can guide you regarding academic requirements.,"academics,semester,study"
AC0285,Academics,How many internal exams are conducted?,"The syllabus, timetable and notices are available through official college resources.","academics,semester,study"
AC0286,Academics,How do I improve my academic performance?,"Assessment usually includes theory, practical work and internal evaluation where applicable.","academics,semester,study"
AC0287,Academics,How do I contact my faculty?,Please contact your HOD or faculty advisor for personalized academic guidance.,"academics,semester,study"
AC0288,Academics,Where can I find previous papers?,Keep checking academic notices for updated schedules and announcements.,"academics,semester,study"
AC0289,Academics,How are labs scheduled?,Please refer to your department's academic guidelines for the latest information.,"academics,semester,study"
AC0290,Academics,Can I change my elective?,You can check the student portal or contact your department office.,"academics,semester,study"
AC0291,Academics,What happens if I fail a subject?,Academic rules may vary by program and semester.,"academics,semester,study"
AC0292,Academics,How do backlog subjects work?,Your faculty and department can guide you regarding academic requirements.,"academics,semester,study"
AC0293,Academics,When does the semester begin?,"The syllabus, timetable and notices are available through official college resources.","academics,semester,study"
AC0294,Academics,How do I know my classroom?,"Assessment usually includes theory, practical work and internal evaluation where applicable.","academics,semester,study"
AC0295,Academics,How are project subjects evaluated?,Please contact your HOD or faculty advisor for personalized academic guidance.,"academics,semester,study"
AC0296,Academics,What are the passing marks?,Keep checking academic notices for updated schedules and announcements.,"academics,semester,study"
AC0297,Academics,Can I repeat a semester?,Please refer to your department's academic guidelines for the latest information.,"academics,semester,study"
AC0298,Academics,How are credits transferred?,You can check the student portal or contact your department office.,"academics,semester,study"
AC0299,Academics,What is continuous assessment?,Academic rules may vary by program and semester.,"academics,semester,study"
AC0300,Academics,How can I prepare for practical exams?,Your faculty and department can guide you regarding academic requirements.,"academics,semester,study"
AC0301,Academics,What is the semester system?,"The syllabus, timetable and notices are available through official college resources.","academics,semester,study"
AC0302,Academics,How are credits calculated?,"Assessment usually includes theory, practical work and internal evaluation where applicable.","academics,semester,study"
AC0303,Academics,What is the attendance requirement?,Please contact your HOD or faculty advisor for personalized academic guidance.,"academics,semester,study"
AC0304,Academics,How can I view my subjects?,Keep checking academic notices for updated schedules and announcements.,"academics,semester,study"
AC0305,Academics,How do I download the syllabus?,Please refer to your department's academic guidelines for the latest information.,"academics,semester,study"
AC0306,Academics,Where can I find study materials?,You can check the student portal or contact your department office.,"academics,semester,study"
AC0307,Academics,What are elective subjects?,Academic rules may vary by program and semester.,"academics,semester,study"
AC0308,Academics,How do practical sessions work?,Your faculty and department can guide you regarding academic requirements.,"academics,semester,study"
AC0309,Academics,What is internal assessment?,"The syllabus, timetable and notices are available through official college resources.","academics,semester,study"
AC0310,Academics,How many internal exams are conducted?,"Assessment usually includes theory, practical work and internal evaluation where applicable.","academics,semester,study"
AC0311,Academics,How do I improve my academic performance?,Please contact your HOD or faculty advisor for personalized academic guidance.,"academics,semester,study"
AC0312,Academics,How do I contact my faculty?,Keep checking academic notices for updated schedules and announcements.,"academics,semester,study"
AC0313,Academics,Where can I find previous papers?,Please refer to your department's academic guidelines for the latest information.,"academics,semester,study"
AC0314,Academics,How are labs scheduled?,You can check the student portal or contact your department office.,"academics,semester,study"
AC0315,Academics,Can I change my elective?,Academic rules may vary by program and semester.,"academics,semester,study"
AC0316,Academics,What happens if I fail a subject?,Your faculty and department can guide you regarding academic requirements.,"academics,semester,study"
AC0317,Academics,How do backlog subjects work?,"The syllabus, timetable and notices are available through official college resources.","academics,semester,study"
AC0318,Academics,When does the semester begin?,"Assessment usually includes theory, practical work and internal evaluation where applicable.","academics,semester,study"
AC0319,Academics,How do I know my classroom?,Please contact your HOD or faculty advisor for personalized academic guidance.,"academics,semester,study"
AC0320,Academics,How are project subjects evaluated?,Keep checking academic notices for updated schedules and announcements.,"academics,semester,study"
AC0321,Academics,What are the passing marks?,Please refer to your department's academic guidelines for the latest information.,"academics,semester,study"
AC0322,Academics,Can I repeat a semester?,You can check the student portal or contact your department office.,"academics,semester,study"
AC0323,Academics,How are credits transferred?,Academic rules may vary by program and semester.,"academics,semester,study"
AC0324,Academics,What is continuous assessment?,Your faculty and department can guide you regarding academic requirements.,"academics,semester,study"
AC0325,Academics,How can I prepare for practical exams?,"The syllabus, timetable and notices are available through official college resources.","academics,semester,study"
AC0326,Academics,What is the semester system?,"Assessment usually includes theory, practical work and internal evaluation where applicable.","academics,semester,study"
AC0327,Academics,How are credits calculated?,Please contact your HOD or faculty advisor for personalized academic guidance.,"academics,semester,study"
AC0328,Academics,What is the attendance requirement?,Keep checking academic notices for updated schedules and announcements.,"academics,semester,study"
AC0329,Academics,How can I view my subjects?,Please refer to your department's academic guidelines for the latest information.,"academics,semester,study"
AC0330,Academics,How do I download the syllabus?,You can check the student portal or contact your department office.,"academics,semester,study"
AC0331,Academics,Where can I find study materials?,Academic rules may vary by program and semester.,"academics,semester,study"
AC0332,Academics,What are elective subjects?,Your faculty and department can guide you regarding academic requirements.,"academics,semester,study"
AC0333,Academics,How do practical sessions work?,"The syllabus, timetable and notices are available through official college resources.","academics,semester,study"
AC0334,Academics,What is internal assessment?,"Assessment usually includes theory, practical work and internal evaluation where applicable.","academics,semester,study"
AC0335,Academics,How many internal exams are conducted?,Please contact your HOD or faculty advisor for personalized academic guidance.,"academics,semester,study"
AC0336,Academics,How do I improve my academic performance?,Keep checking academic notices for updated schedules and announcements.,"academics,semester,study"
AC0337,Academics,How do I contact my faculty?,Please refer to your department's academic guidelines for the latest information.,"academics,semester,study"
AC0338,Academics,Where can I find previous papers?,You can check the student portal or contact your department office.,"academics,semester,study"
AC0339,Academics,How are labs scheduled?,Academic rules may vary by program and semester.,"academics,semester,study"
AC0340,Academics,Can I change my elective?,Your faculty and department can guide you regarding academic requirements.,"academics,semester,study"
AC0341,Academics,What happens if I fail a subject?,"The syllabus, timetable and notices are available through official college resources.","academics,semester,study"
AC0342,Academics,How do backlog subjects work?,"Assessment usually includes theory, practical work and internal evaluation where applicable.","academics,semester,study"
AC0343,Academics,When does the semester begin?,Please contact your HOD or faculty advisor for personalized academic guidance.,"academics,semester,study"
AC0344,Academics,How do I know my classroom?,Keep checking academic notices for updated schedules and announcements.,"academics,semester,study"
AC0345,Academics,How are project subjects evaluated?,Please refer to your department's academic guidelines for the latest information.,"academics,semester,study"
AC0346,Academics,What are the passing marks?,You can check the student portal or contact your department office.,"academics,semester,study"
AC0347,Academics,Can I repeat a semester?,Academic rules may vary by program and semester.,"academics,semester,study"
AC0348,Academics,How are credits transferred?,Your faculty and department can guide you regarding academic requirements.,"academics,semester,study"
AC0349,Academics,What is continuous assessment?,"The syllabus, timetable and notices are available through official college resources.","academics,semester,study"
AC0350,Academics,How can I prepare for practical exams?,"Assessment usually includes theory, practical work and internal evaluation where applicable.","academics,semester,study"
AC0351,Academics,What is the semester system?,Please contact your HOD or faculty advisor for personalized academic guidance.,"academics,semester,study"
AC0352,Academics,How are credits calculated?,Keep checking academic notices for updated schedules and announcements.,"academics,semester,study"
AC0353,Academics,What is the attendance requirement?,Please refer to your department's academic guidelines for the latest information.,"academics,semester,study"
AC0354,Academics,How can I view my subjects?,You can check the student portal or contact your department office.,"academics,semester,study"
AC0355,Academics,How do I download the syllabus?,Academic rules may vary by program and semester.,"academics,semester,study"
AC0356,Academics,Where can I find study materials?,Your faculty and department can guide you regarding academic requirements.,"academics,semester,study"
AC0357,Academics,What are elective subjects?,"The syllabus, timetable and notices are available through official college resources.","academics,semester,study"
AC0358,Academics,How do practical sessions work?,"Assessment usually includes theory, practical work and internal evaluation where applicable.","academics,semester,study"
AC0359,Academics,What is internal assessment?,Please contact your HOD or faculty advisor for personalized academic guidance.,"academics,semester,study"
AC0360,Academics,How many internal exams are conducted?,Keep checking academic notices for updated schedules and announcements.,"academics,semester,study"
AC0361,Academics,How do I improve my academic performance?,Please refer to your department's academic guidelines for the latest information.,"academics,semester,study"
AC0362,Academics,How do I contact my faculty?,You can check the student portal or contact your department office.,"academics,semester,study"
AC0363,Academics,Where can I find previous papers?,Academic rules may vary by program and semester.,"academics,semester,study"
AC0364,Academics,How are labs scheduled?,Your faculty and department can guide you regarding academic requirements.,"academics,semester,study"
AC0365,Academics,Can I change my elective?,"The syllabus, timetable and notices are available through official college resources.","academics,semester,study"
AC0366,Academics,What happens if I fail a subject?,"Assessment usually includes theory, practical work and internal evaluation where applicable.","academics,semester,study"
AC0367,Academics,How do backlog subjects work?,Please contact your HOD or faculty advisor for personalized academic guidance.,"academics,semester,study"
AC0368,Academics,When does the semester begin?,Keep checking academic notices for updated schedules and announcements.,"academics,semester,study"
AC0369,Academics,How do I know my classroom?,Please refer to your department's academic guidelines for the latest information.,"academics,semester,study"
AC0370,Academics,How are project subjects evaluated?,You can check the student portal or contact your department office.,"academics,semester,study"
AC0371,Academics,What are the passing marks?,Academic rules may vary by program and semester.,"academics,semester,study"
AC0372,Academics,Can I repeat a semester?,Your faculty and department can guide you regarding academic requirements.,"academics,semester,study"
AC0373,Academics,How are credits transferred?,"The syllabus, timetable and notices are available through official college resources.","academics,semester,study"
AC0374,Academics,What is continuous assessment?,"Assessment usually includes theory, practical work and internal evaluation where applicable.","academics,semester,study"
AC0375,Academics,How can I prepare for practical exams?,Please contact your HOD or faculty advisor for personalized academic guidance.,"academics,semester,study"
AC0376,Academics,What is the semester system?,Keep checking academic notices for updated schedules and announcements.,"academics,semester,study"
AC0377,Academics,How are credits calculated?,Please refer to your department's academic guidelines for the latest information.,"academics,semester,study"
AC0378,Academics,What is the attendance requirement?,You can check the student portal or contact your department office.,"academics,semester,study"
AC0379,Academics,How can I view my subjects?,Academic rules may vary by program and semester.,"academics,semester,study"
AC0380,Academics,How do I download the syllabus?,Your faculty and department can guide you regarding academic requirements.,"academics,semester,study"
AC0381,Academics,Where can I find study materials?,"The syllabus, timetable and notices are available through official college resources.","academics,semester,study"
AC0382,Academics,What are elective subjects?,"Assessment usually includes theory, practical work and internal evaluation where applicable.","academics,semester,study"
AC0383,Academics,How do practical sessions work?,Please contact your HOD or faculty advisor for personalized academic guidance.,"academics,semester,study"
AC0384,Academics,What is internal assessment?,Keep checking academic notices for updated schedules and announcements.,"academics,semester,study"
AC0385,Academics,How many internal exams are conducted?,Please refer to your department's academic guidelines for the latest information.,"academics,semester,study"
AC0386,Academics,How do I improve my academic performance?,You can check the student portal or contact your department office.,"academics,semester,study"
AC0387,Academics,How do I contact my faculty?,Academic rules may vary by program and semester.,"academics,semester,study"
AC0388,Academics,Where can I find previous papers?,Your faculty and department can guide you regarding academic requirements.,"academics,semester,study"
AC0389,Academics,How are labs scheduled?,"The syllabus, timetable and notices are available through official college resources.","academics,semester,study"
AC0390,Academics,Can I change my elective?,"Assessment usually includes theory, practical work and internal evaluation where applicable.","academics,semester,study"
AC0391,Academics,What happens if I fail a subject?,Please contact your HOD or faculty advisor for personalized academic guidance.,"academics,semester,study"
AC0392,Academics,How do backlog subjects work?,Keep checking academic notices for updated schedules and announcements.,"academics,semester,study"
AC0393,Academics,When does the semester begin?,Please refer to your department's academic guidelines for the latest information.,"academics,semester,study"
AC0394,Academics,How do I know my classroom?,You can check the student portal or contact your department office.,"academics,semester,study"
AC0395,Academics,How are project subjects evaluated?,Academic rules may vary by program and semester.,"academics,semester,study"
AC0396,Academics,What are the passing marks?,Your faculty and department can guide you regarding academic requirements.,"academics,semester,study"
AC0397,Academics,Can I repeat a semester?,"The syllabus, timetable and notices are available through official college resources.","academics,semester,study"
AC0398,Academics,How are credits transferred?,"Assessment usually includes theory, practical work and internal evaluation where applicable.","academics,semester,study"
AC0399,Academics,What is continuous assessment?,Please contact your HOD or faculty advisor for personalized academic guidance.,"academics,semester,study"
AC0400,Academics,How can I prepare for practical exams?,Keep checking academic notices for updated schedules and announcements.,"academics,semester,study"
AC0401,Academics,What is the semester system?,Please refer to your department's academic guidelines for the latest information.,"academics,semester,study"
AC0402,Academics,How are credits calculated?,You can check the student portal or contact your department office.,"academics,semester,study"
AC0403,Academics,What is the attendance requirement?,Academic rules may vary by program and semester.,"academics,semester,study"
AC0404,Academics,How can I view my subjects?,Your faculty and department can guide you regarding academic requirements.,"academics,semester,study"
AC0405,Academics,How do I download the syllabus?,"The syllabus, timetable and notices are available through official college resources.","academics,semester,study"
AC0406,Academics,Where can I find study materials?,"Assessment usually includes theory, practical work and internal evaluation where applicable.","academics,semester,study"
AC0407,Academics,What are elective subjects?,Please contact your HOD or faculty advisor for personalized academic guidance.,"academics,semester,study"
AC0408,Academics,How do practical sessions work?,Keep checking academic notices for updated schedules and announcements.,"academics,semester,study"
AC0409,Academics,What is internal assessment?,Please refer to your department's academic guidelines for the latest information.,"academics,semester,study"
AC0410,Academics,How many internal exams are conducted?,You can check the student portal or contact your department office.,"academics,semester,study"
AC0411,Academics,How do I improve my academic performance?,Academic rules may vary by program and semester.,"academics,semester,study"
AC0412,Academics,How do I contact my faculty?,Your faculty and department can guide you regarding academic requirements.,"academics,semester,study"
AC0413,Academics,Where can I find previous papers?,"The syllabus, timetable and notices are available through official college resources.","academics,semester,study"
AC0414,Academics,How are labs scheduled?,"Assessment usually includes theory, practical work and internal evaluation where applicable.","academics,semester,study"
AC0415,Academics,Can I change my elective?,Please contact your HOD or faculty advisor for personalized academic guidance.,"academics,semester,study"
AC0416,Academics,What happens if I fail a subject?,Keep checking academic notices for updated schedules and announcements.,"academics,semester,study"
AC0417,Academics,How do backlog subjects work?,Please refer to your department's academic guidelines for the latest information.,"academics,semester,study"
AC0418,Academics,When does the semester begin?,You can check the student portal or contact your department office.,"academics,semester,study"
AC0419,Academics,How do I know my classroom?,Academic rules may vary by program and semester.,"academics,semester,study"
AC0420,Academics,How are project subjects evaluated?,Your faculty and department can guide you regarding academic requirements.,"academics,semester,study"
AC0421,Academics,What are the passing marks?,"The syllabus, timetable and notices are available through official college resources.","academics,semester,study"
AC0422,Academics,Can I repeat a semester?,"Assessment usually includes theory, practical work and internal evaluation where applicable.","academics,semester,study"
AC0423,Academics,How are credits transferred?,Please contact your HOD or faculty advisor for personalized academic guidance.,"academics,semester,study"
AC0424,Academics,What is continuous assessment?,Keep checking academic notices for updated schedules and announcements.,"academics,semester,study"
AC0425,Academics,How can I prepare for practical exams?,Please refer to your department's academic guidelines for the latest information.,"academics,semester,study"
AC0426,Academics,What is the semester system?,You can check the student portal or contact your department office.,"academics,semester,study"
AC0427,Academics,How are credits calculated?,Academic rules may vary by program and semester.,"academics,semester,study"
AC0428,Academics,What is the attendance requirement?,Your faculty and department can guide you regarding academic requirements.,"academics,semester,study"
AC0429,Academics,How can I view my subjects?,"The syllabus, timetable and notices are available through official college resources.","academics,semester,study"
AC0430,Academics,How do I download the syllabus?,"Assessment usually includes theory, practical work and internal evaluation where applicable.","academics,semester,study"
AC0431,Academics,Where can I find study materials?,Please contact your HOD or faculty advisor for personalized academic guidance.,"academics,semester,study"
AC0432,Academics,What are elective subjects?,Keep checking academic notices for updated schedules and announcements.,"academics,semester,study"
AC0433,Academics,How do practical sessions work?,Please refer to your department's academic guidelines for the latest information.,"academics,semester,study"
AC0434,Academics,What is internal assessment?,You can check the student portal or contact your department office.,"academics,semester,study"
AC0435,Academics,How many internal exams are conducted?,Academic rules may vary by program and semester.,"academics,semester,study"
AC0436,Academics,How do I improve my academic performance?,Your faculty and department can guide you regarding academic requirements.,"academics,semester,study"
AC0437,Academics,How do I contact my faculty?,"The syllabus, timetable and notices are available through official college resources.","academics,semester,study"
AC0438,Academics,Where can I find previous papers?,"Assessment usually includes theory, practical work and internal evaluation where applicable.","academics,semester,study"
AC0439,Academics,How are labs scheduled?,Please contact your HOD or faculty advisor for personalized academic guidance.,"academics,semester,study"
AC0440,Academics,Can I change my elective?,Keep checking academic notices for updated schedules and announcements.,"academics,semester,study"
AC0441,Academics,What happens if I fail a subject?,Please refer to your department's academic guidelines for the latest information.,"academics,semester,study"
AC0442,Academics,How do backlog subjects work?,You can check the student portal or contact your department office.,"academics,semester,study"
AC0443,Academics,When does the semester begin?,Academic rules may vary by program and semester.,"academics,semester,study"
AC0444,Academics,How do I know my classroom?,Your faculty and department can guide you regarding academic requirements.,"academics,semester,study"
AC0445,Academics,How are project subjects evaluated?,"The syllabus, timetable and notices are available through official college resources.","academics,semester,study"
AC0446,Academics,What are the passing marks?,"Assessment usually includes theory, practical work and internal evaluation where applicable.","academics,semester,study"
AC0447,Academics,Can I repeat a semester?,Please contact your HOD or faculty advisor for personalized academic guidance.,"academics,semester,study"
AC0448,Academics,How are credits transferred?,Keep checking academic notices for updated schedules and announcements.,"academics,semester,study"
AC0449,Academics,What is continuous assessment?,Please refer to your department's academic guidelines for the latest information.,"academics,semester,study"
AC0450,Academics,How can I prepare for practical exams?,You can check the student portal or contact your department office.,"academics,semester,study"
AC0451,Academics,What is the semester system?,Academic rules may vary by program and semester.,"academics,semester,study"
AC0452,Academics,How are credits calculated?,Your faculty and department can guide you regarding academic requirements.,"academics,semester,study"
AC0453,Academics,What is the attendance requirement?,"The syllabus, timetable and notices are available through official college resources.","academics,semester,study"
AC0454,Academics,How can I view my subjects?,"Assessment usually includes theory, practical work and internal evaluation where applicable.","academics,semester,study"
AC0455,Academics,How do I download the syllabus?,Please contact your HOD or faculty advisor for personalized academic guidance.,"academics,semester,study"
AC0456,Academics,Where can I find study materials?,Keep checking academic notices for updated schedules and announcements.,"academics,semester,study"
AC0457,Academics,What are elective subjects?,Please refer to your department's academic guidelines for the latest information.,"academics,semester,study"
AC0458,Academics,How do practical sessions work?,You can check the student portal or contact your department office.,"academics,semester,study"
AC0459,Academics,What is internal assessment?,Academic rules may vary by program and semester.,"academics,semester,study"
AC0460,Academics,How many internal exams are conducted?,Your faculty and department can guide you regarding academic requirements.,"academics,semester,study"
AC0461,Academics,How do I improve my academic performance?,"The syllabus, timetable and notices are available through official college resources.","academics,semester,study"
AC0462,Academics,How do I contact my faculty?,"Assessment usually includes theory, practical work and internal evaluation where applicable.","academics,semester,study"
AC0463,Academics,Where can I find previous papers?,Please contact your HOD or faculty advisor for personalized academic guidance.,"academics,semester,study"
AC0464,Academics,How are labs scheduled?,Keep checking academic notices for updated schedules and announcements.,"academics,semester,study"
AC0465,Academics,Can I change my elective?,Please refer to your department's academic guidelines for the latest information.,"academics,semester,study"
AC0466,Academics,What happens if I fail a subject?,You can check the student portal or contact your department office.,"academics,semester,study"
AC0467,Academics,How do backlog subjects work?,Academic rules may vary by program and semester.,"academics,semester,study"
AC0468,Academics,When does the semester begin?,Your faculty and department can guide you regarding academic requirements.,"academics,semester,study"
AC0469,Academics,How do I know my classroom?,"The syllabus, timetable and notices are available through official college resources.","academics,semester,study"
AC0470,Academics,How are project subjects evaluated?,"Assessment usually includes theory, practical work and internal evaluation where applicable.","academics,semester,study"
AC0471,Academics,What are the passing marks?,Please contact your HOD or faculty advisor for personalized academic guidance.,"academics,semester,study"
AC0472,Academics,Can I repeat a semester?,Keep checking academic notices for updated schedules and announcements.,"academics,semester,study"
AC0473,Academics,How are credits transferred?,Please refer to your department's academic guidelines for the latest information.,"academics,semester,study"
AC0474,Academics,What is continuous assessment?,You can check the student portal or contact your department office.,"academics,semester,study"
AC0475,Academics,How can I prepare for practical exams?,Academic rules may vary by program and semester.,"academics,semester,study"
AC0476,Academics,What is the semester system?,Your faculty and department can guide you regarding academic requirements.,"academics,semester,study"
AC0477,Academics,How are credits calculated?,"The syllabus, timetable and notices are available through official college resources.","academics,semester,study"
AC0478,Academics,What is the attendance requirement?,"Assessment usually includes theory, practical work and internal evaluation where applicable.","academics,semester,study"
AC0479,Academics,How can I view my subjects?,Please contact your HOD or faculty advisor for personalized academic guidance.,"academics,semester,study"
AC0480,Academics,How do I download the syllabus?,Keep checking academic notices for updated schedules and announcements.,"academics,semester,study"
AC0481,Academics,Where can I find study materials?,Please refer to your department's academic guidelines for the latest information.,"academics,semester,study"
AC0482,Academics,What are elective subjects?,You can check the student portal or contact your department office.,"academics,semester,study"
AC0483,Academics,How do practical sessions work?,Academic rules may vary by program and semester.,"academics,semester,study"
AC0484,Academics,What is internal assessment?,Your faculty and department can guide you regarding academic requirements.,"academics,semester,study"
AC0485,Academics,How many internal exams are conducted?,"The syllabus, timetable and notices are available through official college resources.","academics,semester,study"
AC0486,Academics,How do I improve my academic performance?,"Assessment usually includes theory, practical work and internal evaluation where applicable.","academics,semester,study"
AC0487,Academics,How do I contact my faculty?,Please contact your HOD or faculty advisor for personalized academic guidance.,"academics,semester,study"
AC0488,Academics,Where can I find previous papers?,Keep checking academic notices for updated schedules and announcements.,"academics,semester,study"
AC0489,Academics,How are labs scheduled?,Please refer to your department's academic guidelines for the latest information.,"academics,semester,study"
AC0490,Academics,Can I change my elective?,You can check the student portal or contact your department office.,"academics,semester,study"
AC0491,Academics,What happens if I fail a subject?,Academic rules may vary by program and semester.,"academics,semester,study"
AC0492,Academics,How do backlog subjects work?,Your faculty and department can guide you regarding academic requirements.,"academics,semester,study"
AC0493,Academics,When does the semester begin?,"The syllabus, timetable and notices are available through official college resources.","academics,semester,study"
AC0494,Academics,How do I know my classroom?,"Assessment usually includes theory, practical work and internal evaluation where applicable.","academics,semester,study"
AC0495,Academics,How are project subjects evaluated?,Please contact your HOD or faculty advisor for personalized academic guidance.,"academics,semester,study"
AC0496,Academics,What are the passing marks?,Keep checking academic notices for updated schedules and announcements.,"academics,semester,study"
AC0497,Academics,Can I repeat a semester?,Please refer to your department's academic guidelines for the latest information.,"academics,semester,study"
AC0498,Academics,How are credits transferred?,You can check the student portal or contact your department office.,"academics,semester,study"
AC0499,Academics,What is continuous assessment?,Academic rules may vary by program and semester.,"academics,semester,study"
AC0500,Academics,How can I prepare for practical exams?,Your faculty and department can guide you regarding academic requirements.,"academics,semester,study"
AC0501,Academics,What is the semester system?,"The syllabus, timetable and notices are available through official college resources.","academics,semester,study"
AC0502,Academics,How are credits calculated?,"Assessment usually includes theory, practical work and internal evaluation where applicable.","academics,semester,study"
AC0503,Academics,What is the attendance requirement?,Please contact your HOD or faculty advisor for personalized academic guidance.,"academics,semester,study"
AC0504,Academics,How can I view my subjects?,Keep checking academic notices for updated schedules and announcements.,"academics,semester,study"
AC0505,Academics,How do I download the syllabus?,Please refer to your department's academic guidelines for the latest information.,"academics,semester,study"
AC0506,Academics,Where can I find study materials?,You can check the student portal or contact your department office.,"academics,semester,study"
AC0507,Academics,What are elective subjects?,Academic rules may vary by program and semester.,"academics,semester,study"
AC0508,Academics,How do practical sessions work?,Your faculty and department can guide you regarding academic requirements.,"academics,semester,study"
AC0509,Academics,What is internal assessment?,"The syllabus, timetable and notices are available through official college resources.","academics,semester,study"
AC0510,Academics,How many internal exams are conducted?,"Assessment usually includes theory, practical work and internal evaluation where applicable.","academics,semester,study"
AC0511,Academics,How do I improve my academic performance?,Please contact your HOD or faculty advisor for personalized academic guidance.,"academics,semester,study"
AC0512,Academics,How do I contact my faculty?,Keep checking academic notices for updated schedules and announcements.,"academics,semester,study"
AC0513,Academics,Where can I find previous papers?,Please refer to your department's academic guidelines for the latest information.,"academics,semester,study"
AC0514,Academics,How are labs scheduled?,You can check the student portal or contact your department office.,"academics,semester,study"
AC0515,Academics,Can I change my elective?,Academic rules may vary by program and semester.,"academics,semester,study"
AC0516,Academics,What happens if I fail a subject?,Your faculty and department can guide you regarding academic requirements.,"academics,semester,study"
AC0517,Academics,How do backlog subjects work?,"The syllabus, timetable and notices are available through official college resources.","academics,semester,study"
AC0518,Academics,When does the semester begin?,"Assessment usually includes theory, practical work and internal evaluation where applicable.","academics,semester,study"
AC0519,Academics,How do I know my classroom?,Please contact your HOD or faculty advisor for personalized academic guidance.,"academics,semester,study"
AC0520,Academics,How are project subjects evaluated?,Keep checking academic notices for updated schedules and announcements.,"academics,semester,study"
AC0521,Academics,What are the passing marks?,Please refer to your department's academic guidelines for the latest information.,"academics,semester,study"
AC0522,Academics,Can I repeat a semester?,You can check the student portal or contact your department office.,"academics,semester,study"
AC0523,Academics,How are credits transferred?,Academic rules may vary by program and semester.,"academics,semester,study"
AC0524,Academics,What is continuous assessment?,Your faculty and department can guide you regarding academic requirements.,"academics,semester,study"
AC0525,Academics,How can I prepare for practical exams?,"The syllabus, timetable and notices are available through official college resources.","academics,semester,study"
AC0526,Academics,What is the semester system?,"Assessment usually includes theory, practical work and internal evaluation where applicable.","academics,semester,study"
AC0527,Academics,How are credits calculated?,Please contact your HOD or faculty advisor for personalized academic guidance.,"academics,semester,study"
AC0528,Academics,What is the attendance requirement?,Keep checking academic notices for updated schedules and announcements.,"academics,semester,study"
AC0529,Academics,How can I view my subjects?,Please refer to your department's academic guidelines for the latest information.,"academics,semester,study"
AC0530,Academics,How do I download the syllabus?,You can check the student portal or contact your department office.,"academics,semester,study"
AC0531,Academics,Where can I find study materials?,Academic rules may vary by program and semester.,"academics,semester,study"
AC0532,Academics,What are elective subjects?,Your faculty and department can guide you regarding academic requirements.,"academics,semester,study"
AC0533,Academics,How do practical sessions work?,"The syllabus, timetable and notices are available through official college resources.","academics,semester,study"
AC0534,Academics,What is internal assessment?,"Assessment usually includes theory, practical work and internal evaluation where applicable.","academics,semester,study"
AC0535,Academics,How many internal exams are conducted?,Please contact your HOD or faculty advisor for personalized academic guidance.,"academics,semester,study"
AC0536,Academics,How do I improve my academic performance?,Keep checking academic notices for updated schedules and announcements.,"academics,semester,study"
AC0537,Academics,How do I contact my faculty?,Please refer to your department's academic guidelines for the latest information.,"academics,semester,study"
AC0538,Academics,Where can I find previous papers?,You can check the student portal or contact your department office.,"academics,semester,study"
AC0539,Academics,How are labs scheduled?,Academic rules may vary by program and semester.,"academics,semester,study"
AC0540,Academics,Can I change my elective?,Your faculty and department can guide you regarding academic requirements.,"academics,semester,study"
AC0541,Academics,What happens if I fail a subject?,"The syllabus, timetable and notices are available through official college resources.","academics,semester,study"
AC0542,Academics,How do backlog subjects work?,"Assessment usually includes theory, practical work and internal evaluation where applicable.","academics,semester,study"
AC0543,Academics,When does the semester begin?,Please contact your HOD or faculty advisor for personalized academic guidance.,"academics,semester,study"
AC0544,Academics,How do I know my classroom?,Keep checking academic notices for updated schedules and announcements.,"academics,semester,study"
AC0545,Academics,How are project subjects evaluated?,Please refer to your department's academic guidelines for the latest information.,"academics,semester,study"
AC0546,Academics,What are the passing marks?,You can check the student portal or contact your department office.,"academics,semester,study"
AC0547,Academics,Can I repeat a semester?,Academic rules may vary by program and semester.,"academics,semester,study"
AC0548,Academics,How are credits transferred?,Your faculty and department can guide you regarding academic requirements.,"academics,semester,study"
AC0549,Academics,What is continuous assessment?,"The syllabus, timetable and notices are available through official college resources.","academics,semester,study"
AC0550,Academics,How can I prepare for practical exams?,"Assessment usually includes theory, practical work and internal evaluation where applicable.","academics,semester,study"
AC0551,Academics,What is the semester system?,Please contact your HOD or faculty advisor for personalized academic guidance.,"academics,semester,study"
AC0552,Academics,How are credits calculated?,Keep checking academic notices for updated schedules and announcements.,"academics,semester,study"
AC0553,Academics,What is the attendance requirement?,Please refer to your department's academic guidelines for the latest information.,"academics,semester,study"
AC0554,Academics,How can I view my subjects?,You can check the student portal or contact your department office.,"academics,semester,study"
AC0555,Academics,How do I download the syllabus?,Academic rules may vary by program and semester.,"academics,semester,study"
AC0556,Academics,Where can I find study materials?,Your faculty and department can guide you regarding academic requirements.,"academics,semester,study"
AC0557,Academics,What are elective subjects?,"The syllabus, timetable and notices are available through official college resources.","academics,semester,study"
AC0558,Academics,How do practical sessions work?,"Assessment usually includes theory, practical work and internal evaluation where applicable.","academics,semester,study"
AC0559,Academics,What is internal assessment?,Please contact your HOD or faculty advisor for personalized academic guidance.,"academics,semester,study"
AC0560,Academics,How many internal exams are conducted?,Keep checking academic notices for updated schedules and announcements.,"academics,semester,study"
AC0561,Academics,How do I improve my academic performance?,Please refer to your department's academic guidelines for the latest information.,"academics,semester,study"
AC0562,Academics,How do I contact my faculty?,You can check the student portal or contact your department office.,"academics,semester,study"
AC0563,Academics,Where can I find previous papers?,Academic rules may vary by program and semester.,"academics,semester,study"
AC0564,Academics,How are labs scheduled?,Your faculty and department can guide you regarding academic requirements.,"academics,semester,study"
AC0565,Academics,Can I change my elective?,"The syllabus, timetable and notices are available through official college resources.","academics,semester,study"
AC0566,Academics,What happens if I fail a subject?,"Assessment usually includes theory, practical work and internal evaluation where applicable.","academics,semester,study"
AC0567,Academics,How do backlog subjects work?,Please contact your HOD or faculty advisor for personalized academic guidance.,"academics,semester,study"
AC0568,Academics,When does the semester begin?,Keep checking academic notices for updated schedules and announcements.,"academics,semester,study"
AC0569,Academics,How do I know my classroom?,Please refer to your department's academic guidelines for the latest information.,"academics,semester,study"
AC0570,Academics,How are project subjects evaluated?,You can check the student portal or contact your department office.,"academics,semester,study"
AC0571,Academics,What are the passing marks?,Academic rules may vary by program and semester.,"academics,semester,study"
AC0572,Academics,Can I repeat a semester?,Your faculty and department can guide you regarding academic requirements.,"academics,semester,study"
AC0573,Academics,How are credits transferred?,"The syllabus, timetable and notices are available through official college resources.","academics,semester,study"
AC0574,Academics,What is continuous assessment?,"Assessment usually includes theory, practical work and internal evaluation where applicable.","academics,semester,study"
AC0575,Academics,How can I prepare for practical exams?,Please contact your HOD or faculty advisor for personalized academic guidance.,"academics,semester,study"
AC0576,Academics,What is the semester system?,Keep checking academic notices for updated schedules and announcements.,"academics,semester,study"
AC0577,Academics,How are credits calculated?,Please refer to your department's academic guidelines for the latest information.,"academics,semester,study"
AC0578,Academics,What is the attendance requirement?,You can check the student portal or contact your department office.,"academics,semester,study"
AC0579,Academics,How can I view my subjects?,Academic rules may vary by program and semester.,"academics,semester,study"
AC0580,Academics,How do I download the syllabus?,Your faculty and department can guide you regarding academic requirements.,"academics,semester,study"
AC0581,Academics,Where can I find study materials?,"The syllabus, timetable and notices are available through official college resources.","academics,semester,study"
AC0582,Academics,What are elective subjects?,"Assessment usually includes theory, practical work and internal evaluation where applicable.","academics,semester,study"
AC0583,Academics,How do practical sessions work?,Please contact your HOD or faculty advisor for personalized academic guidance.,"academics,semester,study"
AC0584,Academics,What is internal assessment?,Keep checking academic notices for updated schedules and announcements.,"academics,semester,study"
AC0585,Academics,How many internal exams are conducted?,Please refer to your department's academic guidelines for the latest information.,"academics,semester,study"
AC0586,Academics,How do I improve my academic performance?,You can check the student portal or contact your department office.,"academics,semester,study"
AC0587,Academics,How do I contact my faculty?,Academic rules may vary by program and semester.,"academics,semester,study"
AC0588,Academics,Where can I find previous papers?,Your faculty and department can guide you regarding academic requirements.,"academics,semester,study"
AC0589,Academics,How are labs scheduled?,"The syllabus, timetable and notices are available through official college resources.","academics,semester,study"
AC0590,Academics,Can I change my elective?,"Assessment usually includes theory, practical work and internal evaluation where applicable.","academics,semester,study"
AC0591,Academics,What happens if I fail a subject?,Please contact your HOD or faculty advisor for personalized academic guidance.,"academics,semester,study"
AC0592,Academics,How do backlog subjects work?,Keep checking academic notices for updated schedules and announcements.,"academics,semester,study"
AC0593,Academics,When does the semester begin?,Please refer to your department's academic guidelines for the latest information.,"academics,semester,study"
AC0594,Academics,How do I know my classroom?,You can check the student portal or contact your department office.,"academics,semester,study"
AC0595,Academics,How are project subjects evaluated?,Academic rules may vary by program and semester.,"academics,semester,study"
AC0596,Academics,What are the passing marks?,Your faculty and department can guide you regarding academic requirements.,"academics,semester,study"
AC0597,Academics,Can I repeat a semester?,"The syllabus, timetable and notices are available through official college resources.","academics,semester,study"
AC0598,Academics,How are credits transferred?,"Assessment usually includes theory, practical work and internal evaluation where applicable.","academics,semester,study"
AC0599,Academics,What is continuous assessment?,Please contact your HOD or faculty advisor for personalized academic guidance.,"academics,semester,study"
AC0600,Academics,How can I prepare for practical exams?,Keep checking academic notices for updated schedules and announcements.,"academics,semester,study"
AC0601,Academics,What is the semester system?,Please refer to your department's academic guidelines for the latest information.,"academics,semester,study"
AC0602,Academics,How are credits calculated?,You can check the student portal or contact your department office.,"academics,semester,study"
AC0603,Academics,What is the attendance requirement?,Academic rules may vary by program and semester.,"academics,semester,study"
AC0604,Academics,How can I view my subjects?,Your faculty and department can guide you regarding academic requirements.,"academics,semester,study"
AC0605,Academics,How do I download the syllabus?,"The syllabus, timetable and notices are available through official college resources.","academics,semester,study"
AC0606,Academics,Where can I find study materials?,"Assessment usually includes theory, practical work and internal evaluation where applicable.","academics,semester,study"
AC0607,Academics,What are elective subjects?,Please contact your HOD or faculty advisor for personalized academic guidance.,"academics,semester,study"
AC0608,Academics,How do practical sessions work?,Keep checking academic notices for updated schedules and announcements.,"academics,semester,study"
AC0609,Academics,What is internal assessment?,Please refer to your department's academic guidelines for the latest information.,"academics,semester,study"
AC0610,Academics,How many internal exams are conducted?,You can check the student portal or contact your department office.,"academics,semester,study"
AC0611,Academics,How do I improve my academic performance?,Academic rules may vary by program and semester.,"academics,semester,study"
AC0612,Academics,How do I contact my faculty?,Your faculty and department can guide you regarding academic requirements.,"academics,semester,study"
AC0613,Academics,Where can I find previous papers?,"The syllabus, timetable and notices are available through official college resources.","academics,semester,study"
AC0614,Academics,How are labs scheduled?,"Assessment usually includes theory, practical work and internal evaluation where applicable.","academics,semester,study"
AC0615,Academics,Can I change my elective?,Please contact your HOD or faculty advisor for personalized academic guidance.,"academics,semester,study"
AC0616,Academics,What happens if I fail a subject?,Keep checking academic notices for updated schedules and announcements.,"academics,semester,study"
AC0617,Academics,How do backlog subjects work?,Please refer to your department's academic guidelines for the latest information.,"academics,semester,study"
AC0618,Academics,When does the semester begin?,You can check the student portal or contact your department office.,"academics,semester,study"
AC0619,Academics,How do I know my classroom?,Academic rules may vary by program and semester.,"academics,semester,study"
AC0620,Academics,How are project subjects evaluated?,Your faculty and department can guide you regarding academic requirements.,"academics,semester,study"
AC0621,Academics,What are the passing marks?,"The syllabus, timetable and notices are available through official college resources.","academics,semester,study"
AC0622,Academics,Can I repeat a semester?,"Assessment usually includes theory, practical work and internal evaluation where applicable.","academics,semester,study"
AC0623,Academics,How are credits transferred?,Please contact your HOD or faculty advisor for personalized academic guidance.,"academics,semester,study"
AC0624,Academics,What is continuous assessment?,Keep checking academic notices for updated schedules and announcements.,"academics,semester,study"
AC0625,Academics,How can I prepare for practical exams?,Please refer to your department's academic guidelines for the latest information.,"academics,semester,study"
AC0626,Academics,What is the semester system?,You can check the student portal or contact your department office.,"academics,semester,study"
AC0627,Academics,How are credits calculated?,Academic rules may vary by program and semester.,"academics,semester,study"
AC0628,Academics,What is the attendance requirement?,Your faculty and department can guide you regarding academic requirements.,"academics,semester,study"
AC0629,Academics,How can I view my subjects?,"The syllabus, timetable and notices are available through official college resources.","academics,semester,study"
AC0630,Academics,How do I download the syllabus?,"Assessment usually includes theory, practical work and internal evaluation where applicable.","academics,semester,study"
AC0631,Academics,Where can I find study materials?,Please contact your HOD or faculty advisor for personalized academic guidance.,"academics,semester,study"
AC0632,Academics,What are elective subjects?,Keep checking academic notices for updated schedules and announcements.,"academics,semester,study"
AC0633,Academics,How do practical sessions work?,Please refer to your department's academic guidelines for the latest information.,"academics,semester,study"
AC0634,Academics,What is internal assessment?,You can check the student portal or contact your department office.,"academics,semester,study"
AC0635,Academics,How many internal exams are conducted?,Academic rules may vary by program and semester.,"academics,semester,study"
AC0636,Academics,How do I improve my academic performance?,Your faculty and department can guide you regarding academic requirements.,"academics,semester,study"
AC0637,Academics,How do I contact my faculty?,"The syllabus, timetable and notices are available through official college resources.","academics,semester,study"
AC0638,Academics,Where can I find previous papers?,"Assessment usually includes theory, practical work and internal evaluation where applicable.","academics,semester,study"
AC0639,Academics,How are labs scheduled?,Please contact your HOD or faculty advisor for personalized academic guidance.,"academics,semester,study"
AC0640,Academics,Can I change my elective?,Keep checking academic notices for updated schedules and announcements.,"academics,semester,study"
AC0641,Academics,What happens if I fail a subject?,Please refer to your department's academic guidelines for the latest information.,"academics,semester,study"
AC0642,Academics,How do backlog subjects work?,You can check the student portal or contact your department office.,"academics,semester,study"
AC0643,Academics,When does the semester begin?,Academic rules may vary by program and semester.,"academics,semester,study"
AC0644,Academics,How do I know my classroom?,Your faculty and department can guide you regarding academic requirements.,"academics,semester,study"
AC0645,Academics,How are project subjects evaluated?,"The syllabus, timetable and notices are available through official college resources.","academics,semester,study"
AC0646,Academics,What are the passing marks?,"Assessment usually includes theory, practical work and internal evaluation where applicable.","academics,semester,study"
AC0647,Academics,Can I repeat a semester?,Please contact your HOD or faculty advisor for personalized academic guidance.,"academics,semester,study"
AC0648,Academics,How are credits transferred?,Keep checking academic notices for updated schedules and announcements.,"academics,semester,study"
AC0649,Academics,What is continuous assessment?,Please refer to your department's academic guidelines for the latest information.,"academics,semester,study"
AC0650,Academics,How can I prepare for practical exams?,You can check the student portal or contact your department office.,"academics,semester,study"
AC0651,Academics,What is the semester system?,Academic rules may vary by program and semester.,"academics,semester,study"
AC0652,Academics,How are credits calculated?,Your faculty and department can guide you regarding academic requirements.,"academics,semester,study"
AC0653,Academics,What is the attendance requirement?,"The syllabus, timetable and notices are available through official college resources.","academics,semester,study"
AC0654,Academics,How can I view my subjects?,"Assessment usually includes theory, practical work and internal evaluation where applicable.","academics,semester,study"
AC0655,Academics,How do I download the syllabus?,Please contact your HOD or faculty advisor for personalized academic guidance.,"academics,semester,study"
AC0656,Academics,Where can I find study materials?,Keep checking academic notices for updated schedules and announcements.,"academics,semester,study"
AC0657,Academics,What are elective subjects?,Please refer to your department's academic guidelines for the latest information.,"academics,semester,study"
AC0658,Academics,How do practical sessions work?,You can check the student portal or contact your department office.,"academics,semester,study"
AC0659,Academics,What is internal assessment?,Academic rules may vary by program and semester.,"academics,semester,study"
AC0660,Academics,How many internal exams are conducted?,Your faculty and department can guide you regarding academic requirements.,"academics,semester,study"
AC0661,Academics,How do I improve my academic performance?,"The syllabus, timetable and notices are available through official college resources.","academics,semester,study"
AC0662,Academics,How do I contact my faculty?,"Assessment usually includes theory, practical work and internal evaluation where applicable.","academics,semester,study"
AC0663,Academics,Where can I find previous papers?,Please contact your HOD or faculty advisor for personalized academic guidance.,"academics,semester,study"
AC0664,Academics,How are labs scheduled?,Keep checking academic notices for updated schedules and announcements.,"academics,semester,study"
AC0665,Academics,Can I change my elective?,Please refer to your department's academic guidelines for the latest information.,"academics,semester,study"
AC0666,Academics,What happens if I fail a subject?,You can check the student portal or contact your department office.,"academics,semester,study"
AC0667,Academics,How do backlog subjects work?,Academic rules may vary by program and semester.,"academics,semester,study"
AC0668,Academics,When does the semester begin?,Your faculty and department can guide you regarding academic requirements.,"academics,semester,study"
AC0669,Academics,How do I know my classroom?,"The syllabus, timetable and notices are available through official college resources.","academics,semester,study"
AC0670,Academics,How are project subjects evaluated?,"Assessment usually includes theory, practical work and internal evaluation where applicable.","academics,semester,study"
AC0671,Academics,What are the passing marks?,Please contact your HOD or faculty advisor for personalized academic guidance.,"academics,semester,study"
AC0672,Academics,Can I repeat a semester?,Keep checking academic notices for updated schedules and announcements.,"academics,semester,study"
AC0673,Academics,How are credits transferred?,Please refer to your department's academic guidelines for the latest information.,"academics,semester,study"
AC0674,Academics,What is continuous assessment?,You can check the student portal or contact your department office.,"academics,semester,study"
AC0675,Academics,How can I prepare for practical exams?,Academic rules may vary by program and semester.,"academics,semester,study"
AC0676,Academics,What is the semester system?,Your faculty and department can guide you regarding academic requirements.,"academics,semester,study"
AC0677,Academics,How are credits calculated?,"The syllabus, timetable and notices are available through official college resources.","academics,semester,study"
AC0678,Academics,What is the attendance requirement?,"Assessment usually includes theory, practical work and internal evaluation where applicable.","academics,semester,study"
AC0679,Academics,How can I view my subjects?,Please contact your HOD or faculty advisor for personalized academic guidance.,"academics,semester,study"
AC0680,Academics,How do I download the syllabus?,Keep checking academic notices for updated schedules and announcements.,"academics,semester,study"
AC0681,Academics,Where can I find study materials?,Please refer to your department's academic guidelines for the latest information.,"academics,semester,study"
AC0682,Academics,What are elective subjects?,You can check the student portal or contact your department office.,"academics,semester,study"
AC0683,Academics,How do practical sessions work?,Academic rules may vary by program and semester.,"academics,semester,study"
AC0684,Academics,What is internal assessment?,Your faculty and department can guide you regarding academic requirements.,"academics,semester,study"
AC0685,Academics,How many internal exams are conducted?,"The syllabus, timetable and notices are available through official college resources.","academics,semester,study"
AC0686,Academics,How do I improve my academic performance?,"Assessment usually includes theory, practical work and internal evaluation where applicable.","academics,semester,study"
AC0687,Academics,How do I contact my faculty?,Please contact your HOD or faculty advisor for personalized academic guidance.,"academics,semester,study"
AC0688,Academics,Where can I find previous papers?,Keep checking academic notices for updated schedules and announcements.,"academics,semester,study"
AC0689,Academics,How are labs scheduled?,Please refer to your department's academic guidelines for the latest information.,"academics,semester,study"
AC0690,Academics,Can I change my elective?,You can check the student portal or contact your department office.,"academics,semester,study"
AC0691,Academics,What happens if I fail a subject?,Academic rules may vary by program and semester.,"academics,semester,study"
AC0692,Academics,How do backlog subjects work?,Your faculty and department can guide you regarding academic requirements.,"academics,semester,study"
AC0693,Academics,When does the semester begin?,"The syllabus, timetable and notices are available through official college resources.","academics,semester,study"
AC0694,Academics,How do I know my classroom?,"Assessment usually includes theory, practical work and internal evaluation where applicable.","academics,semester,study"
AC0695,Academics,How are project subjects evaluated?,Please contact your HOD or faculty advisor for personalized academic guidance.,"academics,semester,study"
AC0696,Academics,What are the passing marks?,Keep checking academic notices for updated schedules and announcements.,"academics,semester,study"
AC0697,Academics,Can I repeat a semester?,Please refer to your department's academic guidelines for the latest information.,"academics,semester,study"
AC0698,Academics,How are credits transferred?,You can check the student portal or contact your department office.,"academics,semester,study"
AC0699,Academics,What is continuous assessment?,Academic rules may vary by program and semester.,"academics,semester,study"
AC0700,Academics,How can I prepare for practical exams?,Your faculty and department can guide you regarding academic requirements.,"academics,semester,study"
