faq_id,category,question,answer,keywords
EX0001,Examination,When are semester exams conducted?,Semester examination schedules are announced by the college before the examination period.,exam
EX0002,Examination,How can I download my hall ticket?,Hall tickets are released before examinations through the official process.,exam
EX0003,Examination,What are the passing marks?,Passing requirements are determined by the academic regulations applicable to your program.,exam
EX0004,Examination,How do I apply for revaluation?,You can apply for revaluation according to the notified procedure after result declaration.,exam
EX0005,Examination,What should I carry to the exam?,"Carry your hall ticket, college ID card and required stationery.",exam
EX0006,Examination,What is the rechecking process?,"Results, hall tickets and examination forms are released through official channels.","exam,results,revaluation"
EX0007,Examination,What is revaluation?,Keep checking notices for updates regarding examinations and results.,"exam,results,revaluation"
EX0008,Examination,How do I apply for a backlog exam?,"For specific cases, contact the Examination Cell or your department office.","exam,results,revaluation"
EX0009,Examination,What if I miss an exam?,Please refer to the official examination notifications for the latest schedule.,"exam,results,revaluation"
EX0010,Examination,When are supplementary exams?,Contact the Examination Cell for procedures and deadlines.,"exam,results,revaluation"
EX0011,Examination,How do I check my results?,Follow the examination guidelines issued by your department.,"exam,results,revaluation"
EX0012,Examination,Where can I download my marksheet?,Exam-related dates and announcements are published through official notices.,"exam,results,revaluation"
EX0013,Examination,What is the grading system?,Your program's academic regulations define examination rules and passing criteria.,"exam,results,revaluation"
EX0014,Examination,What are ATKT rules?,"Results, hall tickets and examination forms are released through official channels.","exam,results,revaluation"
EX0015,Examination,Can I use a calculator?,Keep checking notices for updates regarding examinations and results.,"exam,results,revaluation"
EX0016,Examination,What are the exam rules?,"For specific cases, contact the Examination Cell or your department office.","exam,results,revaluation"
EX0017,Examination,What items are prohibited in the exam hall?,Please refer to the official examination notifications for the latest schedule.,"exam,results,revaluation"
EX0018,Examination,How early should I reach the exam center?,Contact the Examination Cell for procedures and deadlines.,"exam,results,revaluation"
EX0019,Examination,What happens if I am late?,Follow the examination guidelines issued by your department.,"exam,results,revaluation"
EX0020,Examination,How is attendance related to exams?,Exam-related dates and announcements are published through official notices.,"exam,results,revaluation"
EX0021,Examination,How are practicals evaluated?,Your program's academic regulations define examination rules and passing criteria.,"exam,results,revaluation"
EX0022,Examination,What is viva examination?,"Results, hall tickets and examination forms are released through official channels.","exam,results,revaluation"
EX0023,Examination,How do project evaluations work?,Keep checking notices for updates regarding examinations and results.,"exam,results,revaluation"
EX0024,Examination,Can I challenge my result?,"For specific cases, contact the Examination Cell or your department office.","exam,results,revaluation"
EX0025,Examination,How long does revaluation take?,Please refer to the official examination notifications for the latest schedule.,"exam,results,revaluation"
EX0026,Examination,What documents are required for revaluation?,Contact the Examination Cell for procedures and deadlines.,"exam,results,revaluation"
EX0027,Examination,When are results announced?,Follow the examination guidelines issued by your department.,"exam,results,revaluation"
EX0028,Examination,Can I appear for improvement exams?,Exam-related dates and announcements are published through official notices.,"exam,results,revaluation"
EX0029,Examination,How do I report exam issues?,Your program's academic regulations define examination rules and passing criteria.,"exam,results,revaluation"
EX0030,Examination,What is malpractice?,"Results, hall tickets and examination forms are released through official channels.","exam,results,revaluation"
EX0031,Examination,What are unfair means rules?,Keep checking notices for updates regarding examinations and results.,"exam,results,revaluation"
EX0032,Examination,How are answer sheets evaluated?,"For specific cases, contact the Examination Cell or your department office.","exam,results,revaluation"
EX0033,Examination,What is the exam timetable?,Please refer to the official examination notifications for the latest schedule.,"exam,results,revaluation"
EX0034,Examination,When are practical exams?,Contact the Examination Cell for procedures and deadlines.,"exam,results,revaluation"
EX0035,Examination,What is the internal exam schedule?,Follow the examination guidelines issued by your department.,"exam,results,revaluation"
EX0036,Examination,How are internal marks calculated?,Exam-related dates and announcements are published through official notices.,"exam,results,revaluation"
EX0037,Examination,Can I improve my marks?,Your program's academic regulations define examination rules and passing criteria.,"exam,results,revaluation"
EX0038,Examination,What is the rechecking process?,"Results, hall tickets and examination forms are released through official channels.","exam,results,revaluation"
EX0039,Examination,What is revaluation?,Keep checking notices for updates regarding examinations and results.,"exam,results,revaluation"
EX0040,Examination,How do I apply for a backlog exam?,"For specific cases, contact the Examination Cell or your department office.","exam,results,revaluation"
EX0041,Examination,What if I miss an exam?,Please refer to the official examination notifications for the latest schedule.,"exam,results,revaluation"
EX0042,Examination,When are supplementary exams?,Contact the Examination Cell for procedures and deadlines.,"exam,results,revaluation"
EX0043,Examination,How do I check my results?,Follow the examination guidelines issued by your department.,"exam,results,revaluation"
EX0044,Examination,Where can I download my marksheet?,Exam-related dates and announcements are published through official notices.,"exam,results,revaluation"
EX0045,Examination,What is the grading system?,Your program's academic regulations define examination rules and passing criteria.,"exam,results,revaluation"
EX0046,Examination,What are ATKT rules?,"Results, hall tickets and examination forms are released through official channels.","exam,results,revaluation"
EX0047,Examination,Can I use a calculator?,Keep checking notices for updates regarding examinations and results.,"exam,results,revaluation"
EX0048,Examination,What are the exam rules?,"For specific cases, contact the Examination Cell or your department office.","exam,results,revaluation"
EX0049,Examination,What items are prohibited in the exam hall?,Please refer to the official examination notifications for the latest schedule.,"exam,results,revaluation"
EX0050,Examination,How early should I reach the exam center?,Contact the Examination Cell for procedures and deadlines.,"exam,results,revaluation"
EX0051,Examination,What happens if I am late?,Follow the examination guidelines issued by your department.,"exam,results,revaluation"
EX0052,Examination,How is attendance related to exams?,Exam-related dates and announcements are published through official notices.,"exam,results,revaluation"
EX0053,Examination,How are practicals evaluated?,Your program's academic regulations define examination rules and passing criteria.,"exam,results,revaluation"
EX0054,Examination,What is viva examination?,"Results, hall tickets and examination forms are released through official channels.","exam,results,revaluation"
EX0055,Examination,How do project evaluations work?,Keep checking notices for updates regarding examinations and results.,"exam,results,revaluation"
EX0056,Examination,Can I challenge my result?,"For specific cases, contact the Examination Cell or your department office.","exam,results,revaluation"
EX0057,Examination,How long does revaluation take?,Please refer to the official examination notifications for the latest schedule.,"exam,results,revaluation"
EX0058,Examination,What documents are required for revaluation?,Contact the Examination Cell for procedures and deadlines.,"exam,results,revaluation"
EX0059,Examination,When are results announced?,Follow the examination guidelines issued by your department.,"exam,results,revaluation"
EX0060,Examination,Can I appear for improvement exams?,Exam-related dates and announcements are published through official notices.,"exam,results,revaluation"
EX0061,Examination,How do I report exam issues?,Your program's academic regulations define examination rules and passing criteria.,"exam,results,revaluation"
EX0062,Examination,What is malpractice?,"Results, hall tickets and examination forms are released through official channels.","exam,results,revaluation"
EX0063,Examination,What are unfair means rules?,Keep checking notices for updates regarding examinations and results.,"exam,results,revaluation"
EX0064,Examination,How are answer sheets evaluated?,"For specific cases, contact the Examination Cell or your department office.","exam,results,revaluation"
EX0065,Examination,What is the exam timetable?,Please refer to the official examination notifications for the latest schedule.,"exam,results,revaluation"
EX0066,Examination,When are practical exams?,Contact the Examination Cell for procedures and deadlines.,"exam,results,revaluation"
EX0067,Examination,What is the internal exam schedule?,Follow the examination guidelines issued by your department.,"exam,results,revaluation"
EX0068,Examination,How are internal marks calculated?,Exam-related dates and announcements are published through official notices.,"exam,results,revaluation"
EX0069,Examination,Can I improve my marks?,Your program's academic regulations define examination rules and passing criteria.,"exam,results,revaluation"
EX0070,Examination,What is the rechecking process?,"Results, hall tickets and examination forms are released through official channels.","exam,results,revaluation"
EX0071,Examination,What is revaluation?,Keep checking notices for updates regarding examinations and results.,"exam,results,revaluation"
EX0072,Examination,How do I apply for a backlog exam?,"For specific cases, contact the Examination Cell or your department office.","exam,results,revaluation"
EX0073,Examination,What if I miss an exam?,Please refer to the official examination notifications for the latest schedule.,"exam,results,revaluation"
EX0074,Examination,When are supplementary exams?,Contact the Examination Cell for procedures and deadlines.,"exam,results,revaluation"
EX0075,Examination,How do I check my results?,Follow the examination guidelines issued by your department.,"exam,results,revaluation"
EX0076,Examination,Where can I download my marksheet?,Exam-related dates and announcements are published through official notices.,"exam,results,revaluation"
EX0077,Examination,What is the grading system?,Your program's academic regulations define examination rules and passing criteria.,"exam,results,revaluation"
EX0078,Examination,What are ATKT rules?,"Results, hall tickets and examination forms are released through official channels.","exam,results,revaluation"
EX0079,Examination,Can I use a calculator?,Keep checking notices for updates regarding examinations and results.,"exam,results,revaluation"
EX0080,Examination,What are the exam rules?,"For specific cases, contact the Examination Cell or your department office.","exam,results,revaluation"
EX0081,Examination,What items are prohibited in the exam hall?,Please refer to the official examination notifications for the latest schedule.,"exam,results,revaluation"
EX0082,Examination,How early should I reach the exam center?,Contact the Examination Cell for procedures and deadlines.,"exam,results,revaluation"
EX0083,Examination,What happens if I am late?,Follow the examination guidelines issued by your department.,"exam,results,revaluation"
EX0084,Examination,How is attendance related to exams?,Exam-related dates and announcements are published through official notices.,"exam,results,revaluation"
EX0085,Examination,How are practicals evaluated?,Your program's academic regulations define examination rules and passing criteria.,"exam,results,revaluation"
EX0086,Examination,What is viva examination?,"Results, hall tickets and examination forms are released through official channels.","exam,results,revaluation"
EX0087,Examination,How do project evaluations work?,Keep checking notices for updates regarding examinations and results.,"exam,results,revaluation"
EX0088,Examination,Can I challenge my result?,"For specific cases, contact the Examination Cell or your department office.","exam,results,revaluation"
EX0089,Examination,How long does revaluation take?,Please refer to the official examination notifications for the latest schedule.,"exam,results,revaluation"
EX0090,Examination,What documents are required for revaluation?,Contact the Examination Cell for procedures and deadlines.,"exam,results,revaluation"
EX0091,Examination,When are results announced?,Follow the examination guidelines issued by your department.,"exam,results,revaluation"
EX0092,Examination,Can I appear for improvement exams?,Exam-related dates and announcements are published through official notices.,"exam,results,revaluation"
EX0093,Examination,How do I report exam issues?,Your program's academic regulations define examination rules and passing criteria.,"exam,results,revaluation"
EX0094,Examination,What is malpractice?,"Results, hall tickets and examination forms are released through official channels.","exam,results,revaluation"
EX0095,Examination,What are unfair means rules?,Keep checking notices for updates regarding examinations and results.,"exam,results,revaluation"
EX0096,Examination,How are answer sheets evaluated?,"For specific cases, contact the Examination Cell or your department office.","exam,results,revaluation"
EX0097,Examination,What is the exam timetable?,Please refer to the official examination notifications for the latest schedule.,"exam,results,revaluation"
EX0098,Examination,When are practical exams?,Contact the Examination Cell for procedures and deadlines.,"exam,results,revaluation"
EX0099,Examination,What is the internal exam schedule?,Follow the examination guidelines issued by your department.,"exam,results,revaluation"
EX0100,Examination,How are internal marks calculated?,Exam-related dates and announcements are published through official notices.,"exam,results,revaluation"
EX0101,Examination,Can I improve my marks?,Your program's academic regulations define examination rules and passing criteria.,"exam,results,revaluation"
EX0102,Examination,What is the rechecking process?,"Results, hall tickets and examination forms are released through official channels.","exam,results,revaluation"
EX0103,Examination,What is revaluation?,Keep checking notices for updates regarding examinations and results.,"exam,results,revaluation"
EX0104,Examination,How do I apply for a backlog exam?,"For specific cases, contact the Examination Cell or your department office.","exam,results,revaluation"
EX0105,Examination,What if I miss an exam?,Please refer to the official examination notifications for the latest schedule.,"exam,results,revaluation"
EX0106,Examination,When are supplementary exams?,Contact the Examination Cell for procedures and deadlines.,"exam,results,revaluation"
EX0107,Examination,How do I check my results?,Follow the examination guidelines issued by your department.,"exam,results,revaluation"
EX0108,Examination,Where can I download my marksheet?,Exam-related dates and announcements are published through official notices.,"exam,results,revaluation"
EX0109,Examination,What is the grading system?,Your program's academic regulations define examination rules and passing criteria.,"exam,results,revaluation"
EX0110,Examination,What are ATKT rules?,"Results, hall tickets and examination forms are released through official channels.","exam,results,revaluation"
EX0111,Examination,Can I use a calculator?,Keep checking notices for updates regarding examinations and results.,"exam,results,revaluation"
EX0112,Examination,What are the exam rules?,"For specific cases, contact the Examination Cell or your department office.","exam,results,revaluation"
EX0113,Examination,What items are prohibited in the exam hall?,Please refer to the official examination notifications for the latest schedule.,"exam,results,revaluation"
EX0114,Examination,How early should I reach the exam center?,Contact the Examination Cell for procedures and deadlines.,"exam,results,revaluation"
EX0115,Examination,What happens if I am late?,Follow the examination guidelines issued by your department.,"exam,results,revaluation"
EX0116,Examination,How is attendance related to exams?,Exam-related dates and announcements are published through official notices.,"exam,results,revaluation"
EX0117,Examination,How are practicals evaluated?,Your program's academic regulations define examination rules and passing criteria.,"exam,results,revaluation"
EX0118,Examination,What is viva examination?,"Results, hall tickets and examination forms are released through official channels.","exam,results,revaluation"
EX0119,Examination,How do project evaluations work?,Keep checking notices for updates regarding examinations and results.,"exam,results,revaluation"
EX0120,Examination,Can I challenge my result?,"For specific cases, contact the Examination Cell or your department office.","exam,results,revaluation"
EX0121,Examination,How long does revaluation take?,Please refer to the official examination notifications for the latest schedule.,"exam,results,revaluation"
EX0122,Examination,What documents are required for revaluation?,Contact the Examination Cell for procedures and deadlines.,"exam,results,revaluation"
EX0123,Examination,When are results announced?,Follow the examination guidelines issued by your department.,"exam,results,revaluation"
EX0124,Examination,Can I appear for improvement exams?,Exam-related dates and announcements are published through official notices.,"exam,results,revaluation"
EX0125,Examination,How do I report exam issues?,Your program's academic regulations define examination rules and passing criteria.,"exam,results,revaluation"
EX0126,Examination,What is malpractice?,"Results, hall tickets and examination forms are released through official channels.","exam,results,revaluation"
EX0127,Examination,What are unfair means rules?,Keep checking notices for updates regarding examinations and results.,"exam,results,revaluation"
EX0128,Examination,How are answer sheets evaluated?,"For specific cases, contact the Examination Cell or your department office.","exam,results,revaluation"
EX0129,Examination,What is the exam timetable?,Please refer to the official examination notifications for the latest schedule.,"exam,results,revaluation"
EX0130,Examination,When are practical exams?,Contact the Examination Cell for procedures and deadlines.,"exam,results,revaluation"
EX0131,Examination,What is the internal exam schedule?,Follow the examination guidelines issued by your department.,"exam,results,revaluation"
EX0132,Examination,How are internal marks calculated?,Exam-related dates and announcements are published through official notices.,"exam,results,revaluation"
EX0133,Examination,Can I improve my marks?,Your program's academic regulations define examination rules and passing criteria.,"exam,results,revaluation"
EX0134,Examination,What is the rechecking process?,"Results, hall tickets and examination forms are released through official channels.","exam,results,revaluation"
EX0135,Examination,What is revaluation?,Keep checking notices for updates regarding examinations and results.,"exam,results,revaluation"
EX0136,Examination,How do I apply for a backlog exam?,"For specific cases, contact the Examination Cell or your department office.","exam,results,revaluation"
EX0137,Examination,What if I miss an exam?,Please refer to the official examination notifications for the latest schedule.,"exam,results,revaluation"
EX0138,Examination,When are supplementary exams?,Contact the Examination Cell for procedures and deadlines.,"exam,results,revaluation"
EX0139,Examination,How do I check my results?,Follow the examination guidelines issued by your department.,"exam,results,revaluation"
EX0140,Examination,Where can I download my marksheet?,Exam-related dates and announcements are published through official notices.,"exam,results,revaluation"
EX0141,Examination,What is the grading system?,Your program's academic regulations define examination rules and passing criteria.,"exam,results,revaluation"
EX0142,Examination,What are ATKT rules?,"Results, hall tickets and examination forms are released through official channels.","exam,results,revaluation"
EX0143,Examination,Can I use a calculator?,Keep checking notices for updates regarding examinations and results.,"exam,results,revaluation"
EX0144,Examination,What are the exam rules?,"For specific cases, contact the Examination Cell or your department office.","exam,results,revaluation"
EX0145,Examination,What items are prohibited in the exam hall?,Please refer to the official examination notifications for the latest schedule.,"exam,results,revaluation"
EX0146,Examination,How early should I reach the exam center?,Contact the Examination Cell for procedures and deadlines.,"exam,results,revaluation"
EX0147,Examination,What happens if I am late?,Follow the examination guidelines issued by your department.,"exam,results,revaluation"
EX0148,Examination,How is attendance related to exams?,Exam-related dates and announcements are published through official notices.,"exam,results,revaluation"
EX0149,Examination,How are practicals evaluated?,Your program's academic regulations define examination rules and passing criteria.,"exam,results,revaluation"
EX0150,Examination,What is viva examination?,"Results, hall tickets and examination forms are released through official channels.","exam,results,revaluation"
EX0151,Examination,How do project evaluations work?,Keep checking notices for updates regarding examinations and results.,"exam,results,revaluation"
EX0152,Examination,Can I challenge my result?,"For specific cases, contact the Examination Cell or your department office.","exam,results,revaluation"
EX0153,Examination,How long does revaluation take?,Please refer to the official examination notifications for the latest schedule.,"exam,results,revaluation"
EX0154,Examination,What documents are required for revaluation?,Contact the Examination Cell for procedures and deadlines.,"exam,results,revaluation"
EX0155,Examination,When are results announced?,Follow the examination guidelines issued by your department.,"exam,results,revaluation"
EX0156,Examination,Can I appear for improvement exams?,Exam-related dates and announcements are published through official notices.,"exam,results,revaluation"
EX0157,Examination,How do I report exam issues?,Your program's academic regulations define examination rules and passing criteria.,"exam,results,revaluation"
EX0158,Examination,What is malpractice?,"Results, hall tickets and examination forms are released through official channels.","exam,results,revaluation"
EX0159,Examination,What are unfair means rules?,Keep checking notices for updates regarding examinations and results.,"exam,results,revaluation"
EX0160,Examination,How are answer sheets evaluated?,"For specific cases, contact the Examination Cell or your department office.","exam,results,revaluation"
EX0161,Examination,What is the exam timetable?,Please refer to the official examination notifications for the latest schedule.,"exam,results,revaluation"
EX0162,Examination,When are practical exams?,Contact the Examination Cell for procedures and deadlines.,"exam,results,revaluation"
EX0163,Examination,What is the internal exam schedule?,Follow the examination guidelines issued by your department.,"exam,results,revaluation"
EX0164,Examination,How are internal marks calculated?,Exam-related dates and announcements are published through official notices.,"exam,results,revaluation"
EX0165,Examination,Can I improve my marks?,Your program's academic regulations define examination rules and passing criteria.,"exam,results,revaluation"
EX0166,Examination,What is the rechecking process?,"Results, hall tickets and examination forms are released through official channels.","exam,results,revaluation"
EX0167,Examination,What is revaluation?,Keep checking notices for updates regarding examinations and results.,"exam,results,revaluation"
EX0168,Examination,How do I apply for a backlog exam?,"For specific cases, contact the Examination Cell or your department office.","exam,results,revaluation"
EX0169,Examination,What if I miss an exam?,Please refer to the official examination notifications for the latest schedule.,"exam,results,revaluation"
EX0170,Examination,When are supplementary exams?,Contact the Examination Cell for procedures and deadlines.,"exam,results,revaluation"
EX0171,Examination,How do I check my results?,Follow the examination guidelines issued by your department.,"exam,results,revaluation"
EX0172,Examination,Where can I download my marksheet?,Exam-related dates and announcements are published through official notices.,"exam,results,revaluation"
EX0173,Examination,What is the grading system?,Your program's academic regulations define examination rules and passing criteria.,"exam,results,revaluation"
EX0174,Examination,What are ATKT rules?,"Results, hall tickets and examination forms are released through official channels.","exam,results,revaluation"
EX0175,Examination,Can I use a calculator?,Keep checking notices for updates regarding examinations and results.,"exam,results,revaluation"
EX0176,Examination,What are the exam rules?,"For specific cases, contact the Examination Cell or your department office.","exam,results,revaluation"
EX0177,Examination,What items are prohibited in the exam hall?,Please refer to the official examination notifications for the latest schedule.,"exam,results,revaluation"
EX0178,Examination,How early should I reach the exam center?,Contact the Examination Cell for procedures and deadlines.,"exam,results,revaluation"
EX0179,Examination,What happens if I am late?,Follow the examination guidelines issued by your department.,"exam,results,revaluation"
EX0180,Examination,How is attendance related to exams?,Exam-related dates and announcements are published through official notices.,"exam,results,revaluation"
EX0181,Examination,How are practicals evaluated?,Your program's academic regulations define examination rules and passing criteria.,"exam,results,revaluation"
EX0182,Examination,What is viva examination?,"Results, hall tickets and examination forms are released through official channels.","exam,results,revaluation"
EX0183,Examination,How do project evaluations work?,Keep checking notices for updates regarding examinations and results.,"exam,results,revaluation"
EX0184,Examination,Can I challenge my result?,"For specific cases, contact the Examination Cell or your department office.","exam,results,revaluation"
EX0185,Examination,How long does revaluation take?,Please refer to the official examination notifications for the latest schedule.,"exam,results,revaluation"
EX0186,Examination,What documents are required for revaluation?,Contact the Examination Cell for procedures and deadlines.,"exam,results,revaluation"
EX0187,Examination,When are results announced?,Follow the examination guidelines issued by your department.,"exam,results,revaluation"
EX0188,Examination,Can I appear for improvement exams?,Exam-related dates and announcements are published through official notices.,"exam,results,revaluation"
EX0189,Examination,How do I report exam issues?,Your program's academic regulations define examination rules and passing criteria.,"exam,results,revaluation"
EX0190,Examination,What is malpractice?,"Results, hall tickets and examination forms are released through official channels.","exam,results,revaluation"
EX0191,Examination,What are unfair means rules?,Keep checking notices for updates regarding examinations and results.,"exam,results,revaluation"
EX0192,Examination,How are answer sheets evaluated?,"For specific cases, contact the Examination Cell or your department office.","exam,results,revaluation"
EX0193,Examination,What is the exam timetable?,Please refer to the official examination notifications for the latest schedule.,"exam,results,revaluation"
EX0194,Examination,When are practical exams?,Contact the Examination Cell for procedures and deadlines.,"exam,results,revaluation"
EX0195,Examination,What is the internal exam schedule?,Follow the examination guidelines issued by your department.,"exam,results,revaluation"
EX0196,Examination,How are internal marks calculated?,Exam-related dates and announcements are published through official notices.,"exam,results,revaluation"
EX0197,Examination,Can I improve my marks?,Your program's academic regulations define examination rules and passing criteria.,"exam,results,revaluation"
EX0198,Examination,What is the rechecking process?,"Results, hall tickets and examination forms are released through official channels.","exam,results,revaluation"
EX0199,Examination,What is revaluation?,Keep checking notices for updates regarding examinations and results.,"exam,results,revaluation"
EX0200,Examination,How do I apply for a backlog exam?,"For specific cases, contact the Examination Cell or your department office.","exam,results,revaluation"
EX0201,Examination,What if I miss an exam?,Please refer to the official examination notifications for the latest schedule.,"exam,results,revaluation"
EX0202,Examination,When are supplementary exams?,Contact the Examination Cell for procedures and deadlines.,"exam,results,revaluation"
EX0203,Examination,How do I check my results?,Follow the examination guidelines issued by your department.,"exam,results,revaluation"
EX0204,Examination,Where can I download my marksheet?,Exam-related dates and announcements are published through official notices.,"exam,results,revaluation"
EX0205,Examination,What is the grading system?,Your program's academic regulations define examination rules and passing criteria.,"exam,results,revaluation"
EX0206,Examination,What are ATKT rules?,"Results, hall tickets and examination forms are released through official channels.","exam,results,revaluation"
EX0207,Examination,Can I use a calculator?,Keep checking notices for updates regarding examinations and results.,"exam,results,revaluation"
EX0208,Examination,What are the exam rules?,"For specific cases, contact the Examination Cell or your department office.","exam,results,revaluation"
EX0209,Examination,What items are prohibited in the exam hall?,Please refer to the official examination notifications for the latest schedule.,"exam,results,revaluation"
EX0210,Examination,How early should I reach the exam center?,Contact the Examination Cell for procedures and deadlines.,"exam,results,revaluation"
EX0211,Examination,What happens if I am late?,Follow the examination guidelines issued by your department.,"exam,results,revaluation"
EX0212,Examination,How is attendance related to exams?,Exam-related dates and announcements are published through official notices.,"exam,results,revaluation"
EX0213,Examination,How are practicals evaluated?,Your program's academic regulations define examination rules and passing criteria.,"exam,results,revaluation"
EX0214,Examination,What is viva examination?,"Results, hall tickets and examination forms are released through official channels.","exam,results,revaluation"
EX0215,Examination,How do project evaluations work?,Keep checking notices for updates regarding examinations and results.,"exam,results,revaluation"
EX0216,Examination,Can I challenge my result?,"For specific cases, contact the Examination Cell or your department office.","exam,results,revaluation"
EX0217,Examination,How long does revaluation take?,Please refer to the official examination notifications for the latest schedule.,"exam,results,revaluation"
EX0218,Examination,What documents are required for revaluation?,Contact the Examination Cell for procedures and deadlines.,"exam,results,revaluation"
EX0219,Examination,When are results announced?,Follow the examination guidelines issued by your department.,"exam,results,revaluation"
EX0220,Examination,Can I appear for improvement exams?,Exam-related dates and announcements are published through official notices.,"exam,results,revaluation"
EX0221,Examination,How do I report exam issues?,Your program's academic regulations define examination rules and passing criteria.,"exam,results,revaluation"
EX0222,Examination,What is malpractice?,"Results, hall tickets and examination forms are released through official channels.","exam,results,revaluation"
EX0223,Examination,What are unfair means rules?,Keep checking notices for updates regarding examinations and results.,"exam,results,revaluation"
EX0224,Examination,How are answer sheets evaluated?,"For specific cases, contact the Examination Cell or your department office.","exam,results,revaluation"
EX0225,Examination,What is the exam timetable?,Please refer to the official examination notifications for the latest schedule.,"exam,results,revaluation"
EX0226,Examination,When are practical exams?,Contact the Examination Cell for procedures and deadlines.,"exam,results,revaluation"
EX0227,Examination,What is the internal exam schedule?,Follow the examination guidelines issued by your department.,"exam,results,revaluation"
EX0228,Examination,How are internal marks calculated?,Exam-related dates and announcements are published through official notices.,"exam,results,revaluation"
EX0229,Examination,Can I improve my marks?,Your program's academic regulations define examination rules and passing criteria.,"exam,results,revaluation"
EX0230,Examination,What is the rechecking process?,"Results, hall tickets and examination forms are released through official channels.","exam,results,revaluation"
EX0231,Examination,What is revaluation?,Keep checking notices for updates regarding examinations and results.,"exam,results,revaluation"
EX0232,Examination,How do I apply for a backlog exam?,"For specific cases, contact the Examination Cell or your department office.","exam,results,revaluation"
EX0233,Examination,What if I miss an exam?,Please refer to the official examination notifications for the latest schedule.,"exam,results,revaluation"
EX0234,Examination,When are supplementary exams?,Contact the Examination Cell for procedures and deadlines.,"exam,results,revaluation"
EX0235,Examination,How do I check my results?,Follow the examination guidelines issued by your department.,"exam,results,revaluation"
EX0236,Examination,Where can I download my marksheet?,Exam-related dates and announcements are published through official notices.,"exam,results,revaluation"
EX0237,Examination,What is the grading system?,Your program's academic regulations define examination rules and passing criteria.,"exam,results,revaluation"
EX0238,Examination,What are ATKT rules?,"Results, hall tickets and examination forms are released through official channels.","exam,results,revaluation"
EX0239,Examination,Can I use a calculator?,Keep checking notices for updates regarding examinations and results.,"exam,results,revaluation"
EX0240,Examination,What are the exam rules?,"For specific cases, contact the Examination Cell or your department office.","exam,results,revaluation"
EX0241,Examination,What items are prohibited in the exam hall?,Please refer to the official examination notifications for the latest schedule.,"exam,results,revaluation"
EX0242,Examination,How early should I reach the exam center?,Contact the Examination Cell for procedures and deadlines.,"exam,results,revaluation"
EX0243,Examination,What happens if I am late?,Follow the examination guidelines issued by your department.,"exam,results,revaluation"
EX0244,Examination,How is attendance related to exams?,Exam-related dates and announcements are published through official notices.,"exam,results,revaluation"
EX0245,Examination,How are practicals evaluated?,Your program's academic regulations define examination rules and passing criteria.,"exam,results,revaluation"
EX0246,Examination,What is viva examination?,"Results, hall tickets and examination forms are released through official channels.","exam,results,revaluation"
EX0247,Examination,How do project evaluations work?,Keep checking notices for updates regarding examinations and results.,"exam,results,revaluation"
EX0248,Examination,Can I challenge my result?,"For specific cases, contact the Examination Cell or your department office.","exam,results,revaluation"
EX0249,Examination,How long does revaluation take?,Please refer to the official examination notifications for the latest schedule.,"exam,results,revaluation"
EX0250,Examination,What documents are required for revaluation?,Contact the Examination Cell for procedures and deadlines.,"exam,results,revaluation"
EX0251,Examination,When are results announced?,Follow the examination guidelines issued by your department.,"exam,results,revaluation"
EX0252,Examination,Can I appear for improvement exams?,Exam-related dates and announcements are published through official notices.,"exam,results,revaluation"
EX0253,Examination,How do I report exam issues?,Your program's academic regulations define examination rules and passing criteria.,"exam,results,revaluation"
EX0254,Examination,What is malpractice?,"Results, hall tickets and examination forms are released through official channels.","exam,results,revaluation"
EX0255,Examination,What are unfair means rules?,Keep checking notices for updates regarding examinations and results.,"exam,results,revaluation"
EX0256,Examination,How are answer sheets evaluated?,"For specific cases, contact the Examination Cell or your department office.","exam,results,revaluation"
EX0257,Examination,What is the exam timetable?,Please refer to the official examination notifications for the latest schedule.,"exam,results,revaluation"
EX0258,Examination,When are practical exams?,Contact the Examination Cell for procedures and deadlines.,"exam,results,revaluation"
EX0259,Examination,What is the internal exam schedule?,Follow the examination guidelines issued by your department.,"exam,results,revaluation"
EX0260,Examination,How are internal marks calculated?,Exam-related dates and announcements are published through official notices.,"exam,results,revaluation"
EX0261,Examination,Can I improve my marks?,Your program's academic regulations define examination rules and passing criteria.,"exam,results,revaluation"
EX0262,Examination,What is the rechecking process?,"Results, hall tickets and examination forms are released through official channels.","exam,results,revaluation"
EX0263,Examination,What is revaluation?,Keep checking notices for updates regarding examinations and results.,"exam,results,revaluation"
EX0264,Examination,How do I apply for a backlog exam?,"For specific cases, contact the Examination Cell or your department office.","exam,results,revaluation"
EX0265,Examination,What if I miss an exam?,Please refer to the official examination notifications for the latest schedule.,"exam,results,revaluation"
EX0266,Examination,When are supplementary exams?,Contact the Examination Cell for procedures and deadlines.,"exam,results,revaluation"
EX0267,Examination,How do I check my results?,Follow the examination guidelines issued by your department.,"exam,results,revaluation"
EX0268,Examination,Where can I download my marksheet?,Exam-related dates and announcements are published through official notices.,"exam,results,revaluation"
EX0269,Examination,What is the grading system?,Your program's academic regulations define examination rules and passing criteria.,"exam,results,revaluation"
EX0270,Examination,What are ATKT rules?,"Results, hall tickets and examination forms are released through official channels.","exam,results,revaluation"
EX0271,Examination,Can I use a calculator?,Keep checking notices for updates regarding examinations and results.,"exam,results,revaluation"
EX0272,Examination,What are the exam rules?,"For specific cases, contact the Examination Cell or your department office.","exam,results,revaluation"
EX0273,Examination,What items are prohibited in the exam hall?,Please refer to the official examination notifications for the latest schedule.,"exam,results,revaluation"
EX0274,Examination,How early should I reach the exam center?,Contact the Examination Cell for procedures and deadlines.,"exam,results,revaluation"
EX0275,Examination,What happens if I am late?,Follow the examination guidelines issued by your department.,"exam,results,revaluation"
EX0276,Examination,How is attendance related to exams?,Exam-related dates and announcements are published through official notices.,"exam,results,revaluation"
EX0277,Examination,How are practicals evaluated?,Your program's academic regulations define examination rules and passing criteria.,"exam,results,revaluation"
EX0278,Examination,What is viva examination?,"Results, hall tickets and examination forms are released through official channels.","exam,results,revaluation"
EX0279,Examination,How do project evaluations work?,Keep checking notices for updates regarding examinations and results.,"exam,results,revaluation"
EX0280,Examination,Can I challenge my result?,"For specific cases, contact the Examination Cell or your department office.","exam,results,revaluation"
EX0281,Examination,How long does revaluation take?,Please refer to the official examination notifications for the latest schedule.,"exam,results,revaluation"
EX0282,Examination,What documents are required for revaluation?,Contact the Examination Cell for procedures and deadlines.,"exam,results,revaluation"
EX0283,Examination,When are results announced?,Follow the examination guidelines issued by your department.,"exam,results,revaluation"
EX0284,Examination,Can I appear for improvement exams?,Exam-related dates and announcements are published through official notices.,"exam,results,revaluation"
EX0285,Examination,How do I report exam issues?,Your program's academic regulations define examination rules and passing criteria.,"exam,results,revaluation"
EX0286,Examination,What is malpractice?,"Results, hall tickets and examination forms are released through official channels.","exam,results,revaluation"
EX0287,Examination,What are unfair means rules?,Keep checking notices for updates regarding examinations and results.,"exam,results,revaluation"
EX0288,Examination,How are answer sheets evaluated?,"For specific cases, contact the Examination Cell or your department office.","exam,results,revaluation"
EX0289,Examination,What is the exam timetable?,Please refer to the official examination notifications for the latest schedule.,"exam,results,revaluation"
EX0290,Examination,When are practical exams?,Contact the Examination Cell for procedures and deadlines.,"exam,results,revaluation"
EX0291,Examination,What is the internal exam schedule?,Follow the examination guidelines issued by your department.,"exam,results,revaluation"
EX0292,Examination,How are internal marks calculated?,Exam-related dates and announcements are published through official notices.,"exam,results,revaluation"
EX0293,Examination,Can I improve my marks?,Your program's academic regulations define examination rules and passing criteria.,"exam,results,revaluation"
EX0294,Examination,What is the rechecking process?,"Results, hall tickets and examination forms are released through official channels.","exam,results,revaluation"
EX0295,Examination,What is revaluation?,Keep checking notices for updates regarding examinations and results.,"exam,results,revaluation"
EX0296,Examination,How do I apply for a backlog exam?,"For specific cases, contact the Examination Cell or your department office.","exam,results,revaluation"
EX0297,Examination,What if I miss an exam?,Please refer to the official examination notifications for the latest schedule.,"exam,results,revaluation"
EX0298,Examination,When are supplementary exams?,Contact the Examination Cell for procedures and deadlines.,"exam,results,revaluation"
EX0299,Examination,How do I check my results?,Follow the examination guidelines issued by your department.,"exam,results,revaluation"
EX0300,Examination,Where can I download my marksheet?,Exam-related dates and announcements are published through official notices.,"exam,results,revaluation"
EX0301,Examination,What is the grading system?,Your program's academic regulations define examination rules and passing criteria.,"exam,results,revaluation"
EX0302,Examination,What are ATKT rules?,"Results, hall tickets and examination forms are released through official channels.","exam,results,revaluation"
EX0303,Examination,Can I use a calculator?,Keep checking notices for updates regarding examinations and results.,"exam,results,revaluation"
EX0304,Examination,What are the exam rules?,"For specific cases, contact the Examination Cell or your department office.","exam,results,revaluation"
EX0305,Examination,What items are prohibited in the exam hall?,Please refer to the official examination notifications for the latest schedule.,"exam,results,revaluation"
EX0306,Examination,How early should I reach the exam center?,Contact the Examination Cell for procedures and deadlines.,"exam,results,revaluation"
EX0307,Examination,What happens if I am late?,Follow the examination guidelines issued by your department.,"exam,results,revaluation"
EX0308,Examination,How is attendance related to exams?,Exam-related dates and announcements are published through official notices.,"exam,results,revaluation"
EX0309,Examination,How are practicals evaluated?,Your program's academic regulations define examination rules and passing criteria.,"exam,results,revaluation"
EX0310,Examination,What is viva examination?,"Results, hall tickets and examination forms are released through official channels.","exam,results,revaluation"
EX0311,Examination,How do project evaluations work?,Keep checking notices for updates regarding examinations and results.,"exam,results,revaluation"
EX0312,Examination,Can I challenge my result?,"For specific cases, contact the Examination Cell or your department office.","exam,results,revaluation"
EX0313,Examination,How long does revaluation take?,Please refer to the official examination notifications for the latest schedule.,"exam,results,revaluation"
EX0314,Examination,What documents are required for revaluation?,Contact the Examination Cell for procedures and deadlines.,"exam,results,revaluation"
EX0315,Examination,When are results announced?,Follow the examination guidelines issued by your department.,"exam,results,revaluation"
EX0316,Examination,Can I appear for improvement exams?,Exam-related dates and announcements are published through official notices.,"exam,results,revaluation"
EX0317,Examination,How do I report exam issues?,Your program's academic regulations define examination rules and passing criteria.,"exam,results,revaluation"
EX0318,Examination,What is malpractice?,"Results, hall tickets and examination forms are released through official channels.","exam,results,revaluation"
EX0319,Examination,What are unfair means rules?,Keep checking notices for updates regarding examinations and results.,"exam,results,revaluation"
EX0320,Examination,How are answer sheets evaluated?,"For specific cases, contact the Examination Cell or your department office.","exam,results,revaluation"
EX0321,Examination,What is the exam timetable?,Please refer to the official examination notifications for the latest schedule.,"exam,results,revaluation"
EX0322,Examination,When are practical exams?,Contact the Examination Cell for procedures and deadlines.,"exam,results,revaluation"
EX0323,Examination,What is the internal exam schedule?,Follow the examination guidelines issued by your department.,"exam,results,revaluation"
EX0324,Examination,How are internal marks calculated?,Exam-related dates and announcements are published through official notices.,"exam,results,revaluation"
EX0325,Examination,Can I improve my marks?,Your program's academic regulations define examination rules and passing criteria.,"exam,results,revaluation"
EX0326,Examination,What is the rechecking process?,"Results, hall tickets and examination forms are released through official channels.","exam,results,revaluation"
EX0327,Examination,What is revaluation?,Keep checking notices for updates regarding examinations and results.,"exam,results,revaluation"
EX0328,Examination,How do I apply for a backlog exam?,"For specific cases, contact the Examination Cell or your department office.","exam,results,revaluation"
EX0329,Examination,What if I miss an exam?,Please refer to the official examination notifications for the latest schedule.,"exam,results,revaluation"
EX0330,Examination,When are supplementary exams?,Contact the Examination Cell for procedures and deadlines.,"exam,results,revaluation"
EX0331,Examination,How do I check my results?,Follow the examination guidelines issued by your department.,"exam,results,revaluation"
EX0332,Examination,Where can I download my marksheet?,Exam-related dates and announcements are published through official notices.,"exam,results,revaluation"
EX0333,Examination,What is the grading system?,Your program's academic regulations define examination rules and passing criteria.,"exam,results,revaluation"
EX0334,Examination,What are ATKT rules?,"Results, hall tickets and examination forms are released through official channels.","exam,results,revaluation"
EX0335,Examination,Can I use a calculator?,Keep checking notices for updates regarding examinations and results.,"exam,results,revaluation"
EX0336,Examination,What are the exam rules?,"For specific cases, contact the Examination Cell or your department office.","exam,results,revaluation"
EX0337,Examination,What items are prohibited in the exam hall?,Please refer to the official examination notifications for the latest schedule.,"exam,results,revaluation"
EX0338,Examination,How early should I reach the exam center?,Contact the Examination Cell for procedures and deadlines.,"exam,results,revaluation"
EX0339,Examination,What happens if I am late?,Follow the examination guidelines issued by your department.,"exam,results,revaluation"
EX0340,Examination,How is attendance related to exams?,Exam-related dates and announcements are published through official notices.,"exam,results,revaluation"
EX0341,Examination,How are practicals evaluated?,Your program's academic regulations define examination rules and passing criteria.,"exam,results,revaluation"
EX0342,Examination,What is viva examination?,"Results, hall tickets and examination forms are released through official channels.","exam,results,revaluation"
EX0343,Examination,How do project evaluations work?,Keep checking notices for updates regarding examinations and results.,"exam,results,revaluation"
EX0344,Examination,Can I challenge my result?,"For specific cases, contact the Examination Cell or your department office.","exam,results,revaluation"
EX0345,Examination,How long does revaluation take?,Please refer to the official examination notifications for the latest schedule.,"exam,results,revaluation"
EX0346,Examination,What documents are required for revaluation?,Contact the Examination Cell for procedures and deadlines.,"exam,results,revaluation"
EX0347,Examination,When are results announced?,Follow the examination guidelines issued by your department.,"exam,results,revaluation"
EX0348,Examination,Can I appear for improvement exams?,Exam-related dates and announcements are published through official notices.,"exam,results,revaluation"
EX0349,Examination,How do I report exam issues?,Your program's academic regulations define examination rules and passing criteria.,"exam,results,revaluation"
EX0350,Examination,What is malpractice?,"Results, hall tickets and examination forms are released through official channels.","exam,results,revaluation"
EX0351,Examination,What are unfair means rules?,Keep checking notices for updates regarding examinations and results.,"exam,results,revaluation"
EX0352,Examination,How are answer sheets evaluated?,"For specific cases, contact the Examination Cell or your department office.","exam,results,revaluation"
EX0353,Examination,What is the exam timetable?,Please refer to the official examination notifications for the latest schedule.,"exam,results,revaluation"
EX0354,Examination,When are practical exams?,Contact the Examination Cell for procedures and deadlines.,"exam,results,revaluation"
EX0355,Examination,What is the internal exam schedule?,Follow the examination guidelines issued by your department.,"exam,results,revaluation"
EX0356,Examination,How are internal marks calculated?,Exam-related dates and announcements are published through official notices.,"exam,results,revaluation"
EX0357,Examination,Can I improve my marks?,Your program's academic regulations define examination rules and passing criteria.,"exam,results,revaluation"
EX0358,Examination,What is the rechecking process?,"Results, hall tickets and examination forms are released through official channels.","exam,results,revaluation"
EX0359,Examination,What is revaluation?,Keep checking notices for updates regarding examinations and results.,"exam,results,revaluation"
EX0360,Examination,How do I apply for a backlog exam?,"For specific cases, contact the Examination Cell or your department office.","exam,results,revaluation"
EX0361,Examination,What if I miss an exam?,Please refer to the official examination notifications for the latest schedule.,"exam,results,revaluation"
EX0362,Examination,When are supplementary exams?,Contact the Examination Cell for procedures and deadlines.,"exam,results,revaluation"
EX0363,Examination,How do I check my results?,Follow the examination guidelines issued by your department.,"exam,results,revaluation"
EX0364,Examination,Where can I download my marksheet?,Exam-related dates and announcements are published through official notices.,"exam,results,revaluation"
EX0365,Examination,What is the grading system?,Your program's academic regulations define examination rules and passing criteria.,"exam,results,revaluation"
EX0366,Examination,What are ATKT rules?,"Results, hall tickets and examination forms are released through official channels.","exam,results,revaluation"
EX0367,Examination,Can I use a calculator?,Keep checking notices for updates regarding examinations and results.,"exam,results,revaluation"
EX0368,Examination,What are the exam rules?,"For specific cases, contact the Examination Cell or your department office.","exam,results,revaluation"
EX0369,Examination,What items are prohibited in the exam hall?,Please refer to the official examination notifications for the latest schedule.,"exam,results,revaluation"
EX0370,Examination,How early should I reach the exam center?,Contact the Examination Cell for procedures and deadlines.,"exam,results,revaluation"
EX0371,Examination,What happens if I am late?,Follow the examination guidelines issued by your department.,"exam,results,revaluation"
EX0372,Examination,How is attendance related to exams?,Exam-related dates and announcements are published through official notices.,"exam,results,revaluation"
EX0373,Examination,How are practicals evaluated?,Your program's academic regulations define examination rules and passing criteria.,"exam,results,revaluation"
EX0374,Examination,What is viva examination?,"Results, hall tickets and examination forms are released through official channels.","exam,results,revaluation"
EX0375,Examination,How do project evaluations work?,Keep checking notices for updates regarding examinations and results.,"exam,results,revaluation"
EX0376,Examination,Can I challenge my result?,"For specific cases, contact the Examination Cell or your department office.","exam,results,revaluation"
EX0377,Examination,How long does revaluation take?,Please refer to the official examination notifications for the latest schedule.,"exam,results,revaluation"
EX0378,Examination,What documents are required for revaluation?,Contact the Examination Cell for procedures and deadlines.,"exam,results,revaluation"
EX0379,Examination,When are results announced?,Follow the examination guidelines issued by your department.,"exam,results,revaluation"
EX0380,Examination,Can I appear for improvement exams?,Exam-related dates and announcements are published through official notices.,"exam,results,revaluation"
EX0381,Examination,How do I report exam issues?,Your program's academic regulations define examination rules and passing criteria.,"exam,results,revaluation"
EX0382,Examination,What is malpractice?,"Results, hall tickets and examination forms are released through official channels.","exam,results,revaluation"
EX0383,Examination,What are unfair means rules?,Keep checking notices for updates regarding examinations and results.,"exam,results,revaluation"
EX0384,Examination,How are answer sheets evaluated?,"For specific cases, contact the Examination Cell or your department office.","exam,results,revaluation"
EX0385,Examination,What is the exam timetable?,Please refer to the official examination notifications for the latest schedule.,"exam,results,revaluation"
EX0386,Examination,When are practical exams?,Contact the Examination Cell for procedures and deadlines.,"exam,results,revaluation"
EX0387,Examination,What is the internal exam schedule?,Follow the examination guidelines issued by your department.,"exam,results,revaluation"
EX0388,Examination,How are internal marks calculated?,Exam-related dates and announcements are published through official notices.,"exam,results,revaluation"
EX0389,Examination,Can I improve my marks?,Your program's academic regulations define examination rules and passing criteria.,"exam,results,revaluation"
EX0390,Examination,What is the rechecking process?,"Results, hall tickets and examination forms are released through official channels.","exam,results,revaluation"
EX0391,Examination,What is revaluation?,Keep checking notices for updates regarding examinations and results.,"exam,results,revaluation"
EX0392,Examination,How do I apply for a backlog exam?,"For specific cases, contact the Examination Cell or your department office.","exam,results,revaluation"
EX0393,Examination,What if I miss an exam?,Please refer to the official examination notifications for the latest schedule.,"exam,results,revaluation"
EX0394,Examination,When are supplementary exams?,Contact the Examination Cell for procedures and deadlines.,"exam,results,revaluation"
EX0395,Examination,How do I check my results?,Follow the examination guidelines issued by your department.,"exam,results,revaluation"
EX0396,Examination,Where can I download my marksheet?,Exam-related dates and announcements are published through official notices.,"exam,results,revaluation"
EX0397,Examination,What is the grading system?,Your program's academic regulations define examination rules and passing criteria.,"exam,results,revaluation"
EX0398,Examination,What are ATKT rules?,"Results, hall tickets and examination forms are released through official channels.","exam,results,revaluation"
EX0399,Examination,Can I use a calculator?,Keep checking notices for updates regarding examinations and results.,"exam,results,revaluation"
EX0400,Examination,What are the exam rules?,"For specific cases, contact the Examination Cell or your department office.","exam,results,revaluation"
EX0401,Examination,What items are prohibited in the exam hall?,Please refer to the official examination notifications for the latest schedule.,"exam,results,revaluation"
EX0402,Examination,How early should I reach the exam center?,Contact the Examination Cell for procedures and deadlines.,"exam,results,revaluation"
EX0403,Examination,What happens if I am late?,Follow the examination guidelines issued by your department.,"exam,results,revaluation"
EX0404,Examination,How is attendance related to exams?,Exam-related dates and announcements are published through official notices.,"exam,results,revaluation"
EX0405,Examination,How are practicals evaluated?,Your program's academic regulations define examination rules and passing criteria.,"exam,results,revaluation"
EX0406,Examination,What is viva examination?,"Results, hall tickets and examination forms are released through official channels.","exam,results,revaluation"
EX0407,Examination,How do project evaluations work?,Keep checking notices for updates regarding examinations and results.,"exam,results,revaluation"
EX0408,Examination,Can I challenge my result?,"For specific cases, contact the Examination Cell or your department office.","exam,results,revaluation"
EX0409,Examination,How long does revaluation take?,Please refer to the official examination notifications for the latest schedule.,"exam,results,revaluation"
EX0410,Examination,What documents are required for revaluation?,Contact the Examination Cell for procedures and deadlines.,"exam,results,revaluation"
EX0411,Examination,When are results announced?,Follow the examination guidelines issued by your department.,"exam,results,revaluation"
EX0412,Examination,Can I appear for improvement exams?,Exam-related dates and announcements are published through official notices.,"exam,results,revaluation"
EX0413,Examination,How do I report exam issues?,Your program's academic regulations define examination rules and passing criteria.,"exam,results,revaluation"
EX0414,Examination,What is malpractice?,"Results, hall tickets and examination forms are released through official channels.","exam,results,revaluation"
EX0415,Examination,What are unfair means rules?,Keep checking notices for updates regarding examinations and results.,"exam,results,revaluation"
EX0416,Examination,How are answer sheets evaluated?,"For specific cases, contact the Examination Cell or your department office.","exam,results,revaluation"
EX0417,Examination,What is the exam timetable?,Please refer to the official examination notifications for the latest schedule.,"exam,results,revaluation"
EX0418,Examination,When are practical exams?,Contact the Examination Cell for procedures and deadlines.,"exam,results,revaluation"
EX0419,Examination,What is the internal exam schedule?,Follow the examination guidelines issued by your department.,"exam,results,revaluation"
EX0420,Examination,How are internal marks calculated?,Exam-related dates and announcements are published through official notices.,"exam,results,revaluation"
EX0421,Examination,Can I improve my marks?,Your program's academic regulations define examination rules and passing criteria.,"exam,results,revaluation"
EX0422,Examination,What is the rechecking process?,"Results, hall tickets and examination forms are released through official channels.","exam,results,revaluation"
EX0423,Examination,What is revaluation?,Keep checking notices for updates regarding examinations and results.,"exam,results,revaluation"
EX0424,Examination,How do I apply for a backlog exam?,"For specific cases, contact the Examination Cell or your department office.","exam,results,revaluation"
EX0425,Examination,What if I miss an exam?,Please refer to the official examination notifications for the latest schedule.,"exam,results,revaluation"
EX0426,Examination,When are supplementary exams?,Contact the Examination Cell for procedures and deadlines.,"exam,results,revaluation"
EX0427,Examination,How do I check my results?,Follow the examination guidelines issued by your department.,"exam,results,revaluation"
EX0428,Examination,Where can I download my marksheet?,Exam-related dates and announcements are published through official notices.,"exam,results,revaluation"
EX0429,Examination,What is the grading system?,Your program's academic regulations define examination rules and passing criteria.,"exam,results,revaluation"
EX0430,Examination,What are ATKT rules?,"Results, hall tickets and examination forms are released through official channels.","exam,results,revaluation"
EX0431,Examination,Can I use a calculator?,Keep checking notices for updates regarding examinations and results.,"exam,results,revaluation"
EX0432,Examination,What are the exam rules?,"For specific cases, contact the Examination Cell or your department office.","exam,results,revaluation"
EX0433,Examination,What items are prohibited in the exam hall?,Please refer to the official examination notifications for the latest schedule.,"exam,results,revaluation"
EX0434,Examination,How early should I reach the exam center?,Contact the Examination Cell for procedures and deadlines.,"exam,results,revaluation"
EX0435,Examination,What happens if I am late?,Follow the examination guidelines issued by your department.,"exam,results,revaluation"
EX0436,Examination,How is attendance related to exams?,Exam-related dates and announcements are published through official notices.,"exam,results,revaluation"
EX0437,Examination,How are practicals evaluated?,Your program's academic regulations define examination rules and passing criteria.,"exam,results,revaluation"
EX0438,Examination,What is viva examination?,"Results, hall tickets and examination forms are released through official channels.","exam,results,revaluation"
EX0439,Examination,How do project evaluations work?,Keep checking notices for updates regarding examinations and results.,"exam,results,revaluation"
EX0440,Examination,Can I challenge my result?,"For specific cases, contact the Examination Cell or your department office.","exam,results,revaluation"
EX0441,Examination,How long does revaluation take?,Please refer to the official examination notifications for the latest schedule.,"exam,results,revaluation"
EX0442,Examination,What documents are required for revaluation?,Contact the Examination Cell for procedures and deadlines.,"exam,results,revaluation"
EX0443,Examination,When are results announced?,Follow the examination guidelines issued by your department.,"exam,results,revaluation"
EX0444,Examination,Can I appear for improvement exams?,Exam-related dates and announcements are published through official notices.,"exam,results,revaluation"
EX0445,Examination,How do I report exam issues?,Your program's academic regulations define examination rules and passing criteria.,"exam,results,revaluation"
EX0446,Examination,What is malpractice?,"Results, hall tickets and examination forms are released through official channels.","exam,results,revaluation"
EX0447,Examination,What are unfair means rules?,Keep checking notices for updates regarding examinations and results.,"exam,results,revaluation"
EX0448,Examination,How are answer sheets evaluated?,"For specific cases, contact the Examination Cell or your department office.","exam,results,revaluation"
EX0449,Examination,What is the exam timetable?,Please refer to the official examination notifications for the latest schedule.,"exam,results,revaluation"
EX0450,Examination,When are practical exams?,Contact the Examination Cell for procedures and deadlines.,"exam,results,revaluation"
EX0451,Examination,What is the internal exam schedule?,Follow the examination guidelines issued by your department.,"exam,results,revaluation"
EX0452,Examination,How are internal marks calculated?,Exam-related dates and announcements are published through official notices.,"exam,results,revaluation"
EX0453,Examination,Can I improve my marks?,Your program's academic regulations define examination rules and passing criteria.,"exam,results,revaluation"
EX0454,Examination,What is the rechecking process?,"Results, hall tickets and examination forms are released through official channels.","exam,results,revaluation"
EX0455,Examination,What is revaluation?,Keep checking notices for updates regarding examinations and results.,"exam,results,revaluation"
EX0456,Examination,How do I apply for a backlog exam?,"For specific cases, contact the Examination Cell or your department office.","exam,results,revaluation"
EX0457,Examination,What if I miss an exam?,Please refer to the official examination notifications for the latest schedule.,"exam,results,revaluation"
EX0458,Examination,When are supplementary exams?,Contact the Examination Cell for procedures and deadlines.,"exam,results,revaluation"
EX0459,Examination,How do I check my results?,Follow the examination guidelines issued by your department.,"exam,results,revaluation"
EX0460,Examination,Where can I download my marksheet?,Exam-related dates and announcements are published through official notices.,"exam,results,revaluation"
EX0461,Examination,What is the grading system?,Your program's academic regulations define examination rules and passing criteria.,"exam,results,revaluation"
EX0462,Examination,What are ATKT rules?,"Results, hall tickets and examination forms are released through official channels.","exam,results,revaluation"
EX0463,Examination,Can I use a calculator?,Keep checking notices for updates regarding examinations and results.,"exam,results,revaluation"
EX0464,Examination,What are the exam rules?,"For specific cases, contact the Examination Cell or your department office.","exam,results,revaluation"
EX0465,Examination,What items are prohibited in the exam hall?,Please refer to the official examination notifications for the latest schedule.,"exam,results,revaluation"
EX0466,Examination,How early should I reach the exam center?,Contact the Examination Cell for procedures and deadlines.,"exam,results,revaluation"
EX0467,Examination,What happens if I am late?,Follow the examination guidelines issued by your department.,"exam,results,revaluation"
EX0468,Examination,How is attendance related to exams?,Exam-related dates and announcements are published through official notices.,"exam,results,revaluation"
EX0469,Examination,How are practicals evaluated?,Your program's academic regulations define examination rules and passing criteria.,"exam,results,revaluation"
EX0470,Examination,What is viva examination?,"Results, hall tickets and examination forms are released through official channels.","exam,results,revaluation"
EX0471,Examination,How do project evaluations work?,Keep checking notices for updates regarding examinations and results.,"exam,results,revaluation"
EX0472,Examination,Can I challenge my result?,"For specific cases, contact the Examination Cell or your department office.","exam,results,revaluation"
EX0473,Examination,How long does revaluation take?,Please refer to the official examination notifications for the latest schedule.,"exam,results,revaluation"
EX0474,Examination,What documents are required for revaluation?,Contact the Examination Cell for procedures and deadlines.,"exam,results,revaluation"
EX0475,Examination,When are results announced?,Follow the examination guidelines issued by your department.,"exam,results,revaluation"
EX0476,Examination,Can I appear for improvement exams?,Exam-related dates and announcements are published through official notices.,"exam,results,revaluation"
EX0477,Examination,How do I report exam issues?,Your program's academic regulations define examination rules and passing criteria.,"exam,results,revaluation"
EX0478,Examination,What is malpractice?,"Results, hall tickets and examination forms are released through official channels.","exam,results,revaluation"
EX0479,Examination,What are unfair means rules?,Keep checking notices for updates regarding examinations and results.,"exam,results,revaluation"
EX0480,Examination,How are answer sheets evaluated?,"For specific cases, contact the Examination Cell or your department office.","exam,results,revaluation"
EX0481,Examination,What is the exam timetable?,Please refer to the official examination notifications for the latest schedule.,"exam,results,revaluation"
EX0482,Examination,When are practical exams?,Contact the Examination Cell for procedures and deadlines.,"exam,results,revaluation"
EX0483,Examination,What is the internal exam schedule?,Follow the examination guidelines issued by your department.,"exam,results,revaluation"
EX0484,Examination,How are internal marks calculated?,Exam-related dates and announcements are published through official notices.,"exam,results,revaluation"
EX0485,Examination,Can I improve my marks?,Your program's academic regulations define examination rules and passing criteria.,"exam,results,revaluation"
EX0486,Examination,What is the rechecking process?,"Results, hall tickets and examination forms are released through official channels.","exam,results,revaluation"
EX0487,Examination,What is revaluation?,Keep checking notices for updates regarding examinations and results.,"exam,results,revaluation"
EX0488,Examination,How do I apply for a backlog exam?,"For specific cases, contact the Examination Cell or your department office.","exam,results,revaluation"
EX0489,Examination,What if I miss an exam?,Please refer to the official examination notifications for the latest schedule.,"exam,results,revaluation"
EX0490,Examination,When are supplementary exams?,Contact the Examination Cell for procedures and deadlines.,"exam,results,revaluation"
EX0491,Examination,How do I check my results?,Follow the examination guidelines issued by your department.,"exam,results,revaluation"
EX0492,Examination,Where can I download my marksheet?,Exam-related dates and announcements are published through official notices.,"exam,results,revaluation"
EX0493,Examination,What is the grading system?,Your program's academic regulations define examination rules and passing criteria.,"exam,results,revaluation"
EX0494,Examination,What are ATKT rules?,"Results, hall tickets and examination forms are released through official channels.","exam,results,revaluation"
EX0495,Examination,Can I use a calculator?,Keep checking notices for updates regarding examinations and results.,"exam,results,revaluation"
EX0496,Examination,What are the exam rules?,"For specific cases, contact the Examination Cell or your department office.","exam,results,revaluation"
EX0497,Examination,What items are prohibited in the exam hall?,Please refer to the official examination notifications for the latest schedule.,"exam,results,revaluation"
EX0498,Examination,How early should I reach the exam center?,Contact the Examination Cell for procedures and deadlines.,"exam,results,revaluation"
EX0499,Examination,What happens if I am late?,Follow the examination guidelines issued by your department.,"exam,results,revaluation"
EX0500,Examination,How is attendance related to exams?,Exam-related dates and announcements are published through official notices.,"exam,results,revaluation"
EX0501,Examination,How are practicals evaluated?,Your program's academic regulations define examination rules and passing criteria.,"exam,results,revaluation"
EX0502,Examination,What is viva examination?,"Results, hall tickets and examination forms are released through official channels.","exam,results,revaluation"
EX0503,Examination,How do project evaluations work?,Keep checking notices for updates regarding examinations and results.,"exam,results,revaluation"
EX0504,Examination,Can I challenge my result?,"For specific cases, contact the Examination Cell or your department office.","exam,results,revaluation"
EX0505,Examination,How long does revaluation take?,Please refer to the official examination notifications for the latest schedule.,"exam,results,revaluation"
EX0506,Examination,What documents are required for revaluation?,Contact the Examination Cell for procedures and deadlines.,"exam,results,revaluation"
EX0507,Examination,When are results announced?,Follow the examination guidelines issued by your department.,"exam,results,revaluation"
EX0508,Examination,Can I appear for improvement exams?,Exam-related dates and announcements are published through official notices.,"exam,results,revaluation"
EX0509,Examination,How do I report exam issues?,Your program's academic regulations define examination rules and passing criteria.,"exam,results,revaluation"
EX0510,Examination,What is malpractice?,"Results, hall tickets and examination forms are released through official channels.","exam,results,revaluation"
EX0511,Examination,What are unfair means rules?,Keep checking notices for updates regarding examinations and results.,"exam,results,revaluation"
EX0512,Examination,How are answer sheets evaluated?,"For specific cases, contact the Examination Cell or your department office.","exam,results,revaluation"
EX0513,Examination,What is the exam timetable?,Please refer to the official examination notifications for the latest schedule.,"exam,results,revaluation"
EX0514,Examination,When are practical exams?,Contact the Examination Cell for procedures and deadlines.,"exam,results,revaluation"
EX0515,Examination,What is the internal exam schedule?,Follow the examination guidelines issued by your department.,"exam,results,revaluation"
EX0516,Examination,How are internal marks calculated?,Exam-related dates and announcements are published through official notices.,"exam,results,revaluation"
EX0517,Examination,Can I improve my marks?,Your program's academic regulations define examination rules and passing criteria.,"exam,results,revaluation"
EX0518,Examination,What is the rechecking process?,"Results, hall tickets and examination forms are released through official channels.","exam,results,revaluation"
EX0519,Examination,What is revaluation?,Keep checking notices for updates regarding examinations and results.,"exam,results,revaluation"
EX0520,Examination,How do I apply for a backlog exam?,"For specific cases, contact the Examination Cell or your department office.","exam,results,revaluation"
EX0521,Examination,What if I miss an exam?,Please refer to the official examination notifications for the latest schedule.,"exam,results,revaluation"
EX0522,Examination,When are supplementary exams?,Contact the Examination Cell for procedures and deadlines.,"exam,results,revaluation"
EX0523,Examination,How do I check my results?,Follow the examination guidelines issued by your department.,"exam,results,revaluation"
EX0524,Examination,Where can I download my marksheet?,Exam-related dates and announcements are published through official notices.,"exam,results,revaluation"
EX0525,Examination,What is the grading system?,Your program's academic regulations define examination rules and passing criteria.,"exam,results,revaluation"
EX0526,Examination,What are ATKT rules?,"Results, hall tickets and examination forms are released through official channels.","exam,results,revaluation"
EX0527,Examination,Can I use a calculator?,Keep checking notices for updates regarding examinations and results.,"exam,results,revaluation"
EX0528,Examination,What are the exam rules?,"For specific cases, contact the Examination Cell or your department office.","exam,results,revaluation"
EX0529,Examination,What items are prohibited in the exam hall?,Please refer to the official examination notifications for the latest schedule.,"exam,results,revaluation"
EX0530,Examination,How early should I reach the exam center?,Contact the Examination Cell for procedures and deadlines.,"exam,results,revaluation"
EX0531,Examination,What happens if I am late?,Follow the examination guidelines issued by your department.,"exam,results,revaluation"
EX0532,Examination,How is attendance related to exams?,Exam-related dates and announcements are published through official notices.,"exam,results,revaluation"
EX0533,Examination,How are practicals evaluated?,Your program's academic regulations define examination rules and passing criteria.,"exam,results,revaluation"
EX0534,Examination,What is viva examination?,"Results, hall tickets and examination forms are released through official channels.","exam,results,revaluation"
EX0535,Examination,How do project evaluations work?,Keep checking notices for updates regarding examinations and results.,"exam,results,revaluation"
EX0536,Examination,Can I challenge my result?,"For specific cases, contact the Examination Cell or your department office.","exam,results,revaluation"
EX0537,Examination,How long does revaluation take?,Please refer to the official examination notifications for the latest schedule.,"exam,results,revaluation"
EX0538,Examination,What documents are required for revaluation?,Contact the Examination Cell for procedures and deadlines.,"exam,results,revaluation"
EX0539,Examination,When are results announced?,Follow the examination guidelines issued by your department.,"exam,results,revaluation"
EX0540,Examination,Can I appear for improvement exams?,Exam-related dates and announcements are published through official notices.,"exam,results,revaluation"
EX0541,Examination,How do I report exam issues?,Your program's academic regulations define examination rules and passing criteria.,"exam,results,revaluation"
EX0542,Examination,What is malpractice?,"Results, hall tickets and examination forms are released through official channels.","exam,results,revaluation"
EX0543,Examination,What are unfair means rules?,Keep checking notices for updates regarding examinations and results.,"exam,results,revaluation"
EX0544,Examination,How are answer sheets evaluated?,"For specific cases, contact the Examination Cell or your department office.","exam,results,revaluation"
EX0545,Examination,What is the exam timetable?,Please refer to the official examination notifications for the latest schedule.,"exam,results,revaluation"
EX0546,Examination,When are practical exams?,Contact the Examination Cell for procedures and deadlines.,"exam,results,revaluation"
EX0547,Examination,What is the internal exam schedule?,Follow the examination guidelines issued by your department.,"exam,results,revaluation"
EX0548,Examination,How are internal marks calculated?,Exam-related dates and announcements are published through official notices.,"exam,results,revaluation"
EX0549,Examination,Can I improve my marks?,Your program's academic regulations define examination rules and passing criteria.,"exam,results,revaluation"
EX0550,Examination,What is the rechecking process?,"Results, hall tickets and examination forms are released through official channels.","exam,results,revaluation"
EX0551,Examination,What is revaluation?,Keep checking notices for updates regarding examinations and results.,"exam,results,revaluation"
EX0552,Examination,How do I apply for a backlog exam?,"For specific cases, contact the Examination Cell or your department office.","exam,results,revaluation"
EX0553,Examination,What if I miss an exam?,Please refer to the official examination notifications for the latest schedule.,"exam,results,revaluation"
EX0554,Examination,When are supplementary exams?,Contact the Examination Cell for procedures and deadlines.,"exam,results,revaluation"
EX0555,Examination,How do I check my results?,Follow the examination guidelines issued by your department.,"exam,results,revaluation"
EX0556,Examination,Where can I download my marksheet?,Exam-related dates and announcements are published through official notices.,"exam,results,revaluation"
EX0557,Examination,What is the grading system?,Your program's academic regulations define examination rules and passing criteria.,"exam,results,revaluation"
EX0558,Examination,What are ATKT rules?,"Results, hall tickets and examination forms are released through official channels.","exam,results,revaluation"
EX0559,Examination,Can I use a calculator?,Keep checking notices for updates regarding examinations and results.,"exam,results,revaluation"
EX0560,Examination,What are the exam rules?,"For specific cases, contact the Examination Cell or your department office.","exam,results,revaluation"
EX0561,Examination,What items are prohibited in the exam hall?,Please refer to the official examination notifications for the latest schedule.,"exam,results,revaluation"
EX0562,Examination,How early should I reach the exam center?,Contact the Examination Cell for procedures and deadlines.,"exam,results,revaluation"
EX0563,Examination,What happens if I am late?,Follow the examination guidelines issued by your department.,"exam,results,revaluation"
EX0564,Examination,How is attendance related to exams?,Exam-related dates and announcements are published through official notices.,"exam,results,revaluation"
EX0565,Examination,How are practicals evaluated?,Your program's academic regulations define examination rules and passing criteria.,"exam,results,revaluation"
EX0566,Examination,What is viva examination?,"Results, hall tickets and examination forms are released through official channels.","exam,results,revaluation"
EX0567,Examination,How do project evaluations work?,Keep checking notices for updates regarding examinations and results.,"exam,results,revaluation"
EX0568,Examination,Can I challenge my result?,"For specific cases, contact the Examination Cell or your department office.","exam,results,revaluation"
EX0569,Examination,How long does revaluation take?,Please refer to the official examination notifications for the latest schedule.,"exam,results,revaluation"
EX0570,Examination,What documents are required for revaluation?,Contact the Examination Cell for procedures and deadlines.,"exam,results,revaluation"
EX0571,Examination,When are results announced?,Follow the examination guidelines issued by your department.,"exam,results,revaluation"
EX0572,Examination,Can I appear for improvement exams?,Exam-related dates and announcements are published through official notices.,"exam,results,revaluation"
EX0573,Examination,How do I report exam issues?,Your program's academic regulations define examination rules and passing criteria.,"exam,results,revaluation"
EX0574,Examination,What is malpractice?,"Results, hall tickets and examination forms are released through official channels.","exam,results,revaluation"
EX0575,Examination,What are unfair means rules?,Keep checking notices for updates regarding examinations and results.,"exam,results,revaluation"
EX0576,Examination,How are answer sheets evaluated?,"For specific cases, contact the Examination Cell or your department office.","exam,results,revaluation"
EX0577,Examination,What is the exam timetable?,Please refer to the official examination notifications for the latest schedule.,"exam,results,revaluation"
EX0578,Examination,When are practical exams?,Contact the Examination Cell for procedures and deadlines.,"exam,results,revaluation"
EX0579,Examination,What is the internal exam schedule?,Follow the examination guidelines issued by your department.,"exam,results,revaluation"
EX0580,Examination,How are internal marks calculated?,Exam-related dates and announcements are published through official notices.,"exam,results,revaluation"
EX0581,Examination,Can I improve my marks?,Your program's academic regulations define examination rules and passing criteria.,"exam,results,revaluation"
EX0582,Examination,What is the rechecking process?,"Results, hall tickets and examination forms are released through official channels.","exam,results,revaluation"
EX0583,Examination,What is revaluation?,Keep checking notices for updates regarding examinations and results.,"exam,results,revaluation"
EX0584,Examination,How do I apply for a backlog exam?,"For specific cases, contact the Examination Cell or your department office.","exam,results,revaluation"
EX0585,Examination,What if I miss an exam?,Please refer to the official examination notifications for the latest schedule.,"exam,results,revaluation"
EX0586,Examination,When are supplementary exams?,Contact the Examination Cell for procedures and deadlines.,"exam,results,revaluation"
EX0587,Examination,How do I check my results?,Follow the examination guidelines issued by your department.,"exam,results,revaluation"
EX0588,Examination,Where can I download my marksheet?,Exam-related dates and announcements are published through official notices.,"exam,results,revaluation"
EX0589,Examination,What is the grading system?,Your program's academic regulations define examination rules and passing criteria.,"exam,results,revaluation"
EX0590,Examination,What are ATKT rules?,"Results, hall tickets and examination forms are released through official channels.","exam,results,revaluation"
EX0591,Examination,Can I use a calculator?,Keep checking notices for updates regarding examinations and results.,"exam,results,revaluation"
EX0592,Examination,What are the exam rules?,"For specific cases, contact the Examination Cell or your department office.","exam,results,revaluation"
EX0593,Examination,What items are prohibited in the exam hall?,Please refer to the official examination notifications for the latest schedule.,"exam,results,revaluation"
EX0594,Examination,How early should I reach the exam center?,Contact the Examination Cell for procedures and deadlines.,"exam,results,revaluation"
EX0595,Examination,What happens if I am late?,Follow the examination guidelines issued by your department.,"exam,results,revaluation"
EX0596,Examination,How is attendance related to exams?,Exam-related dates and announcements are published through official notices.,"exam,results,revaluation"
EX0597,Examination,How are practicals evaluated?,Your program's academic regulations define examination rules and passing criteria.,"exam,results,revaluation"
EX0598,Examination,What is viva examination?,"Results, hall tickets and examination forms are released through official channels.","exam,results,revaluation"
EX0599,Examination,How do project evaluations work?,Keep checking notices for updates regarding examinations and results.,"exam,results,revaluation"
EX0600,Examination,Can I challenge my result?,"For specific cases, contact the Examination Cell or your department office.","exam,results,revaluation"
EX0601,Examination,How long does revaluation take?,Please refer to the official examination notifications for the latest schedule.,"exam,results,revaluation"
EX0602,Examination,What documents are required for revaluation?,Contact the Examination Cell for procedures and deadlines.,"exam,results,revaluation"
EX0603,Examination,When are results announced?,Follow the examination guidelines issued by your department.,"exam,results,revaluation"
EX0604,Examination,Can I appear for improvement exams?,Exam-related dates and announcements are published through official notices.,"exam,results,revaluation"
EX0605,Examination,How do I report exam issues?,Your program's academic regulations define examination rules and passing criteria.,"exam,results,revaluation"
EX0606,Examination,What is malpractice?,"Results, hall tickets and examination forms are released through official channels.","exam,results,revaluation"
EX0607,Examination,What are unfair means rules?,Keep checking notices for updates regarding examinations and results.,"exam,results,revaluation"
EX0608,Examination,How are answer sheets evaluated?,"For specific cases, contact the Examination Cell or your department office.","exam,results,revaluation"
EX0609,Examination,What is the exam timetable?,Please refer to the official examination notifications for the latest schedule.,"exam,results,revaluation"
EX0610,Examination,When are practical exams?,Contact the Examination Cell for procedures and deadlines.,"exam,results,revaluation"
EX0611,Examination,What is the internal exam schedule?,Follow the examination guidelines issued by your department.,"exam,results,revaluation"
EX0612,Examination,How are internal marks calculated?,Exam-related dates and announcements are published through official notices.,"exam,results,revaluation"
EX0613,Examination,Can I improve my marks?,Your program's academic regulations define examination rules and passing criteria.,"exam,results,revaluation"
EX0614,Examination,What is the rechecking process?,"Results, hall tickets and examination forms are released through official channels.","exam,results,revaluation"
EX0615,Examination,What is revaluation?,Keep checking notices for updates regarding examinations and results.,"exam,results,revaluation"
EX0616,Examination,How do I apply for a backlog exam?,"For specific cases, contact the Examination Cell or your department office.","exam,results,revaluation"
EX0617,Examination,What if I miss an exam?,Please refer to the official examination notifications for the latest schedule.,"exam,results,revaluation"
EX0618,Examination,When are supplementary exams?,Contact the Examination Cell for procedures and deadlines.,"exam,results,revaluation"
EX0619,Examination,How do I check my results?,Follow the examination guidelines issued by your department.,"exam,results,revaluation"
EX0620,Examination,Where can I download my marksheet?,Exam-related dates and announcements are published through official notices.,"exam,results,revaluation"
EX0621,Examination,What is the grading system?,Your program's academic regulations define examination rules and passing criteria.,"exam,results,revaluation"
EX0622,Examination,What are ATKT rules?,"Results, hall tickets and examination forms are released through official channels.","exam,results,revaluation"
EX0623,Examination,Can I use a calculator?,Keep checking notices for updates regarding examinations and results.,"exam,results,revaluation"
EX0624,Examination,What are the exam rules?,"For specific cases, contact the Examination Cell or your department office.","exam,results,revaluation"
EX0625,Examination,What items are prohibited in the exam hall?,Please refer to the official examination notifications for the latest schedule.,"exam,results,revaluation"
EX0626,Examination,How early should I reach the exam center?,Contact the Examination Cell for procedures and deadlines.,"exam,results,revaluation"
EX0627,Examination,What happens if I am late?,Follow the examination guidelines issued by your department.,"exam,results,revaluation"
EX0628,Examination,How is attendance related to exams?,Exam-related dates and announcements are published through official notices.,"exam,results,revaluation"
EX0629,Examination,How are practicals evaluated?,Your program's academic regulations define examination rules and passing criteria.,"exam,results,revaluation"
EX0630,Examination,What is viva examination?,"Results, hall tickets and examination forms are released through official channels.","exam,results,revaluation"
EX0631,Examination,How do project evaluations work?,Keep checking notices for updates regarding examinations and results.,"exam,results,revaluation"
EX0632,Examination,Can I challenge my result?,"For specific cases, contact the Examination Cell or your department office.","exam,results,revaluation"
EX0633,Examination,How long does revaluation take?,Please refer to the official examination notifications for the latest schedule.,"exam,results,revaluation"
EX0634,Examination,What documents are required for revaluation?,Contact the Examination Cell for procedures and deadlines.,"exam,results,revaluation"
EX0635,Examination,When are results announced?,Follow the examination guidelines issued by your department.,"exam,results,revaluation"
EX0636,Examination,Can I appear for improvement exams?,Exam-related dates and announcements are published through official notices.,"exam,results,revaluation"
EX0637,Examination,How do I report exam issues?,Your program's academic regulations define examination rules and passing criteria.,"exam,results,revaluation"
EX0638,Examination,What is malpractice?,"Results, hall tickets and examination forms are released through official channels.","exam,results,revaluation"
EX0639,Examination,What are unfair means rules?,Keep checking notices for updates regarding examinations and results.,"exam,results,revaluation"
EX0640,Examination,How are answer sheets evaluated?,"For specific cases, contact the Examination Cell or your department office.","exam,results,revaluation"
EX0641,Examination,What is the exam timetable?,Please refer to the official examination notifications for the latest schedule.,"exam,results,revaluation"
EX0642,Examination,When are practical exams?,Contact the Examination Cell for procedures and deadlines.,"exam,results,revaluation"
EX0643,Examination,What is the internal exam schedule?,Follow the examination guidelines issued by your department.,"exam,results,revaluation"
EX0644,Examination,How are internal marks calculated?,Exam-related dates and announcements are published through official notices.,"exam,results,revaluation"
EX0645,Examination,Can I improve my marks?,Your program's academic regulations define examination rules and passing criteria.,"exam,results,revaluation"
EX0646,Examination,What is the rechecking process?,"Results, hall tickets and examination forms are released through official channels.","exam,results,revaluation"
EX0647,Examination,What is revaluation?,Keep checking notices for updates regarding examinations and results.,"exam,results,revaluation"
EX0648,Examination,How do I apply for a backlog exam?,"For specific cases, contact the Examination Cell or your department office.","exam,results,revaluation"
EX0649,Examination,What if I miss an exam?,Please refer to the official examination notifications for the latest schedule.,"exam,results,revaluation"
EX0650,Examination,When are supplementary exams?,Contact the Examination Cell for procedures and deadlines.,"exam,results,revaluation"
EX0651,Examination,How do I check my results?,Follow the examination guidelines issued by your department.,"exam,results,revaluation"
EX0652,Examination,Where can I download my marksheet?,Exam-related dates and announcements are published through official notices.,"exam,results,revaluation"
EX0653,Examination,What is the grading system?,Your program's academic regulations define examination rules and passing criteria.,"exam,results,revaluation"
EX0654,Examination,What are ATKT rules?,"Results, hall tickets and examination forms are released through official channels.","exam,results,revaluation"
EX0655,Examination,Can I use a calculator?,Keep checking notices for updates regarding examinations and results.,"exam,results,revaluation"
EX0656,Examination,What are the exam rules?,"For specific cases, contact the Examination Cell or your department office.","exam,results,revaluation"
EX0657,Examination,What items are prohibited in the exam hall?,Please refer to the official examination notifications for the latest schedule.,"exam,results,revaluation"
EX0658,Examination,How early should I reach the exam center?,Contact the Examination Cell for procedures and deadlines.,"exam,results,revaluation"
EX0659,Examination,What happens if I am late?,Follow the examination guidelines issued by your department.,"exam,results,revaluation"
EX0660,Examination,How is attendance related to exams?,Exam-related dates and announcements are published through official notices.,"exam,results,revaluation"
EX0661,Examination,How are practicals evaluated?,Your program's academic regulations define examination rules and passing criteria.,"exam,results,revaluation"
EX0662,Examination,What is viva examination?,"Results, hall tickets and examination forms are released through official channels.","exam,results,revaluation"
EX0663,Examination,How do project evaluations work?,Keep checking notices for updates regarding examinations and results.,"exam,results,revaluation"
EX0664,Examination,Can I challenge my result?,"For specific cases, contact the Examination Cell or your department office.","exam,results,revaluation"
EX0665,Examination,How long does revaluation take?,Please refer to the official examination notifications for the latest schedule.,"exam,results,revaluation"
EX0666,Examination,What documents are required for revaluation?,Contact the Examination Cell for procedures and deadlines.,"exam,results,revaluation"
EX0667,Examination,When are results announced?,Follow the examination guidelines issued by your department.,"exam,results,revaluation"
EX0668,Examination,Can I appear for improvement exams?,Exam-related dates and announcements are published through official notices.,"exam,results,revaluation"
EX0669,Examination,How do I report exam issues?,Your program's academic regulations define examination rules and passing criteria.,"exam,results,revaluation"
EX0670,Examination,What is malpractice?,"Results, hall tickets and examination forms are released through official channels.","exam,results,revaluation"
EX0671,Examination,What are unfair means rules?,Keep checking notices for updates regarding examinations and results.,"exam,results,revaluation"
EX0672,Examination,How are answer sheets evaluated?,"For specific cases, contact the Examination Cell or your department office.","exam,results,revaluation"
EX0673,Examination,What is the exam timetable?,Please refer to the official examination notifications for the latest schedule.,"exam,results,revaluation"
EX0674,Examination,When are practical exams?,Contact the Examination Cell for procedures and deadlines.,"exam,results,revaluation"
EX0675,Examination,What is the internal exam schedule?,Follow the examination guidelines issued by your department.,"exam,results,revaluation"
EX0676,Examination,How are internal marks calculated?,Exam-related dates and announcements are published through official notices.,"exam,results,revaluation"
EX0677,Examination,Can I improve my marks?,Your program's academic regulations define examination rules and passing criteria.,"exam,results,revaluation"
EX0678,Examination,What is the rechecking process?,"Results, hall tickets and examination forms are released through official channels.","exam,results,revaluation"
EX0679,Examination,What is revaluation?,Keep checking notices for updates regarding examinations and results.,"exam,results,revaluation"
EX0680,Examination,How do I apply for a backlog exam?,"For specific cases, contact the Examination Cell or your department office.","exam,results,revaluation"
EX0681,Examination,What if I miss an exam?,Please refer to the official examination notifications for the latest schedule.,"exam,results,revaluation"
EX0682,Examination,When are supplementary exams?,Contact the Examination Cell for procedures and deadlines.,"exam,results,revaluation"
EX0683,Examination,How do I check my results?,Follow the examination guidelines issued by your department.,"exam,results,revaluation"
EX0684,Examination,Where can I download my marksheet?,Exam-related dates and announcements are published through official notices.,"exam,results,revaluation"
EX0685,Examination,What is the grading system?,Your program's academic regulations define examination rules and passing criteria.,"exam,results,revaluation"
EX0686,Examination,What are ATKT rules?,"Results, hall tickets and examination forms are released through official channels.","exam,results,revaluation"
EX0687,Examination,Can I use a calculator?,Keep checking notices for updates regarding examinations and results.,"exam,results,revaluation"
EX0688,Examination,What are the exam rules?,"For specific cases, contact the Examination Cell or your department office.","exam,results,revaluation"
EX0689,Examination,What items are prohibited in the exam hall?,Please refer to the official examination notifications for the latest schedule.,"exam,results,revaluation"
EX0690,Examination,How early should I reach the exam center?,Contact the Examination Cell for procedures and deadlines.,"exam,results,revaluation"
EX0691,Examination,What happens if I am late?,Follow the examination guidelines issued by your department.,"exam,results,revaluation"
EX0692,Examination,How is attendance related to exams?,Exam-related dates and announcements are published through official notices.,"exam,results,revaluation"
EX0693,Examination,How are practicals evaluated?,Your program's academic regulations define examination rules and passing criteria.,"exam,results,revaluation"
EX0694,Examination,What is viva examination?,"Results, hall tickets and examination forms are released through official channels.","exam,results,revaluation"
EX0695,Examination,How do project evaluations work?,Keep checking notices for updates regarding examinations and results.,"exam,results,revaluation"
EX0696,Examination,Can I challenge my result?,"For specific cases, contact the Examination Cell or your department office.","exam,results,revaluation"
EX0697,Examination,How long does revaluation take?,Please refer to the official examination notifications for the latest schedule.,"exam,results,revaluation"
EX0698,Examination,What documents are required for revaluation?,Contact the Examination Cell for procedures and deadlines.,"exam,results,revaluation"
EX0699,Examination,When are results announced?,Follow the examination guidelines issued by your department.,"exam,results,revaluation"
EX0700,Examination,Can I appear for improvement exams?,Exam-related dates and announcements are published through official notices.,"exam,results,revaluation"
