faq_id,category,question,answer,keywords
GF0001,General,What is SVIT?,"SVIT is an engineering and technology institute offering Diploma, BE, ME, MCA and BCA programs.",general
GF0002,General,Where is SVIT located?,"SVIT is located at Vasad, Gujarat.",general
GF0003,General,How can I contact the college?,You can use the Contact section or ask for a specific department.,general
GF0004,General,What courses are available?,"SVIT offers Diploma, BE, ME, MCA and BCA programs.",general
GF0005,General,Where is the library?,The library is located in the Central Library building.,general
GF0006,General,How do I check my timetable?,"Ask for your program, department and semester timetable.",general
GF0007,General,How can I find a faculty member?,Ask for the faculty name or subject.,general
GF0008,General,Where is the placement cell?,The Training & Placement Cell assists students with internships and placements.,general
GF0009,General,How do I find bus routes?,Ask for your pickup area or route number.,general
GF0010,General,How can I know about events?,Ask for upcoming events or a specific event.,general
GF0011,Canteen,Where is the canteen?,Visit the respective office during working hours for assistance.,"college,faq"
GF0012,Events,How do I register for events?,The information depends on your program and semester.,"college,faq"
GF0013,Notices,What is the attendance policy?,Please refer to the relevant department or ask me for specific details.,"college,faq"
GF0014,Scholarships,How do I apply for scholarships?,You can find the latest information through the college administration.,"college,faq"
GF0015,Campus,What are placement eligibility criteria?,"I can help you with department, faculty, library, timetable, notices and more.","college,faq"
GF0016,Contact,How do I update my profile?,Please ensure you follow the official college procedures and deadlines.,"college,faq"
GF0017,General,Can I change my department?,Visit the respective office during working hours for assistance.,"college,faq"
GF0018,Admissions,Where is the AI lab?,The information depends on your program and semester.,"college,faq"
GF0019,Academics,How do I meet faculty?,Please refer to the relevant department or ask me for specific details.,"college,faq"
GF0020,Departments,Where is the principal office?,You can find the latest information through the college administration.,"college,faq"
GF0021,Faculty,What are the college timings?,"I can help you with department, faculty, library, timetable, notices and more.","college,faq"
GF0022,Library,How do I apply for admission?,Please ensure you follow the official college procedures and deadlines.,"college,faq"
GF0023,Timetable,Which documents are required?,Visit the respective office during working hours for assistance.,"college,faq"
GF0024,Examination,What is the fee structure?,The information depends on your program and semester.,"college,faq"
GF0025,Placements,How do I borrow library books?,Please refer to the relevant department or ask me for specific details.,"college,faq"
GF0026,Transport,How many books can I issue?,You can find the latest information through the college administration.,"college,faq"
GF0027,Canteen,When do exams start?,"I can help you with department, faculty, library, timetable, notices and more.","college,faq"
GF0028,Events,How do I check notices?,Please ensure you follow the official college procedures and deadlines.,"college,faq"
GF0029,Notices,How do I contact HOD?,Visit the respective office during working hours for assistance.,"college,faq"
GF0030,Scholarships,Is Wi-Fi available?,The information depends on your program and semester.,"college,faq"
GF0031,Campus,Where is the canteen?,Please refer to the relevant department or ask me for specific details.,"college,faq"
GF0032,Contact,How do I register for events?,You can find the latest information through the college administration.,"college,faq"
GF0033,General,What is the attendance policy?,"I can help you with department, faculty, library, timetable, notices and more.","college,faq"
GF0034,Admissions,How do I apply for scholarships?,Please ensure you follow the official college procedures and deadlines.,"college,faq"
GF0035,Academics,What are placement eligibility criteria?,Visit the respective office during working hours for assistance.,"college,faq"
GF0036,Departments,How do I update my profile?,The information depends on your program and semester.,"college,faq"
GF0037,Faculty,Can I change my department?,Please refer to the relevant department or ask me for specific details.,"college,faq"
GF0038,Library,Where is the AI lab?,You can find the latest information through the college administration.,"college,faq"
GF0039,Timetable,How do I meet faculty?,"I can help you with department, faculty, library, timetable, notices and more.","college,faq"
GF0040,Examination,Where is the principal office?,Please ensure you follow the official college procedures and deadlines.,"college,faq"
GF0041,Placements,What are the college timings?,Visit the respective office during working hours for assistance.,"college,faq"
GF0042,Transport,How do I apply for admission?,The information depends on your program and semester.,"college,faq"
GF0043,Canteen,Which documents are required?,Please refer to the relevant department or ask me for specific details.,"college,faq"
GF0044,Events,What is the fee structure?,You can find the latest information through the college administration.,"college,faq"
GF0045,Notices,How do I borrow library books?,"I can help you with department, faculty, library, timetable, notices and more.","college,faq"
GF0046,Scholarships,How many books can I issue?,Please ensure you follow the official college procedures and deadlines.,"college,faq"
GF0047,Campus,When do exams start?,Visit the respective office during working hours for assistance.,"college,faq"
GF0048,Contact,How do I check notices?,The information depends on your program and semester.,"college,faq"
GF0049,General,How do I contact HOD?,Please refer to the relevant department or ask me for specific details.,"college,faq"
GF0050,Admissions,Is Wi-Fi available?,You can find the latest information through the college administration.,"college,faq"
GF0051,Academics,Where is the canteen?,"I can help you with department, faculty, library, timetable, notices and more.","college,faq"
GF0052,Departments,How do I register for events?,Please ensure you follow the official college procedures and deadlines.,"college,faq"
GF0053,Faculty,What is the attendance policy?,Visit the respective office during working hours for assistance.,"college,faq"
GF0054,Library,How do I apply for scholarships?,The information depends on your program and semester.,"college,faq"
GF0055,Timetable,What are placement eligibility criteria?,Please refer to the relevant department or ask me for specific details.,"college,faq"
GF0056,Examination,How do I update my profile?,You can find the latest information through the college administration.,"college,faq"
GF0057,Placements,Can I change my department?,"I can help you with department, faculty, library, timetable, notices and more.","college,faq"
GF0058,Transport,Where is the AI lab?,Please ensure you follow the official college procedures and deadlines.,"college,faq"
GF0059,Canteen,How do I meet faculty?,Visit the respective office during working hours for assistance.,"college,faq"
GF0060,Events,Where is the principal office?,The information depends on your program and semester.,"college,faq"
GF0061,Notices,What are the college timings?,Please refer to the relevant department or ask me for specific details.,"college,faq"
GF0062,Scholarships,How do I apply for admission?,You can find the latest information through the college administration.,"college,faq"
GF0063,Campus,Which documents are required?,"I can help you with department, faculty, library, timetable, notices and more.","college,faq"
GF0064,Contact,What is the fee structure?,Please ensure you follow the official college procedures and deadlines.,"college,faq"
GF0065,General,How do I borrow library books?,Visit the respective office during working hours for assistance.,"college,faq"
GF0066,Admissions,How many books can I issue?,The information depends on your program and semester.,"college,faq"
GF0067,Academics,When do exams start?,Please refer to the relevant department or ask me for specific details.,"college,faq"
GF0068,Departments,How do I check notices?,You can find the latest information through the college administration.,"college,faq"
GF0069,Faculty,How do I contact HOD?,"I can help you with department, faculty, library, timetable, notices and more.","college,faq"
GF0070,Library,Is Wi-Fi available?,Please ensure you follow the official college procedures and deadlines.,"college,faq"
GF0071,Timetable,Where is the canteen?,Visit the respective office during working hours for assistance.,"college,faq"
GF0072,Examination,How do I register for events?,The information depends on your program and semester.,"college,faq"
GF0073,Placements,What is the attendance policy?,Please refer to the relevant department or ask me for specific details.,"college,faq"
GF0074,Transport,How do I apply for scholarships?,You can find the latest information through the college administration.,"college,faq"
GF0075,Canteen,What are placement eligibility criteria?,"I can help you with department, faculty, library, timetable, notices and more.","college,faq"
GF0076,Events,How do I update my profile?,Please ensure you follow the official college procedures and deadlines.,"college,faq"
GF0077,Notices,Can I change my department?,Visit the respective office during working hours for assistance.,"college,faq"
GF0078,Scholarships,Where is the AI lab?,The information depends on your program and semester.,"college,faq"
GF0079,Campus,How do I meet faculty?,Please refer to the relevant department or ask me for specific details.,"college,faq"
GF0080,Contact,Where is the principal office?,You can find the latest information through the college administration.,"college,faq"
GF0081,General,What are the college timings?,"I can help you with department, faculty, library, timetable, notices and more.","college,faq"
GF0082,Admissions,How do I apply for admission?,Please ensure you follow the official college procedures and deadlines.,"college,faq"
GF0083,Academics,Which documents are required?,Visit the respective office during working hours for assistance.,"college,faq"
GF0084,Departments,What is the fee structure?,The information depends on your program and semester.,"college,faq"
GF0085,Faculty,How do I borrow library books?,Please refer to the relevant department or ask me for specific details.,"college,faq"
GF0086,Library,How many books can I issue?,You can find the latest information through the college administration.,"college,faq"
GF0087,Timetable,When do exams start?,"I can help you with department, faculty, library, timetable, notices and more.","college,faq"
GF0088,Examination,How do I check notices?,Please ensure you follow the official college procedures and deadlines.,"college,faq"
GF0089,Placements,How do I contact HOD?,Visit the respective office during working hours for assistance.,"college,faq"
GF0090,Transport,Is Wi-Fi available?,The information depends on your program and semester.,"college,faq"
GF0091,Canteen,Where is the canteen?,Please refer to the relevant department or ask me for specific details.,"college,faq"
GF0092,Events,How do I register for events?,You can find the latest information through the college administration.,"college,faq"
GF0093,Notices,What is the attendance policy?,"I can help you with department, faculty, library, timetable, notices and more.","college,faq"
GF0094,Scholarships,How do I apply for scholarships?,Please ensure you follow the official college procedures and deadlines.,"college,faq"
GF0095,Campus,What are placement eligibility criteria?,Visit the respective office during working hours for assistance.,"college,faq"
GF0096,Contact,How do I update my profile?,The information depends on your program and semester.,"college,faq"
GF0097,General,Can I change my department?,Please refer to the relevant department or ask me for specific details.,"college,faq"
GF0098,Admissions,Where is the AI lab?,You can find the latest information through the college administration.,"college,faq"
GF0099,Academics,How do I meet faculty?,"I can help you with department, faculty, library, timetable, notices and more.","college,faq"
GF0100,Departments,Where is the principal office?,Please ensure you follow the official college procedures and deadlines.,"college,faq"
GF0101,Faculty,What are the college timings?,Visit the respective office during working hours for assistance.,"college,faq"
GF0102,Library,How do I apply for admission?,The information depends on your program and semester.,"college,faq"
GF0103,Timetable,Which documents are required?,Please refer to the relevant department or ask me for specific details.,"college,faq"
GF0104,Examination,What is the fee structure?,You can find the latest information through the college administration.,"college,faq"
GF0105,Placements,How do I borrow library books?,"I can help you with department, faculty, library, timetable, notices and more.","college,faq"
GF0106,Transport,How many books can I issue?,Please ensure you follow the official college procedures and deadlines.,"college,faq"
GF0107,Canteen,When do exams start?,Visit the respective office during working hours for assistance.,"college,faq"
GF0108,Events,How do I check notices?,The information depends on your program and semester.,"college,faq"
GF0109,Notices,How do I contact HOD?,Please refer to the relevant department or ask me for specific details.,"college,faq"
GF0110,Scholarships,Is Wi-Fi available?,You can find the latest information through the college administration.,"college,faq"
GF0111,Campus,Where is the canteen?,"I can help you with department, faculty, library, timetable, notices and more.","college,faq"
GF0112,Contact,How do I register for events?,Please ensure you follow the official college procedures and deadlines.,"college,faq"
GF0113,General,What is the attendance policy?,Visit the respective office during working hours for assistance.,"college,faq"
GF0114,Admissions,How do I apply for scholarships?,The information depends on your program and semester.,"college,faq"
GF0115,Academics,What are placement eligibility criteria?,Please refer to the relevant department or ask me for specific details.,"college,faq"
GF0116,Departments,How do I update my profile?,You can find the latest information through the college administration.,"college,faq"
GF0117,Faculty,Can I change my department?,"I can help you with department, faculty, library, timetable, notices and more.","college,faq"
GF0118,Library,Where is the AI lab?,Please ensure you follow the official college procedures and deadlines.,"college,faq"
GF0119,Timetable,How do I meet faculty?,Visit the respective office during working hours for assistance.,"college,faq"
GF0120,Examination,Where is the principal office?,The information depends on your program and semester.,"college,faq"
GF0121,Placements,What are the college timings?,Please refer to the relevant department or ask me for specific details.,"college,faq"
GF0122,Transport,How do I apply for admission?,You can find the latest information through the college administration.,"college,faq"
GF0123,Canteen,Which documents are required?,"I can help you with department, faculty, library, timetable, notices and more.","college,faq"
GF0124,Events,What is the fee structure?,Please ensure you follow the official college procedures and deadlines.,"college,faq"
GF0125,Notices,How do I borrow library books?,Visit the respective office during working hours for assistance.,"college,faq"
GF0126,Scholarships,How many books can I issue?,The information depends on your program and semester.,"college,faq"
GF0127,Campus,When do exams start?,Please refer to the relevant department or ask me for specific details.,"college,faq"
GF0128,Contact,How do I check notices?,You can find the latest information through the college administration.,"college,faq"
GF0129,General,How do I contact HOD?,"I can help you with department, faculty, library, timetable, notices and more.","college,faq"
GF0130,Admissions,Is Wi-Fi available?,Please ensure you follow the official college procedures and deadlines.,"college,faq"
GF0131,Academics,Where is the canteen?,Visit the respective office during working hours for assistance.,"college,faq"
GF0132,Departments,How do I register for events?,The information depends on your program and semester.,"college,faq"
GF0133,Faculty,What is the attendance policy?,Please refer to the relevant department or ask me for specific details.,"college,faq"
GF0134,Library,How do I apply for scholarships?,You can find the latest information through the college administration.,"college,faq"
GF0135,Timetable,What are placement eligibility criteria?,"I can help you with department, faculty, library, timetable, notices and more.","college,faq"
GF0136,Examination,How do I update my profile?,Please ensure you follow the official college procedures and deadlines.,"college,faq"
GF0137,Placements,Can I change my department?,Visit the respective office during working hours for assistance.,"college,faq"
GF0138,Transport,Where is the AI lab?,The information depends on your program and semester.,"college,faq"
GF0139,Canteen,How do I meet faculty?,Please refer to the relevant department or ask me for specific details.,"college,faq"
GF0140,Events,Where is the principal office?,You can find the latest information through the college administration.,"college,faq"
GF0141,Notices,What are the college timings?,"I can help you with department, faculty, library, timetable, notices and more.","college,faq"
GF0142,Scholarships,How do I apply for admission?,Please ensure you follow the official college procedures and deadlines.,"college,faq"
GF0143,Campus,Which documents are required?,Visit the respective office during working hours for assistance.,"college,faq"
GF0144,Contact,What is the fee structure?,The information depends on your program and semester.,"college,faq"
GF0145,General,How do I borrow library books?,Please refer to the relevant department or ask me for specific details.,"college,faq"
GF0146,Admissions,How many books can I issue?,You can find the latest information through the college administration.,"college,faq"
GF0147,Academics,When do exams start?,"I can help you with department, faculty, library, timetable, notices and more.","college,faq"
GF0148,Departments,How do I check notices?,Please ensure you follow the official college procedures and deadlines.,"college,faq"
GF0149,Faculty,How do I contact HOD?,Visit the respective office during working hours for assistance.,"college,faq"
GF0150,Library,Is Wi-Fi available?,The information depends on your program and semester.,"college,faq"
GF0151,Timetable,Where is the canteen?,Please refer to the relevant department or ask me for specific details.,"college,faq"
GF0152,Examination,How do I register for events?,You can find the latest information through the college administration.,"college,faq"
GF0153,Placements,What is the attendance policy?,"I can help you with department, faculty, library, timetable, notices and more.","college,faq"
GF0154,Transport,How do I apply for scholarships?,Please ensure you follow the official college procedures and deadlines.,"college,faq"
GF0155,Canteen,What are placement eligibility criteria?,Visit the respective office during working hours for assistance.,"college,faq"
GF0156,Events,How do I update my profile?,The information depends on your program and semester.,"college,faq"
GF0157,Notices,Can I change my department?,Please refer to the relevant department or ask me for specific details.,"college,faq"
GF0158,Scholarships,Where is the AI lab?,You can find the latest information through the college administration.,"college,faq"
GF0159,Campus,How do I meet faculty?,"I can help you with department, faculty, library, timetable, notices and more.","college,faq"
GF0160,Contact,Where is the principal office?,Please ensure you follow the official college procedures and deadlines.,"college,faq"
GF0161,General,What are the college timings?,Visit the respective office during working hours for assistance.,"college,faq"
GF0162,Admissions,How do I apply for admission?,The information depends on your program and semester.,"college,faq"
GF0163,Academics,Which documents are required?,Please refer to the relevant department or ask me for specific details.,"college,faq"
GF0164,Departments,What is the fee structure?,You can find the latest information through the college administration.,"college,faq"
GF0165,Faculty,How do I borrow library books?,"I can help you with department, faculty, library, timetable, notices and more.","college,faq"
GF0166,Library,How many books can I issue?,Please ensure you follow the official college procedures and deadlines.,"college,faq"
GF0167,Timetable,When do exams start?,Visit the respective office during working hours for assistance.,"college,faq"
GF0168,Examination,How do I check notices?,The information depends on your program and semester.,"college,faq"
GF0169,Placements,How do I contact HOD?,Please refer to the relevant department or ask me for specific details.,"college,faq"
GF0170,Transport,Is Wi-Fi available?,You can find the latest information through the college administration.,"college,faq"
GF0171,Canteen,Where is the canteen?,"I can help you with department, faculty, library, timetable, notices and more.","college,faq"
GF0172,Events,How do I register for events?,Please ensure you follow the official college procedures and deadlines.,"college,faq"
GF0173,Notices,What is the attendance policy?,Visit the respective office during working hours for assistance.,"college,faq"
GF0174,Scholarships,How do I apply for scholarships?,The information depends on your program and semester.,"college,faq"
GF0175,Campus,What are placement eligibility criteria?,Please refer to the relevant department or ask me for specific details.,"college,faq"
GF0176,Contact,How do I update my profile?,You can find the latest information through the college administration.,"college,faq"
GF0177,General,Can I change my department?,"I can help you with department, faculty, library, timetable, notices and more.","college,faq"
GF0178,Admissions,Where is the AI lab?,Please ensure you follow the official college procedures and deadlines.,"college,faq"
GF0179,Academics,How do I meet faculty?,Visit the respective office during working hours for assistance.,"college,faq"
GF0180,Departments,Where is the principal office?,The information depends on your program and semester.,"college,faq"
GF0181,Faculty,What are the college timings?,Please refer to the relevant department or ask me for specific details.,"college,faq"
GF0182,Library,How do I apply for admission?,You can find the latest information through the college administration.,"college,faq"
GF0183,Timetable,Which documents are required?,"I can help you with department, faculty, library, timetable, notices and more.","college,faq"
GF0184,Examination,What is the fee structure?,Please ensure you follow the official college procedures and deadlines.,"college,faq"
GF0185,Placements,How do I borrow library books?,Visit the respective office during working hours for assistance.,"college,faq"
GF0186,Transport,How many books can I issue?,The information depends on your program and semester.,"college,faq"
GF0187,Canteen,When do exams start?,Please refer to the relevant department or ask me for specific details.,"college,faq"
GF0188,Events,How do I check notices?,You can find the latest information through the college administration.,"college,faq"
GF0189,Notices,How do I contact HOD?,"I can help you with department, faculty, library, timetable, notices and more.","college,faq"
GF0190,Scholarships,Is Wi-Fi available?,Please ensure you follow the official college procedures and deadlines.,"college,faq"
GF0191,Campus,Where is the canteen?,Visit the respective office during working hours for assistance.,"college,faq"
GF0192,Contact,How do I register for events?,The information depends on your program and semester.,"college,faq"
GF0193,General,What is the attendance policy?,Please refer to the relevant department or ask me for specific details.,"college,faq"
GF0194,Admissions,How do I apply for scholarships?,You can find the latest information through the college administration.,"college,faq"
GF0195,Academics,What are placement eligibility criteria?,"I can help you with department, faculty, library, timetable, notices and more.","college,faq"
GF0196,Departments,How do I update my profile?,Please ensure you follow the official college procedures and deadlines.,"college,faq"
GF0197,Faculty,Can I change my department?,Visit the respective office during working hours for assistance.,"college,faq"
GF0198,Library,Where is the AI lab?,The information depends on your program and semester.,"college,faq"
GF0199,Timetable,How do I meet faculty?,Please refer to the relevant department or ask me for specific details.,"college,faq"
GF0200,Examination,Where is the principal office?,You can find the latest information through the college administration.,"college,faq"
GF0201,Placements,What are the college timings?,"I can help you with department, faculty, library, timetable, notices and more.","college,faq"
GF0202,Transport,How do I apply for admission?,Please ensure you follow the official college procedures and deadlines.,"college,faq"
GF0203,Canteen,Which documents are required?,Visit the respective office during working hours for assistance.,"college,faq"
GF0204,Events,What is the fee structure?,The information depends on your program and semester.,"college,faq"
GF0205,Notices,How do I borrow library books?,Please refer to the relevant department or ask me for specific details.,"college,faq"
GF0206,Scholarships,How many books can I issue?,You can find the latest information through the college administration.,"college,faq"
GF0207,Campus,When do exams start?,"I can help you with department, faculty, library, timetable, notices and more.","college,faq"
GF0208,Contact,How do I check notices?,Please ensure you follow the official college procedures and deadlines.,"college,faq"
GF0209,General,How do I contact HOD?,Visit the respective office during working hours for assistance.,"college,faq"
GF0210,Admissions,Is Wi-Fi available?,The information depends on your program and semester.,"college,faq"
GF0211,Academics,Where is the canteen?,Please refer to the relevant department or ask me for specific details.,"college,faq"
GF0212,Departments,How do I register for events?,You can find the latest information through the college administration.,"college,faq"
GF0213,Faculty,What is the attendance policy?,"I can help you with department, faculty, library, timetable, notices and more.","college,faq"
GF0214,Library,How do I apply for scholarships?,Please ensure you follow the official college procedures and deadlines.,"college,faq"
GF0215,Timetable,What are placement eligibility criteria?,Visit the respective office during working hours for assistance.,"college,faq"
GF0216,Examination,How do I update my profile?,The information depends on your program and semester.,"college,faq"
GF0217,Placements,Can I change my department?,Please refer to the relevant department or ask me for specific details.,"college,faq"
GF0218,Transport,Where is the AI lab?,You can find the latest information through the college administration.,"college,faq"
GF0219,Canteen,How do I meet faculty?,"I can help you with department, faculty, library, timetable, notices and more.","college,faq"
GF0220,Events,Where is the principal office?,Please ensure you follow the official college procedures and deadlines.,"college,faq"
GF0221,Notices,What are the college timings?,Visit the respective office during working hours for assistance.,"college,faq"
GF0222,Scholarships,How do I apply for admission?,The information depends on your program and semester.,"college,faq"
GF0223,Campus,Which documents are required?,Please refer to the relevant department or ask me for specific details.,"college,faq"
GF0224,Contact,What is the fee structure?,You can find the latest information through the college administration.,"college,faq"
GF0225,General,How do I borrow library books?,"I can help you with department, faculty, library, timetable, notices and more.","college,faq"
GF0226,Admissions,How many books can I issue?,Please ensure you follow the official college procedures and deadlines.,"college,faq"
GF0227,Academics,When do exams start?,Visit the respective office during working hours for assistance.,"college,faq"
GF0228,Departments,How do I check notices?,The information depends on your program and semester.,"college,faq"
GF0229,Faculty,How do I contact HOD?,Please refer to the relevant department or ask me for specific details.,"college,faq"
GF0230,Library,Is Wi-Fi available?,You can find the latest information through the college administration.,"college,faq"
GF0231,Timetable,Where is the canteen?,"I can help you with department, faculty, library, timetable, notices and more.","college,faq"
GF0232,Examination,How do I register for events?,Please ensure you follow the official college procedures and deadlines.,"college,faq"
GF0233,Placements,What is the attendance policy?,Visit the respective office during working hours for assistance.,"college,faq"
GF0234,Transport,How do I apply for scholarships?,The information depends on your program and semester.,"college,faq"
GF0235,Canteen,What are placement eligibility criteria?,Please refer to the relevant department or ask me for specific details.,"college,faq"
GF0236,Events,How do I update my profile?,You can find the latest information through the college administration.,"college,faq"
GF0237,Notices,Can I change my department?,"I can help you with department, faculty, library, timetable, notices and more.","college,faq"
GF0238,Scholarships,Where is the AI lab?,Please ensure you follow the official college procedures and deadlines.,"college,faq"
GF0239,Campus,How do I meet faculty?,Visit the respective office during working hours for assistance.,"college,faq"
GF0240,Contact,Where is the principal office?,The information depends on your program and semester.,"college,faq"
GF0241,General,What are the college timings?,Please refer to the relevant department or ask me for specific details.,"college,faq"
GF0242,Admissions,How do I apply for admission?,You can find the latest information through the college administration.,"college,faq"
GF0243,Academics,Which documents are required?,"I can help you with department, faculty, library, timetable, notices and more.","college,faq"
GF0244,Departments,What is the fee structure?,Please ensure you follow the official college procedures and deadlines.,"college,faq"
GF0245,Faculty,How do I borrow library books?,Visit the respective office during working hours for assistance.,"college,faq"
GF0246,Library,How many books can I issue?,The information depends on your program and semester.,"college,faq"
GF0247,Timetable,When do exams start?,Please refer to the relevant department or ask me for specific details.,"college,faq"
GF0248,Examination,How do I check notices?,You can find the latest information through the college administration.,"college,faq"
GF0249,Placements,How do I contact HOD?,"I can help you with department, faculty, library, timetable, notices and more.","college,faq"
GF0250,Transport,Is Wi-Fi available?,Please ensure you follow the official college procedures and deadlines.,"college,faq"
GF0251,Canteen,Where is the canteen?,Visit the respective office during working hours for assistance.,"college,faq"
GF0252,Events,How do I register for events?,The information depends on your program and semester.,"college,faq"
GF0253,Notices,What is the attendance policy?,Please refer to the relevant department or ask me for specific details.,"college,faq"
GF0254,Scholarships,How do I apply for scholarships?,You can find the latest information through the college administration.,"college,faq"
GF0255,Campus,What are placement eligibility criteria?,"I can help you with department, faculty, library, timetable, notices and more.","college,faq"
GF0256,Contact,How do I update my profile?,Please ensure you follow the official college procedures and deadlines.,"college,faq"
GF0257,General,Can I change my department?,Visit the respective office during working hours for assistance.,"college,faq"
GF0258,Admissions,Where is the AI lab?,The information depends on your program and semester.,"college,faq"
GF0259,Academics,How do I meet faculty?,Please refer to the relevant department or ask me for specific details.,"college,faq"
GF0260,Departments,Where is the principal office?,You can find the latest information through the college administration.,"college,faq"
GF0261,Faculty,What are the college timings?,"I can help you with department, faculty, library, timetable, notices and more.","college,faq"
GF0262,Library,How do I apply for admission?,Please ensure you follow the official college procedures and deadlines.,"college,faq"
GF0263,Timetable,Which documents are required?,Visit the respective office during working hours for assistance.,"college,faq"
GF0264,Examination,What is the fee structure?,The information depends on your program and semester.,"college,faq"
GF0265,Placements,How do I borrow library books?,Please refer to the relevant department or ask me for specific details.,"college,faq"
GF0266,Transport,How many books can I issue?,You can find the latest information through the college administration.,"college,faq"
GF0267,Canteen,When do exams start?,"I can help you with department, faculty, library, timetable, notices and more.","college,faq"
GF0268,Events,How do I check notices?,Please ensure you follow the official college procedures and deadlines.,"college,faq"
GF0269,Notices,How do I contact HOD?,Visit the respective office during working hours for assistance.,"college,faq"
GF0270,Scholarships,Is Wi-Fi available?,The information depends on your program and semester.,"college,faq"
GF0271,Campus,Where is the canteen?,Please refer to the relevant department or ask me for specific details.,"college,faq"
GF0272,Contact,How do I register for events?,You can find the latest information through the college administration.,"college,faq"
GF0273,General,What is the attendance policy?,"I can help you with department, faculty, library, timetable, notices and more.","college,faq"
GF0274,Admissions,How do I apply for scholarships?,Please ensure you follow the official college procedures and deadlines.,"college,faq"
GF0275,Academics,What are placement eligibility criteria?,Visit the respective office during working hours for assistance.,"college,faq"
GF0276,Departments,How do I update my profile?,The information depends on your program and semester.,"college,faq"
GF0277,Faculty,Can I change my department?,Please refer to the relevant department or ask me for specific details.,"college,faq"
GF0278,Library,Where is the AI lab?,You can find the latest information through the college administration.,"college,faq"
GF0279,Timetable,How do I meet faculty?,"I can help you with department, faculty, library, timetable, notices and more.","college,faq"
GF0280,Examination,Where is the principal office?,Please ensure you follow the official college procedures and deadlines.,"college,faq"
GF0281,Placements,What are the college timings?,Visit the respective office during working hours for assistance.,"college,faq"
GF0282,Transport,How do I apply for admission?,The information depends on your program and semester.,"college,faq"
GF0283,Canteen,Which documents are required?,Please refer to the relevant department or ask me for specific details.,"college,faq"
GF0284,Events,What is the fee structure?,You can find the latest information through the college administration.,"college,faq"
GF0285,Notices,How do I borrow library books?,"I can help you with department, faculty, library, timetable, notices and more.","college,faq"
GF0286,Scholarships,How many books can I issue?,Please ensure you follow the official college procedures and deadlines.,"college,faq"
GF0287,Campus,When do exams start?,Visit the respective office during working hours for assistance.,"college,faq"
GF0288,Contact,How do I check notices?,The information depends on your program and semester.,"college,faq"
GF0289,General,How do I contact HOD?,Please refer to the relevant department or ask me for specific details.,"college,faq"
GF0290,Admissions,Is Wi-Fi available?,You can find the latest information through the college administration.,"college,faq"
GF0291,Academics,Where is the canteen?,"I can help you with department, faculty, library, timetable, notices and more.","college,faq"
GF0292,Departments,How do I register for events?,Please ensure you follow the official college procedures and deadlines.,"college,faq"
GF0293,Faculty,What is the attendance policy?,Visit the respective office during working hours for assistance.,"college,faq"
GF0294,Library,How do I apply for scholarships?,The information depends on your program and semester.,"college,faq"
GF0295,Timetable,What are placement eligibility criteria?,Please refer to the relevant department or ask me for specific details.,"college,faq"
GF0296,Examination,How do I update my profile?,You can find the latest information through the college administration.,"college,faq"
GF0297,Placements,Can I change my department?,"I can help you with department, faculty, library, timetable, notices and more.","college,faq"
GF0298,Transport,Where is the AI lab?,Please ensure you follow the official college procedures and deadlines.,"college,faq"
GF0299,Canteen,How do I meet faculty?,Visit the respective office during working hours for assistance.,"college,faq"
GF0300,Events,Where is the principal office?,The information depends on your program and semester.,"college,faq"
GF0301,Notices,What are the college timings?,Please refer to the relevant department or ask me for specific details.,"college,faq"
GF0302,Scholarships,How do I apply for admission?,You can find the latest information through the college administration.,"college,faq"
GF0303,Campus,Which documents are required?,"I can help you with department, faculty, library, timetable, notices and more.","college,faq"
GF0304,Contact,What is the fee structure?,Please ensure you follow the official college procedures and deadlines.,"college,faq"
GF0305,General,How do I borrow library books?,Visit the respective office during working hours for assistance.,"college,faq"
GF0306,Admissions,How many books can I issue?,The information depends on your program and semester.,"college,faq"
GF0307,Academics,When do exams start?,Please refer to the relevant department or ask me for specific details.,"college,faq"
GF0308,Departments,How do I check notices?,You can find the latest information through the college administration.,"college,faq"
GF0309,Faculty,How do I contact HOD?,"I can help you with department, faculty, library, timetable, notices and more.","college,faq"
GF0310,Library,Is Wi-Fi available?,Please ensure you follow the official college procedures and deadlines.,"college,faq"
GF0311,Timetable,Where is the canteen?,Visit the respective office during working hours for assistance.,"college,faq"
GF0312,Examination,How do I register for events?,The information depends on your program and semester.,"college,faq"
GF0313,Placements,What is the attendance policy?,Please refer to the relevant department or ask me for specific details.,"college,faq"
GF0314,Transport,How do I apply for scholarships?,You can find the latest information through the college administration.,"college,faq"
GF0315,Canteen,What are placement eligibility criteria?,"I can help you with department, faculty, library, timetable, notices and more.","college,faq"
GF0316,Events,How do I update my profile?,Please ensure you follow the official college procedures and deadlines.,"college,faq"
GF0317,Notices,Can I change my department?,Visit the respective office during working hours for assistance.,"college,faq"
GF0318,Scholarships,Where is the AI lab?,The information depends on your program and semester.,"college,faq"
GF0319,Campus,How do I meet faculty?,Please refer to the relevant department or ask me for specific details.,"college,faq"
GF0320,Contact,Where is the principal office?,You can find the latest information through the college administration.,"college,faq"
GF0321,General,What are the college timings?,"I can help you with department, faculty, library, timetable, notices and more.","college,faq"
GF0322,Admissions,How do I apply for admission?,Please ensure you follow the official college procedures and deadlines.,"college,faq"
GF0323,Academics,Which documents are required?,Visit the respective office during working hours for assistance.,"college,faq"
GF0324,Departments,What is the fee structure?,The information depends on your program and semester.,"college,faq"
GF0325,Faculty,How do I borrow library books?,Please refer to the relevant department or ask me for specific details.,"college,faq"
GF0326,Library,How many books can I issue?,You can find the latest information through the college administration.,"college,faq"
GF0327,Timetable,When do exams start?,"I can help you with department, faculty, library, timetable, notices and more.","college,faq"
GF0328,Examination,How do I check notices?,Please ensure you follow the official college procedures and deadlines.,"college,faq"
GF0329,Placements,How do I contact HOD?,Visit the respective office during working hours for assistance.,"college,faq"
GF0330,Transport,Is Wi-Fi available?,The information depends on your program and semester.,"college,faq"
GF0331,Canteen,Where is the canteen?,Please refer to the relevant department or ask me for specific details.,"college,faq"
GF0332,Events,How do I register for events?,You can find the latest information through the college administration.,"college,faq"
GF0333,Notices,What is the attendance policy?,"I can help you with department, faculty, library, timetable, notices and more.","college,faq"
GF0334,Scholarships,How do I apply for scholarships?,Please ensure you follow the official college procedures and deadlines.,"college,faq"
GF0335,Campus,What are placement eligibility criteria?,Visit the respective office during working hours for assistance.,"college,faq"
GF0336,Contact,How do I update my profile?,The information depends on your program and semester.,"college,faq"
GF0337,General,Can I change my department?,Please refer to the relevant department or ask me for specific details.,"college,faq"
GF0338,Admissions,Where is the AI lab?,You can find the latest information through the college administration.,"college,faq"
GF0339,Academics,How do I meet faculty?,"I can help you with department, faculty, library, timetable, notices and more.","college,faq"
GF0340,Departments,Where is the principal office?,Please ensure you follow the official college procedures and deadlines.,"college,faq"
GF0341,Faculty,What are the college timings?,Visit the respective office during working hours for assistance.,"college,faq"
GF0342,Library,How do I apply for admission?,The information depends on your program and semester.,"college,faq"
GF0343,Timetable,Which documents are required?,Please refer to the relevant department or ask me for specific details.,"college,faq"
GF0344,Examination,What is the fee structure?,You can find the latest information through the college administration.,"college,faq"
GF0345,Placements,How do I borrow library books?,"I can help you with department, faculty, library, timetable, notices and more.","college,faq"
GF0346,Transport,How many books can I issue?,Please ensure you follow the official college procedures and deadlines.,"college,faq"
GF0347,Canteen,When do exams start?,Visit the respective office during working hours for assistance.,"college,faq"
GF0348,Events,How do I check notices?,The information depends on your program and semester.,"college,faq"
GF0349,Notices,How do I contact HOD?,Please refer to the relevant department or ask me for specific details.,"college,faq"
GF0350,Scholarships,Is Wi-Fi available?,You can find the latest information through the college administration.,"college,faq"
GF0351,Campus,Where is the canteen?,"I can help you with department, faculty, library, timetable, notices and more.","college,faq"
GF0352,Contact,How do I register for events?,Please ensure you follow the official college procedures and deadlines.,"college,faq"
GF0353,General,What is the attendance policy?,Visit the respective office during working hours for assistance.,"college,faq"
GF0354,Admissions,How do I apply for scholarships?,The information depends on your program and semester.,"college,faq"
GF0355,Academics,What are placement eligibility criteria?,Please refer to the relevant department or ask me for specific details.,"college,faq"
GF0356,Departments,How do I update my profile?,You can find the latest information through the college administration.,"college,faq"
GF0357,Faculty,Can I change my department?,"I can help you with department, faculty, library, timetable, notices and more.","college,faq"
GF0358,Library,Where is the AI lab?,Please ensure you follow the official college procedures and deadlines.,"college,faq"
GF0359,Timetable,How do I meet faculty?,Visit the respective office during working hours for assistance.,"college,faq"
GF0360,Examination,Where is the principal office?,The information depends on your program and semester.,"college,faq"
GF0361,Placements,What are the college timings?,Please refer to the relevant department or ask me for specific details.,"college,faq"
GF0362,Transport,How do I apply for admission?,You can find the latest information through the college administration.,"college,faq"
GF0363,Canteen,Which documents are required?,"I can help you with department, faculty, library, timetable, notices and more.","college,faq"
GF0364,Events,What is the fee structure?,Please ensure you follow the official college procedures and deadlines.,"college,faq"
GF0365,Notices,How do I borrow library books?,Visit the respective office during working hours for assistance.,"college,faq"
GF0366,Scholarships,How many books can I issue?,The information depends on your program and semester.,"college,faq"
GF0367,Campus,When do exams start?,Please refer to the relevant department or ask me for specific details.,"college,faq"
GF0368,Contact,How do I check notices?,You can find the latest information through the college administration.,"college,faq"
GF0369,General,How do I contact HOD?,"I can help you with department, faculty, library, timetable, notices and more.","college,faq"
GF0370,Admissions,Is Wi-Fi available?,Please ensure you follow the official college procedures and deadlines.,"college,faq"
GF0371,Academics,Where is the canteen?,Visit the respective office during working hours for assistance.,"college,faq"
GF0372,Departments,How do I register for events?,The information depends on your program and semester.,"college,faq"
GF0373,Faculty,What is the attendance policy?,Please refer to the relevant department or ask me for specific details.,"college,faq"
GF0374,Library,How do I apply for scholarships?,You can find the latest information through the college administration.,"college,faq"
GF0375,Timetable,What are placement eligibility criteria?,"I can help you with department, faculty, library, timetable, notices and more.","college,faq"
GF0376,Examination,How do I update my profile?,Please ensure you follow the official college procedures and deadlines.,"college,faq"
GF0377,Placements,Can I change my department?,Visit the respective office during working hours for assistance.,"college,faq"
GF0378,Transport,Where is the AI lab?,The information depends on your program and semester.,"college,faq"
GF0379,Canteen,How do I meet faculty?,Please refer to the relevant department or ask me for specific details.,"college,faq"
GF0380,Events,Where is the principal office?,You can find the latest information through the college administration.,"college,faq"
GF0381,Notices,What are the college timings?,"I can help you with department, faculty, library, timetable, notices and more.","college,faq"
GF0382,Scholarships,How do I apply for admission?,Please ensure you follow the official college procedures and deadlines.,"college,faq"
GF0383,Campus,Which documents are required?,Visit the respective office during working hours for assistance.,"college,faq"
GF0384,Contact,What is the fee structure?,The information depends on your program and semester.,"college,faq"
GF0385,General,How do I borrow library books?,Please refer to the relevant department or ask me for specific details.,"college,faq"
GF0386,Admissions,How many books can I issue?,You can find the latest information through the college administration.,"college,faq"
GF0387,Academics,When do exams start?,"I can help you with department, faculty, library, timetable, notices and more.","college,faq"
GF0388,Departments,How do I check notices?,Please ensure you follow the official college procedures and deadlines.,"college,faq"
GF0389,Faculty,How do I contact HOD?,Visit the respective office during working hours for assistance.,"college,faq"
GF0390,Library,Is Wi-Fi available?,The information depends on your program and semester.,"college,faq"
GF0391,Timetable,Where is the canteen?,Please refer to the relevant department or ask me for specific details.,"college,faq"
GF0392,Examination,How do I register for events?,You can find the latest information through the college administration.,"college,faq"
GF0393,Placements,What is the attendance policy?,"I can help you with department, faculty, library, timetable, notices and more.","college,faq"
GF0394,Transport,How do I apply for scholarships?,Please ensure you follow the official college procedures and deadlines.,"college,faq"
GF0395,Canteen,What are placement eligibility criteria?,Visit the respective office during working hours for assistance.,"college,faq"
GF0396,Events,How do I update my profile?,The information depends on your program and semester.,"college,faq"
GF0397,Notices,Can I change my department?,Please refer to the relevant department or ask me for specific details.,"college,faq"
GF0398,Scholarships,Where is the AI lab?,You can find the latest information through the college administration.,"college,faq"
GF0399,Campus,How do I meet faculty?,"I can help you with department, faculty, library, timetable, notices and more.","college,faq"
GF0400,Contact,Where is the principal office?,Please ensure you follow the official college procedures and deadlines.,"college,faq"
GF0401,General,What are the college timings?,Visit the respective office during working hours for assistance.,"college,faq"
GF0402,Admissions,How do I apply for admission?,The information depends on your program and semester.,"college,faq"
GF0403,Academics,Which documents are required?,Please refer to the relevant department or ask me for specific details.,"college,faq"
GF0404,Departments,What is the fee structure?,You can find the latest information through the college administration.,"college,faq"
GF0405,Faculty,How do I borrow library books?,"I can help you with department, faculty, library, timetable, notices and more.","college,faq"
GF0406,Library,How many books can I issue?,Please ensure you follow the official college procedures and deadlines.,"college,faq"
GF0407,Timetable,When do exams start?,Visit the respective office during working hours for assistance.,"college,faq"
GF0408,Examination,How do I check notices?,The information depends on your program and semester.,"college,faq"
GF0409,Placements,How do I contact HOD?,Please refer to the relevant department or ask me for specific details.,"college,faq"
GF0410,Transport,Is Wi-Fi available?,You can find the latest information through the college administration.,"college,faq"
GF0411,Canteen,Where is the canteen?,"I can help you with department, faculty, library, timetable, notices and more.","college,faq"
GF0412,Events,How do I register for events?,Please ensure you follow the official college procedures and deadlines.,"college,faq"
GF0413,Notices,What is the attendance policy?,Visit the respective office during working hours for assistance.,"college,faq"
GF0414,Scholarships,How do I apply for scholarships?,The information depends on your program and semester.,"college,faq"
GF0415,Campus,What are placement eligibility criteria?,Please refer to the relevant department or ask me for specific details.,"college,faq"
GF0416,Contact,How do I update my profile?,You can find the latest information through the college administration.,"college,faq"
GF0417,General,Can I change my department?,"I can help you with department, faculty, library, timetable, notices and more.","college,faq"
GF0418,Admissions,Where is the AI lab?,Please ensure you follow the official college procedures and deadlines.,"college,faq"
GF0419,Academics,How do I meet faculty?,Visit the respective office during working hours for assistance.,"college,faq"
GF0420,Departments,Where is the principal office?,The information depends on your program and semester.,"college,faq"
GF0421,Faculty,What are the college timings?,Please refer to the relevant department or ask me for specific details.,"college,faq"
GF0422,Library,How do I apply for admission?,You can find the latest information through the college administration.,"college,faq"
GF0423,Timetable,Which documents are required?,"I can help you with department, faculty, library, timetable, notices and more.","college,faq"
GF0424,Examination,What is the fee structure?,Please ensure you follow the official college procedures and deadlines.,"college,faq"
GF0425,Placements,How do I borrow library books?,Visit the respective office during working hours for assistance.,"college,faq"
GF0426,Transport,How many books can I issue?,The information depends on your program and semester.,"college,faq"
GF0427,Canteen,When do exams start?,Please refer to the relevant department or ask me for specific details.,"college,faq"
GF0428,Events,How do I check notices?,You can find the latest information through the college administration.,"college,faq"
GF0429,Notices,How do I contact HOD?,"I can help you with department, faculty, library, timetable, notices and more.","college,faq"
GF0430,Scholarships,Is Wi-Fi available?,Please ensure you follow the official college procedures and deadlines.,"college,faq"
GF0431,Campus,Where is the canteen?,Visit the respective office during working hours for assistance.,"college,faq"
GF0432,Contact,How do I register for events?,The information depends on your program and semester.,"college,faq"
GF0433,General,What is the attendance policy?,Please refer to the relevant department or ask me for specific details.,"college,faq"
GF0434,Admissions,How do I apply for scholarships?,You can find the latest information through the college administration.,"college,faq"
GF0435,Academics,What are placement eligibility criteria?,"I can help you with department, faculty, library, timetable, notices and more.","college,faq"
GF0436,Departments,How do I update my profile?,Please ensure you follow the official college procedures and deadlines.,"college,faq"
GF0437,Faculty,Can I change my department?,Visit the respective office during working hours for assistance.,"college,faq"
GF0438,Library,Where is the AI lab?,The information depends on your program and semester.,"college,faq"
GF0439,Timetable,How do I meet faculty?,Please refer to the relevant department or ask me for specific details.,"college,faq"
GF0440,Examination,Where is the principal office?,You can find the latest information through the college administration.,"college,faq"
GF0441,Placements,What are the college timings?,"I can help you with department, faculty, library, timetable, notices and more.","college,faq"
GF0442,Transport,How do I apply for admission?,Please ensure you follow the official college procedures and deadlines.,"college,faq"
GF0443,Canteen,Which documents are required?,Visit the respective office during working hours for assistance.,"college,faq"
GF0444,Events,What is the fee structure?,The information depends on your program and semester.,"college,faq"
GF0445,Notices,How do I borrow library books?,Please refer to the relevant department or ask me for specific details.,"college,faq"
GF0446,Scholarships,How many books can I issue?,You can find the latest information through the college administration.,"college,faq"
GF0447,Campus,When do exams start?,"I can help you with department, faculty, library, timetable, notices and more.","college,faq"
GF0448,Contact,How do I check notices?,Please ensure you follow the official college procedures and deadlines.,"college,faq"
GF0449,General,How do I contact HOD?,Visit the respective office during working hours for assistance.,"college,faq"
GF0450,Admissions,Is Wi-Fi available?,The information depends on your program and semester.,"college,faq"
GF0451,Academics,Where is the canteen?,Please refer to the relevant department or ask me for specific details.,"college,faq"
GF0452,Departments,How do I register for events?,You can find the latest information through the college administration.,"college,faq"
GF0453,Faculty,What is the attendance policy?,"I can help you with department, faculty, library, timetable, notices and more.","college,faq"
GF0454,Library,How do I apply for scholarships?,Please ensure you follow the official college procedures and deadlines.,"college,faq"
GF0455,Timetable,What are placement eligibility criteria?,Visit the respective office during working hours for assistance.,"college,faq"
GF0456,Examination,How do I update my profile?,The information depends on your program and semester.,"college,faq"
GF0457,Placements,Can I change my department?,Please refer to the relevant department or ask me for specific details.,"college,faq"
GF0458,Transport,Where is the AI lab?,You can find the latest information through the college administration.,"college,faq"
GF0459,Canteen,How do I meet faculty?,"I can help you with department, faculty, library, timetable, notices and more.","college,faq"
GF0460,Events,Where is the principal office?,Please ensure you follow the official college procedures and deadlines.,"college,faq"
GF0461,Notices,What are the college timings?,Visit the respective office during working hours for assistance.,"college,faq"
GF0462,Scholarships,How do I apply for admission?,The information depends on your program and semester.,"college,faq"
GF0463,Campus,Which documents are required?,Please refer to the relevant department or ask me for specific details.,"college,faq"
GF0464,Contact,What is the fee structure?,You can find the latest information through the college administration.,"college,faq"
GF0465,General,How do I borrow library books?,"I can help you with department, faculty, library, timetable, notices and more.","college,faq"
GF0466,Admissions,How many books can I issue?,Please ensure you follow the official college procedures and deadlines.,"college,faq"
GF0467,Academics,When do exams start?,Visit the respective office during working hours for assistance.,"college,faq"
GF0468,Departments,How do I check notices?,The information depends on your program and semester.,"college,faq"
GF0469,Faculty,How do I contact HOD?,Please refer to the relevant department or ask me for specific details.,"college,faq"
GF0470,Library,Is Wi-Fi available?,You can find the latest information through the college administration.,"college,faq"
GF0471,Timetable,Where is the canteen?,"I can help you with department, faculty, library, timetable, notices and more.","college,faq"
GF0472,Examination,How do I register for events?,Please ensure you follow the official college procedures and deadlines.,"college,faq"
GF0473,Placements,What is the attendance policy?,Visit the respective office during working hours for assistance.,"college,faq"
GF0474,Transport,How do I apply for scholarships?,The information depends on your program and semester.,"college,faq"
GF0475,Canteen,What are placement eligibility criteria?,Please refer to the relevant department or ask me for specific details.,"college,faq"
GF0476,Events,How do I update my profile?,You can find the latest information through the college administration.,"college,faq"
GF0477,Notices,Can I change my department?,"I can help you with department, faculty, library, timetable, notices and more.","college,faq"
GF0478,Scholarships,Where is the AI lab?,Please ensure you follow the official college procedures and deadlines.,"college,faq"
GF0479,Campus,How do I meet faculty?,Visit the respective office during working hours for assistance.,"college,faq"
GF0480,Contact,Where is the principal office?,The information depends on your program and semester.,"college,faq"
GF0481,General,What are the college timings?,Please refer to the relevant department or ask me for specific details.,"college,faq"
GF0482,Admissions,How do I apply for admission?,You can find the latest information through the college administration.,"college,faq"
GF0483,Academics,Which documents are required?,"I can help you with department, faculty, library, timetable, notices and more.","college,faq"
GF0484,Departments,What is the fee structure?,Please ensure you follow the official college procedures and deadlines.,"college,faq"
GF0485,Faculty,How do I borrow library books?,Visit the respective office during working hours for assistance.,"college,faq"
GF0486,Library,How many books can I issue?,The information depends on your program and semester.,"college,faq"
GF0487,Timetable,When do exams start?,Please refer to the relevant department or ask me for specific details.,"college,faq"
GF0488,Examination,How do I check notices?,You can find the latest information through the college administration.,"college,faq"
GF0489,Placements,How do I contact HOD?,"I can help you with department, faculty, library, timetable, notices and more.","college,faq"
GF0490,Transport,Is Wi-Fi available?,Please ensure you follow the official college procedures and deadlines.,"college,faq"
GF0491,Canteen,Where is the canteen?,Visit the respective office during working hours for assistance.,"college,faq"
GF0492,Events,How do I register for events?,The information depends on your program and semester.,"college,faq"
GF0493,Notices,What is the attendance policy?,Please refer to the relevant department or ask me for specific details.,"college,faq"
GF0494,Scholarships,How do I apply for scholarships?,You can find the latest information through the college administration.,"college,faq"
GF0495,Campus,What are placement eligibility criteria?,"I can help you with department, faculty, library, timetable, notices and more.","college,faq"
GF0496,Contact,How do I update my profile?,Please ensure you follow the official college procedures and deadlines.,"college,faq"
GF0497,General,Can I change my department?,Visit the respective office during working hours for assistance.,"college,faq"
GF0498,Admissions,Where is the AI lab?,The information depends on your program and semester.,"college,faq"
GF0499,Academics,How do I meet faculty?,Please refer to the relevant department or ask me for specific details.,"college,faq"
GF0500,Departments,Where is the principal office?,You can find the latest information through the college administration.,"college,faq"
GF0501,Faculty,What are the college timings?,"I can help you with department, faculty, library, timetable, notices and more.","college,faq"
GF0502,Library,How do I apply for admission?,Please ensure you follow the official college procedures and deadlines.,"college,faq"
GF0503,Timetable,Which documents are required?,Visit the respective office during working hours for assistance.,"college,faq"
GF0504,Examination,What is the fee structure?,The information depends on your program and semester.,"college,faq"
GF0505,Placements,How do I borrow library books?,Please refer to the relevant department or ask me for specific details.,"college,faq"
GF0506,Transport,How many books can I issue?,You can find the latest information through the college administration.,"college,faq"
GF0507,Canteen,When do exams start?,"I can help you with department, faculty, library, timetable, notices and more.","college,faq"
GF0508,Events,How do I check notices?,Please ensure you follow the official college procedures and deadlines.,"college,faq"
GF0509,Notices,How do I contact HOD?,Visit the respective office during working hours for assistance.,"college,faq"
GF0510,Scholarships,Is Wi-Fi available?,The information depends on your program and semester.,"college,faq"
GF0511,Campus,Where is the canteen?,Please refer to the relevant department or ask me for specific details.,"college,faq"
GF0512,Contact,How do I register for events?,You can find the latest information through the college administration.,"college,faq"
GF0513,General,What is the attendance policy?,"I can help you with department, faculty, library, timetable, notices and more.","college,faq"
GF0514,Admissions,How do I apply for scholarships?,Please ensure you follow the official college procedures and deadlines.,"college,faq"
GF0515,Academics,What are placement eligibility criteria?,Visit the respective office during working hours for assistance.,"college,faq"
GF0516,Departments,How do I update my profile?,The information depends on your program and semester.,"college,faq"
GF0517,Faculty,Can I change my department?,Please refer to the relevant department or ask me for specific details.,"college,faq"
GF0518,Library,Where is the AI lab?,You can find the latest information through the college administration.,"college,faq"
GF0519,Timetable,How do I meet faculty?,"I can help you with department, faculty, library, timetable, notices and more.","college,faq"
GF0520,Examination,Where is the principal office?,Please ensure you follow the official college procedures and deadlines.,"college,faq"
GF0521,Placements,What are the college timings?,Visit the respective office during working hours for assistance.,"college,faq"
GF0522,Transport,How do I apply for admission?,The information depends on your program and semester.,"college,faq"
GF0523,Canteen,Which documents are required?,Please refer to the relevant department or ask me for specific details.,"college,faq"
GF0524,Events,What is the fee structure?,You can find the latest information through the college administration.,"college,faq"
GF0525,Notices,How do I borrow library books?,"I can help you with department, faculty, library, timetable, notices and more.","college,faq"
GF0526,Scholarships,How many books can I issue?,Please ensure you follow the official college procedures and deadlines.,"college,faq"
GF0527,Campus,When do exams start?,Visit the respective office during working hours for assistance.,"college,faq"
GF0528,Contact,How do I check notices?,The information depends on your program and semester.,"college,faq"
GF0529,General,How do I contact HOD?,Please refer to the relevant department or ask me for specific details.,"college,faq"
GF0530,Admissions,Is Wi-Fi available?,You can find the latest information through the college administration.,"college,faq"
GF0531,Academics,Where is the canteen?,"I can help you with department, faculty, library, timetable, notices and more.","college,faq"
GF0532,Departments,How do I register for events?,Please ensure you follow the official college procedures and deadlines.,"college,faq"
GF0533,Faculty,What is the attendance policy?,Visit the respective office during working hours for assistance.,"college,faq"
GF0534,Library,How do I apply for scholarships?,The information depends on your program and semester.,"college,faq"
GF0535,Timetable,What are placement eligibility criteria?,Please refer to the relevant department or ask me for specific details.,"college,faq"
GF0536,Examination,How do I update my profile?,You can find the latest information through the college administration.,"college,faq"
GF0537,Placements,Can I change my department?,"I can help you with department, faculty, library, timetable, notices and more.","college,faq"
GF0538,Transport,Where is the AI lab?,Please ensure you follow the official college procedures and deadlines.,"college,faq"
GF0539,Canteen,How do I meet faculty?,Visit the respective office during working hours for assistance.,"college,faq"
GF0540,Events,Where is the principal office?,The information depends on your program and semester.,"college,faq"
GF0541,Notices,What are the college timings?,Please refer to the relevant department or ask me for specific details.,"college,faq"
GF0542,Scholarships,How do I apply for admission?,You can find the latest information through the college administration.,"college,faq"
GF0543,Campus,Which documents are required?,"I can help you with department, faculty, library, timetable, notices and more.","college,faq"
GF0544,Contact,What is the fee structure?,Please ensure you follow the official college procedures and deadlines.,"college,faq"
GF0545,General,How do I borrow library books?,Visit the respective office during working hours for assistance.,"college,faq"
GF0546,Admissions,How many books can I issue?,The information depends on your program and semester.,"college,faq"
GF0547,Academics,When do exams start?,Please refer to the relevant department or ask me for specific details.,"college,faq"
GF0548,Departments,How do I check notices?,You can find the latest information through the college administration.,"college,faq"
GF0549,Faculty,How do I contact HOD?,"I can help you with department, faculty, library, timetable, notices and more.","college,faq"
GF0550,Library,Is Wi-Fi available?,Please ensure you follow the official college procedures and deadlines.,"college,faq"
GF0551,Timetable,Where is the canteen?,Visit the respective office during working hours for assistance.,"college,faq"
GF0552,Examination,How do I register for events?,The information depends on your program and semester.,"college,faq"
GF0553,Placements,What is the attendance policy?,Please refer to the relevant department or ask me for specific details.,"college,faq"
GF0554,Transport,How do I apply for scholarships?,You can find the latest information through the college administration.,"college,faq"
GF0555,Canteen,What are placement eligibility criteria?,"I can help you with department, faculty, library, timetable, notices and more.","college,faq"
GF0556,Events,How do I update my profile?,Please ensure you follow the official college procedures and deadlines.,"college,faq"
GF0557,Notices,Can I change my department?,Visit the respective office during working hours for assistance.,"college,faq"
GF0558,Scholarships,Where is the AI lab?,The information depends on your program and semester.,"college,faq"
GF0559,Campus,How do I meet faculty?,Please refer to the relevant department or ask me for specific details.,"college,faq"
GF0560,Contact,Where is the principal office?,You can find the latest information through the college administration.,"college,faq"
GF0561,General,What are the college timings?,"I can help you with department, faculty, library, timetable, notices and more.","college,faq"
GF0562,Admissions,How do I apply for admission?,Please ensure you follow the official college procedures and deadlines.,"college,faq"
GF0563,Academics,Which documents are required?,Visit the respective office during working hours for assistance.,"college,faq"
GF0564,Departments,What is the fee structure?,The information depends on your program and semester.,"college,faq"
GF0565,Faculty,How do I borrow library books?,Please refer to the relevant department or ask me for specific details.,"college,faq"
GF0566,Library,How many books can I issue?,You can find the latest information through the college administration.,"college,faq"
GF0567,Timetable,When do exams start?,"I can help you with department, faculty, library, timetable, notices and more.","college,faq"
GF0568,Examination,How do I check notices?,Please ensure you follow the official college procedures and deadlines.,"college,faq"
GF0569,Placements,How do I contact HOD?,Visit the respective office during working hours for assistance.,"college,faq"
GF0570,Transport,Is Wi-Fi available?,The information depends on your program and semester.,"college,faq"
GF0571,Canteen,Where is the canteen?,Please refer to the relevant department or ask me for specific details.,"college,faq"
GF0572,Events,How do I register for events?,You can find the latest information through the college administration.,"college,faq"
GF0573,Notices,What is the attendance policy?,"I can help you with department, faculty, library, timetable, notices and more.","college,faq"
GF0574,Scholarships,How do I apply for scholarships?,Please ensure you follow the official college procedures and deadlines.,"college,faq"
GF0575,Campus,What are placement eligibility criteria?,Visit the respective office during working hours for assistance.,"college,faq"
GF0576,Contact,How do I update my profile?,The information depends on your program and semester.,"college,faq"
GF0577,General,Can I change my department?,Please refer to the relevant department or ask me for specific details.,"college,faq"
GF0578,Admissions,Where is the AI lab?,You can find the latest information through the college administration.,"college,faq"
GF0579,Academics,How do I meet faculty?,"I can help you with department, faculty, library, timetable, notices and more.","college,faq"
GF0580,Departments,Where is the principal office?,Please ensure you follow the official college procedures and deadlines.,"college,faq"
GF0581,Faculty,What are the college timings?,Visit the respective office during working hours for assistance.,"college,faq"
GF0582,Library,How do I apply for admission?,The information depends on your program and semester.,"college,faq"
GF0583,Timetable,Which documents are required?,Please refer to the relevant department or ask me for specific details.,"college,faq"
GF0584,Examination,What is the fee structure?,You can find the latest information through the college administration.,"college,faq"
GF0585,Placements,How do I borrow library books?,"I can help you with department, faculty, library, timetable, notices and more.","college,faq"
GF0586,Transport,How many books can I issue?,Please ensure you follow the official college procedures and deadlines.,"college,faq"
GF0587,Canteen,When do exams start?,Visit the respective office during working hours for assistance.,"college,faq"
GF0588,Events,How do I check notices?,The information depends on your program and semester.,"college,faq"
GF0589,Notices,How do I contact HOD?,Please refer to the relevant department or ask me for specific details.,"college,faq"
GF0590,Scholarships,Is Wi-Fi available?,You can find the latest information through the college administration.,"college,faq"
GF0591,Campus,Where is the canteen?,"I can help you with department, faculty, library, timetable, notices and more.","college,faq"
GF0592,Contact,How do I register for events?,Please ensure you follow the official college procedures and deadlines.,"college,faq"
GF0593,General,What is the attendance policy?,Visit the respective office during working hours for assistance.,"college,faq"
GF0594,Admissions,How do I apply for scholarships?,The information depends on your program and semester.,"college,faq"
GF0595,Academics,What are placement eligibility criteria?,Please refer to the relevant department or ask me for specific details.,"college,faq"
GF0596,Departments,How do I update my profile?,You can find the latest information through the college administration.,"college,faq"
GF0597,Faculty,Can I change my department?,"I can help you with department, faculty, library, timetable, notices and more.","college,faq"
GF0598,Library,Where is the AI lab?,Please ensure you follow the official college procedures and deadlines.,"college,faq"
GF0599,Timetable,How do I meet faculty?,Visit the respective office during working hours for assistance.,"college,faq"
GF0600,Examination,Where is the principal office?,The information depends on your program and semester.,"college,faq"
GF0601,Placements,What are the college timings?,Please refer to the relevant department or ask me for specific details.,"college,faq"
GF0602,Transport,How do I apply for admission?,You can find the latest information through the college administration.,"college,faq"
GF0603,Canteen,Which documents are required?,"I can help you with department, faculty, library, timetable, notices and more.","college,faq"
GF0604,Events,What is the fee structure?,Please ensure you follow the official college procedures and deadlines.,"college,faq"
GF0605,Notices,How do I borrow library books?,Visit the respective office during working hours for assistance.,"college,faq"
GF0606,Scholarships,How many books can I issue?,The information depends on your program and semester.,"college,faq"
GF0607,Campus,When do exams start?,Please refer to the relevant department or ask me for specific details.,"college,faq"
GF0608,Contact,How do I check notices?,You can find the latest information through the college administration.,"college,faq"
GF0609,General,How do I contact HOD?,"I can help you with department, faculty, library, timetable, notices and more.","college,faq"
GF0610,Admissions,Is Wi-Fi available?,Please ensure you follow the official college procedures and deadlines.,"college,faq"
GF0611,Academics,Where is the canteen?,Visit the respective office during working hours for assistance.,"college,faq"
GF0612,Departments,How do I register for events?,The information depends on your program and semester.,"college,faq"
GF0613,Faculty,What is the attendance policy?,Please refer to the relevant department or ask me for specific details.,"college,faq"
GF0614,Library,How do I apply for scholarships?,You can find the latest information through the college administration.,"college,faq"
GF0615,Timetable,What are placement eligibility criteria?,"I can help you with department, faculty, library, timetable, notices and more.","college,faq"
GF0616,Examination,How do I update my profile?,Please ensure you follow the official college procedures and deadlines.,"college,faq"
GF0617,Placements,Can I change my department?,Visit the respective office during working hours for assistance.,"college,faq"
GF0618,Transport,Where is the AI lab?,The information depends on your program and semester.,"college,faq"
GF0619,Canteen,How do I meet faculty?,Please refer to the relevant department or ask me for specific details.,"college,faq"
GF0620,Events,Where is the principal office?,You can find the latest information through the college administration.,"college,faq"
GF0621,Notices,What are the college timings?,"I can help you with department, faculty, library, timetable, notices and more.","college,faq"
GF0622,Scholarships,How do I apply for admission?,Please ensure you follow the official college procedures and deadlines.,"college,faq"
GF0623,Campus,Which documents are required?,Visit the respective office during working hours for assistance.,"college,faq"
GF0624,Contact,What is the fee structure?,The information depends on your program and semester.,"college,faq"
GF0625,General,How do I borrow library books?,Please refer to the relevant department or ask me for specific details.,"college,faq"
GF0626,Admissions,How many books can I issue?,You can find the latest information through the college administration.,"college,faq"
GF0627,Academics,When do exams start?,"I can help you with department, faculty, library, timetable, notices and more.","college,faq"
GF0628,Departments,How do I check notices?,Please ensure you follow the official college procedures and deadlines.,"college,faq"
GF0629,Faculty,How do I contact HOD?,Visit the respective office during working hours for assistance.,"college,faq"
GF0630,Library,Is Wi-Fi available?,The information depends on your program and semester.,"college,faq"
GF0631,Timetable,Where is the canteen?,Please refer to the relevant department or ask me for specific details.,"college,faq"
GF0632,Examination,How do I register for events?,You can find the latest information through the college administration.,"college,faq"
GF0633,Placements,What is the attendance policy?,"I can help you with department, faculty, library, timetable, notices and more.","college,faq"
GF0634,Transport,How do I apply for scholarships?,Please ensure you follow the official college procedures and deadlines.,"college,faq"
GF0635,Canteen,What are placement eligibility criteria?,Visit the respective office during working hours for assistance.,"college,faq"
GF0636,Events,How do I update my profile?,The information depends on your program and semester.,"college,faq"
GF0637,Notices,Can I change my department?,Please refer to the relevant department or ask me for specific details.,"college,faq"
GF0638,Scholarships,Where is the AI lab?,You can find the latest information through the college administration.,"college,faq"
GF0639,Campus,How do I meet faculty?,"I can help you with department, faculty, library, timetable, notices and more.","college,faq"
GF0640,Contact,Where is the principal office?,Please ensure you follow the official college procedures and deadlines.,"college,faq"
GF0641,General,What are the college timings?,Visit the respective office during working hours for assistance.,"college,faq"
GF0642,Admissions,How do I apply for admission?,The information depends on your program and semester.,"college,faq"
GF0643,Academics,Which documents are required?,Please refer to the relevant department or ask me for specific details.,"college,faq"
GF0644,Departments,What is the fee structure?,You can find the latest information through the college administration.,"college,faq"
GF0645,Faculty,How do I borrow library books?,"I can help you with department, faculty, library, timetable, notices and more.","college,faq"
GF0646,Library,How many books can I issue?,Please ensure you follow the official college procedures and deadlines.,"college,faq"
GF0647,Timetable,When do exams start?,Visit the respective office during working hours for assistance.,"college,faq"
GF0648,Examination,How do I check notices?,The information depends on your program and semester.,"college,faq"
GF0649,Placements,How do I contact HOD?,Please refer to the relevant department or ask me for specific details.,"college,faq"
GF0650,Transport,Is Wi-Fi available?,You can find the latest information through the college administration.,"college,faq"
GF0651,Canteen,Where is the canteen?,"I can help you with department, faculty, library, timetable, notices and more.","college,faq"
GF0652,Events,How do I register for events?,Please ensure you follow the official college procedures and deadlines.,"college,faq"
GF0653,Notices,What is the attendance policy?,Visit the respective office during working hours for assistance.,"college,faq"
GF0654,Scholarships,How do I apply for scholarships?,The information depends on your program and semester.,"college,faq"
GF0655,Campus,What are placement eligibility criteria?,Please refer to the relevant department or ask me for specific details.,"college,faq"
GF0656,Contact,How do I update my profile?,You can find the latest information through the college administration.,"college,faq"
GF0657,General,Can I change my department?,"I can help you with department, faculty, library, timetable, notices and more.","college,faq"
GF0658,Admissions,Where is the AI lab?,Please ensure you follow the official college procedures and deadlines.,"college,faq"
GF0659,Academics,How do I meet faculty?,Visit the respective office during working hours for assistance.,"college,faq"
GF0660,Departments,Where is the principal office?,The information depends on your program and semester.,"college,faq"
GF0661,Faculty,What are the college timings?,Please refer to the relevant department or ask me for specific details.,"college,faq"
GF0662,Library,How do I apply for admission?,You can find the latest information through the college administration.,"college,faq"
GF0663,Timetable,Which documents are required?,"I can help you with department, faculty, library, timetable, notices and more.","college,faq"
GF0664,Examination,What is the fee structure?,Please ensure you follow the official college procedures and deadlines.,"college,faq"
GF0665,Placements,How do I borrow library books?,Visit the respective office during working hours for assistance.,"college,faq"
GF0666,Transport,How many books can I issue?,The information depends on your program and semester.,"college,faq"
GF0667,Canteen,When do exams start?,Please refer to the relevant department or ask me for specific details.,"college,faq"
GF0668,Events,How do I check notices?,You can find the latest information through the college administration.,"college,faq"
GF0669,Notices,How do I contact HOD?,"I can help you with department, faculty, library, timetable, notices and more.","college,faq"
GF0670,Scholarships,Is Wi-Fi available?,Please ensure you follow the official college procedures and deadlines.,"college,faq"
GF0671,Campus,Where is the canteen?,Visit the respective office during working hours for assistance.,"college,faq"
GF0672,Contact,How do I register for events?,The information depends on your program and semester.,"college,faq"
GF0673,General,What is the attendance policy?,Please refer to the relevant department or ask me for specific details.,"college,faq"
GF0674,Admissions,How do I apply for scholarships?,You can find the latest information through the college administration.,"college,faq"
GF0675,Academics,What are placement eligibility criteria?,"I can help you with department, faculty, library, timetable, notices and more.","college,faq"
GF0676,Departments,How do I update my profile?,Please ensure you follow the official college procedures and deadlines.,"college,faq"
GF0677,Faculty,Can I change my department?,Visit the respective office during working hours for assistance.,"college,faq"
GF0678,Library,Where is the AI lab?,The information depends on your program and semester.,"college,faq"
GF0679,Timetable,How do I meet faculty?,Please refer to the relevant department or ask me for specific details.,"college,faq"
GF0680,Examination,Where is the principal office?,You can find the latest information through the college administration.,"college,faq"
GF0681,Placements,What are the college timings?,"I can help you with department, faculty, library, timetable, notices and more.","college,faq"
GF0682,Transport,How do I apply for admission?,Please ensure you follow the official college procedures and deadlines.,"college,faq"
GF0683,Canteen,Which documents are required?,Visit the respective office during working hours for assistance.,"college,faq"
GF0684,Events,What is the fee structure?,The information depends on your program and semester.,"college,faq"
GF0685,Notices,How do I borrow library books?,Please refer to the relevant department or ask me for specific details.,"college,faq"
GF0686,Scholarships,How many books can I issue?,You can find the latest information through the college administration.,"college,faq"
GF0687,Campus,When do exams start?,"I can help you with department, faculty, library, timetable, notices and more.","college,faq"
GF0688,Contact,How do I check notices?,Please ensure you follow the official college procedures and deadlines.,"college,faq"
GF0689,General,How do I contact HOD?,Visit the respective office during working hours for assistance.,"college,faq"
GF0690,Admissions,Is Wi-Fi available?,The information depends on your program and semester.,"college,faq"
GF0691,Academics,Where is the canteen?,Please refer to the relevant department or ask me for specific details.,"college,faq"
GF0692,Departments,How do I register for events?,You can find the latest information through the college administration.,"college,faq"
GF0693,Faculty,What is the attendance policy?,"I can help you with department, faculty, library, timetable, notices and more.","college,faq"
GF0694,Library,How do I apply for scholarships?,Please ensure you follow the official college procedures and deadlines.,"college,faq"
GF0695,Timetable,What are placement eligibility criteria?,Visit the respective office during working hours for assistance.,"college,faq"
GF0696,Examination,How do I update my profile?,The information depends on your program and semester.,"college,faq"
GF0697,Placements,Can I change my department?,Please refer to the relevant department or ask me for specific details.,"college,faq"
GF0698,Transport,Where is the AI lab?,You can find the latest information through the college administration.,"college,faq"
GF0699,Canteen,How do I meet faculty?,"I can help you with department, faculty, library, timetable, notices and more.","college,faq"
GF0700,Events,Where is the principal office?,Please ensure you follow the official college procedures and deadlines.,"college,faq"
GF0701,Notices,What are the college timings?,Visit the respective office during working hours for assistance.,"college,faq"
GF0702,Scholarships,How do I apply for admission?,The information depends on your program and semester.,"college,faq"
GF0703,Campus,Which documents are required?,Please refer to the relevant department or ask me for specific details.,"college,faq"
GF0704,Contact,What is the fee structure?,You can find the latest information through the college administration.,"college,faq"
GF0705,General,How do I borrow library books?,"I can help you with department, faculty, library, timetable, notices and more.","college,faq"
GF0706,Admissions,How many books can I issue?,Please ensure you follow the official college procedures and deadlines.,"college,faq"
GF0707,Academics,When do exams start?,Visit the respective office during working hours for assistance.,"college,faq"
GF0708,Departments,How do I check notices?,The information depends on your program and semester.,"college,faq"
GF0709,Faculty,How do I contact HOD?,Please refer to the relevant department or ask me for specific details.,"college,faq"
GF0710,Library,Is Wi-Fi available?,You can find the latest information through the college administration.,"college,faq"
GF0711,Timetable,Where is the canteen?,"I can help you with department, faculty, library, timetable, notices and more.","college,faq"
GF0712,Examination,How do I register for events?,Please ensure you follow the official college procedures and deadlines.,"college,faq"
GF0713,Placements,What is the attendance policy?,Visit the respective office during working hours for assistance.,"college,faq"
GF0714,Transport,How do I apply for scholarships?,The information depends on your program and semester.,"college,faq"
GF0715,Canteen,What are placement eligibility criteria?,Please refer to the relevant department or ask me for specific details.,"college,faq"
GF0716,Events,How do I update my profile?,You can find the latest information through the college administration.,"college,faq"
GF0717,Notices,Can I change my department?,"I can help you with department, faculty, library, timetable, notices and more.","college,faq"
GF0718,Scholarships,Where is the AI lab?,Please ensure you follow the official college procedures and deadlines.,"college,faq"
GF0719,Campus,How do I meet faculty?,Visit the respective office during working hours for assistance.,"college,faq"
GF0720,Contact,Where is the principal office?,The information depends on your program and semester.,"college,faq"
GF0721,General,What are the college timings?,Please refer to the relevant department or ask me for specific details.,"college,faq"
GF0722,Admissions,How do I apply for admission?,You can find the latest information through the college administration.,"college,faq"
GF0723,Academics,Which documents are required?,"I can help you with department, faculty, library, timetable, notices and more.","college,faq"
GF0724,Departments,What is the fee structure?,Please ensure you follow the official college procedures and deadlines.,"college,faq"
GF0725,Faculty,How do I borrow library books?,Visit the respective office during working hours for assistance.,"college,faq"
GF0726,Library,How many books can I issue?,The information depends on your program and semester.,"college,faq"
GF0727,Timetable,When do exams start?,Please refer to the relevant department or ask me for specific details.,"college,faq"
GF0728,Examination,How do I check notices?,You can find the latest information through the college administration.,"college,faq"
GF0729,Placements,How do I contact HOD?,"I can help you with department, faculty, library, timetable, notices and more.","college,faq"
GF0730,Transport,Is Wi-Fi available?,Please ensure you follow the official college procedures and deadlines.,"college,faq"
GF0731,Canteen,Where is the canteen?,Visit the respective office during working hours for assistance.,"college,faq"
GF0732,Events,How do I register for events?,The information depends on your program and semester.,"college,faq"
GF0733,Notices,What is the attendance policy?,Please refer to the relevant department or ask me for specific details.,"college,faq"
GF0734,Scholarships,How do I apply for scholarships?,You can find the latest information through the college administration.,"college,faq"
GF0735,Campus,What are placement eligibility criteria?,"I can help you with department, faculty, library, timetable, notices and more.","college,faq"
GF0736,Contact,How do I update my profile?,Please ensure you follow the official college procedures and deadlines.,"college,faq"
GF0737,General,Can I change my department?,Visit the respective office during working hours for assistance.,"college,faq"
GF0738,Admissions,Where is the AI lab?,The information depends on your program and semester.,"college,faq"
GF0739,Academics,How do I meet faculty?,Please refer to the relevant department or ask me for specific details.,"college,faq"
GF0740,Departments,Where is the principal office?,You can find the latest information through the college administration.,"college,faq"
GF0741,Faculty,What are the college timings?,"I can help you with department, faculty, library, timetable, notices and more.","college,faq"
GF0742,Library,How do I apply for admission?,Please ensure you follow the official college procedures and deadlines.,"college,faq"
GF0743,Timetable,Which documents are required?,Visit the respective office during working hours for assistance.,"college,faq"
GF0744,Examination,What is the fee structure?,The information depends on your program and semester.,"college,faq"
GF0745,Placements,How do I borrow library books?,Please refer to the relevant department or ask me for specific details.,"college,faq"
GF0746,Transport,How many books can I issue?,You can find the latest information through the college administration.,"college,faq"
GF0747,Canteen,When do exams start?,"I can help you with department, faculty, library, timetable, notices and more.","college,faq"
GF0748,Events,How do I check notices?,Please ensure you follow the official college procedures and deadlines.,"college,faq"
GF0749,Notices,How do I contact HOD?,Visit the respective office during working hours for assistance.,"college,faq"
GF0750,Scholarships,Is Wi-Fi available?,The information depends on your program and semester.,"college,faq"
GF0751,Campus,Where is the canteen?,Please refer to the relevant department or ask me for specific details.,"college,faq"
GF0752,Contact,How do I register for events?,You can find the latest information through the college administration.,"college,faq"
GF0753,General,What is the attendance policy?,"I can help you with department, faculty, library, timetable, notices and more.","college,faq"
GF0754,Admissions,How do I apply for scholarships?,Please ensure you follow the official college procedures and deadlines.,"college,faq"
GF0755,Academics,What are placement eligibility criteria?,Visit the respective office during working hours for assistance.,"college,faq"
GF0756,Departments,How do I update my profile?,The information depends on your program and semester.,"college,faq"
GF0757,Faculty,Can I change my department?,Please refer to the relevant department or ask me for specific details.,"college,faq"
GF0758,Library,Where is the AI lab?,You can find the latest information through the college administration.,"college,faq"
GF0759,Timetable,How do I meet faculty?,"I can help you with department, faculty, library, timetable, notices and more.","college,faq"
GF0760,Examination,Where is the principal office?,Please ensure you follow the official college procedures and deadlines.,"college,faq"
GF0761,Placements,What are the college timings?,Visit the respective office during working hours for assistance.,"college,faq"
GF0762,Transport,How do I apply for admission?,The information depends on your program and semester.,"college,faq"
GF0763,Canteen,Which documents are required?,Please refer to the relevant department or ask me for specific details.,"college,faq"
GF0764,Events,What is the fee structure?,You can find the latest information through the college administration.,"college,faq"
GF0765,Notices,How do I borrow library books?,"I can help you with department, faculty, library, timetable, notices and more.","college,faq"
GF0766,Scholarships,How many books can I issue?,Please ensure you follow the official college procedures and deadlines.,"college,faq"
GF0767,Campus,When do exams start?,Visit the respective office during working hours for assistance.,"college,faq"
GF0768,Contact,How do I check notices?,The information depends on your program and semester.,"college,faq"
GF0769,General,How do I contact HOD?,Please refer to the relevant department or ask me for specific details.,"college,faq"
GF0770,Admissions,Is Wi-Fi available?,You can find the latest information through the college administration.,"college,faq"
GF0771,Academics,Where is the canteen?,"I can help you with department, faculty, library, timetable, notices and more.","college,faq"
GF0772,Departments,How do I register for events?,Please ensure you follow the official college procedures and deadlines.,"college,faq"
GF0773,Faculty,What is the attendance policy?,Visit the respective office during working hours for assistance.,"college,faq"
GF0774,Library,How do I apply for scholarships?,The information depends on your program and semester.,"college,faq"
GF0775,Timetable,What are placement eligibility criteria?,Please refer to the relevant department or ask me for specific details.,"college,faq"
GF0776,Examination,How do I update my profile?,You can find the latest information through the college administration.,"college,faq"
GF0777,Placements,Can I change my department?,"I can help you with department, faculty, library, timetable, notices and more.","college,faq"
GF0778,Transport,Where is the AI lab?,Please ensure you follow the official college procedures and deadlines.,"college,faq"
GF0779,Canteen,How do I meet faculty?,Visit the respective office during working hours for assistance.,"college,faq"
GF0780,Events,Where is the principal office?,The information depends on your program and semester.,"college,faq"
GF0781,Notices,What are the college timings?,Please refer to the relevant department or ask me for specific details.,"college,faq"
GF0782,Scholarships,How do I apply for admission?,You can find the latest information through the college administration.,"college,faq"
GF0783,Campus,Which documents are required?,"I can help you with department, faculty, library, timetable, notices and more.","college,faq"
GF0784,Contact,What is the fee structure?,Please ensure you follow the official college procedures and deadlines.,"college,faq"
GF0785,General,How do I borrow library books?,Visit the respective office during working hours for assistance.,"college,faq"
GF0786,Admissions,How many books can I issue?,The information depends on your program and semester.,"college,faq"
GF0787,Academics,When do exams start?,Please refer to the relevant department or ask me for specific details.,"college,faq"
GF0788,Departments,How do I check notices?,You can find the latest information through the college administration.,"college,faq"
GF0789,Faculty,How do I contact HOD?,"I can help you with department, faculty, library, timetable, notices and more.","college,faq"
GF0790,Library,Is Wi-Fi available?,Please ensure you follow the official college procedures and deadlines.,"college,faq"
GF0791,Timetable,Where is the canteen?,Visit the respective office during working hours for assistance.,"college,faq"
GF0792,Examination,How do I register for events?,The information depends on your program and semester.,"college,faq"
GF0793,Placements,What is the attendance policy?,Please refer to the relevant department or ask me for specific details.,"college,faq"
GF0794,Transport,How do I apply for scholarships?,You can find the latest information through the college administration.,"college,faq"
GF0795,Canteen,What are placement eligibility criteria?,"I can help you with department, faculty, library, timetable, notices and more.","college,faq"
GF0796,Events,How do I update my profile?,Please ensure you follow the official college procedures and deadlines.,"college,faq"
GF0797,Notices,Can I change my department?,Visit the respective office during working hours for assistance.,"college,faq"
GF0798,Scholarships,Where is the AI lab?,The information depends on your program and semester.,"college,faq"
GF0799,Campus,How do I meet faculty?,Please refer to the relevant department or ask me for specific details.,"college,faq"
GF0800,Contact,Where is the principal office?,You can find the latest information through the college administration.,"college,faq"
GF0801,General,What are the college timings?,"I can help you with department, faculty, library, timetable, notices and more.","college,faq"
GF0802,Admissions,How do I apply for admission?,Please ensure you follow the official college procedures and deadlines.,"college,faq"
GF0803,Academics,Which documents are required?,Visit the respective office during working hours for assistance.,"college,faq"
GF0804,Departments,What is the fee structure?,The information depends on your program and semester.,"college,faq"
GF0805,Faculty,How do I borrow library books?,Please refer to the relevant department or ask me for specific details.,"college,faq"
GF0806,Library,How many books can I issue?,You can find the latest information through the college administration.,"college,faq"
GF0807,Timetable,When do exams start?,"I can help you with department, faculty, library, timetable, notices and more.","college,faq"
GF0808,Examination,How do I check notices?,Please ensure you follow the official college procedures and deadlines.,"college,faq"
GF0809,Placements,How do I contact HOD?,Visit the respective office during working hours for assistance.,"college,faq"
GF0810,Transport,Is Wi-Fi available?,The information depends on your program and semester.,"college,faq"
GF0811,Canteen,Where is the canteen?,Please refer to the relevant department or ask me for specific details.,"college,faq"
GF0812,Events,How do I register for events?,You can find the latest information through the college administration.,"college,faq"
GF0813,Notices,What is the attendance policy?,"I can help you with department, faculty, library, timetable, notices and more.","college,faq"
GF0814,Scholarships,How do I apply for scholarships?,Please ensure you follow the official college procedures and deadlines.,"college,faq"
GF0815,Campus,What are placement eligibility criteria?,Visit the respective office during working hours for assistance.,"college,faq"
GF0816,Contact,How do I update my profile?,The information depends on your program and semester.,"college,faq"
GF0817,General,Can I change my department?,Please refer to the relevant department or ask me for specific details.,"college,faq"
GF0818,Admissions,Where is the AI lab?,You can find the latest information through the college administration.,"college,faq"
GF0819,Academics,How do I meet faculty?,"I can help you with department, faculty, library, timetable, notices and more.","college,faq"
GF0820,Departments,Where is the principal office?,Please ensure you follow the official college procedures and deadlines.,"college,faq"
GF0821,Faculty,What are the college timings?,Visit the respective office during working hours for assistance.,"college,faq"
GF0822,Library,How do I apply for admission?,The information depends on your program and semester.,"college,faq"
GF0823,Timetable,Which documents are required?,Please refer to the relevant department or ask me for specific details.,"college,faq"
GF0824,Examination,What is the fee structure?,You can find the latest information through the college administration.,"college,faq"
GF0825,Placements,How do I borrow library books?,"I can help you with department, faculty, library, timetable, notices and more.","college,faq"
GF0826,Transport,How many books can I issue?,Please ensure you follow the official college procedures and deadlines.,"college,faq"
GF0827,Canteen,When do exams start?,Visit the respective office during working hours for assistance.,"college,faq"
GF0828,Events,How do I check notices?,The information depends on your program and semester.,"college,faq"
GF0829,Notices,How do I contact HOD?,Please refer to the relevant department or ask me for specific details.,"college,faq"
GF0830,Scholarships,Is Wi-Fi available?,You can find the latest information through the college administration.,"college,faq"
GF0831,Campus,Where is the canteen?,"I can help you with department, faculty, library, timetable, notices and more.","college,faq"
GF0832,Contact,How do I register for events?,Please ensure you follow the official college procedures and deadlines.,"college,faq"
GF0833,General,What is the attendance policy?,Visit the respective office during working hours for assistance.,"college,faq"
GF0834,Admissions,How do I apply for scholarships?,The information depends on your program and semester.,"college,faq"
GF0835,Academics,What are placement eligibility criteria?,Please refer to the relevant department or ask me for specific details.,"college,faq"
GF0836,Departments,How do I update my profile?,You can find the latest information through the college administration.,"college,faq"
GF0837,Faculty,Can I change my department?,"I can help you with department, faculty, library, timetable, notices and more.","college,faq"
GF0838,Library,Where is the AI lab?,Please ensure you follow the official college procedures and deadlines.,"college,faq"
GF0839,Timetable,How do I meet faculty?,Visit the respective office during working hours for assistance.,"college,faq"
GF0840,Examination,Where is the principal office?,The information depends on your program and semester.,"college,faq"
GF0841,Placements,What are the college timings?,Please refer to the relevant department or ask me for specific details.,"college,faq"
GF0842,Transport,How do I apply for admission?,You can find the latest information through the college administration.,"college,faq"
GF0843,Canteen,Which documents are required?,"I can help you with department, faculty, library, timetable, notices and more.","college,faq"
GF0844,Events,What is the fee structure?,Please ensure you follow the official college procedures and deadlines.,"college,faq"
GF0845,Notices,How do I borrow library books?,Visit the respective office during working hours for assistance.,"college,faq"
GF0846,Scholarships,How many books can I issue?,The information depends on your program and semester.,"college,faq"
GF0847,Campus,When do exams start?,Please refer to the relevant department or ask me for specific details.,"college,faq"
GF0848,Contact,How do I check notices?,You can find the latest information through the college administration.,"college,faq"
GF0849,General,How do I contact HOD?,"I can help you with department, faculty, library, timetable, notices and more.","college,faq"
GF0850,Admissions,Is Wi-Fi available?,Please ensure you follow the official college procedures and deadlines.,"college,faq"
GF0851,Academics,Where is the canteen?,Visit the respective office during working hours for assistance.,"college,faq"
GF0852,Departments,How do I register for events?,The information depends on your program and semester.,"college,faq"
GF0853,Faculty,What is the attendance policy?,Please refer to the relevant department or ask me for specific details.,"college,faq"
GF0854,Library,How do I apply for scholarships?,You can find the latest information through the college administration.,"college,faq"
GF0855,Timetable,What are placement eligibility criteria?,"I can help you with department, faculty, library, timetable, notices and more.","college,faq"
GF0856,Examination,How do I update my profile?,Please ensure you follow the official college procedures and deadlines.,"college,faq"
GF0857,Placements,Can I change my department?,Visit the respective office during working hours for assistance.,"college,faq"
GF0858,Transport,Where is the AI lab?,The information depends on your program and semester.,"college,faq"
GF0859,Canteen,How do I meet faculty?,Please refer to the relevant department or ask me for specific details.,"college,faq"
GF0860,Events,Where is the principal office?,You can find the latest information through the college administration.,"college,faq"
GF0861,Notices,What are the college timings?,"I can help you with department, faculty, library, timetable, notices and more.","college,faq"
GF0862,Scholarships,How do I apply for admission?,Please ensure you follow the official college procedures and deadlines.,"college,faq"
GF0863,Campus,Which documents are required?,Visit the respective office during working hours for assistance.,"college,faq"
GF0864,Contact,What is the fee structure?,The information depends on your program and semester.,"college,faq"
GF0865,General,How do I borrow library books?,Please refer to the relevant department or ask me for specific details.,"college,faq"
GF0866,Admissions,How many books can I issue?,You can find the latest information through the college administration.,"college,faq"
GF0867,Academics,When do exams start?,"I can help you with department, faculty, library, timetable, notices and more.","college,faq"
GF0868,Departments,How do I check notices?,Please ensure you follow the official college procedures and deadlines.,"college,faq"
GF0869,Faculty,How do I contact HOD?,Visit the respective office during working hours for assistance.,"college,faq"
GF0870,Library,Is Wi-Fi available?,The information depends on your program and semester.,"college,faq"
GF0871,Timetable,Where is the canteen?,Please refer to the relevant department or ask me for specific details.,"college,faq"
GF0872,Examination,How do I register for events?,You can find the latest information through the college administration.,"college,faq"
GF0873,Placements,What is the attendance policy?,"I can help you with department, faculty, library, timetable, notices and more.","college,faq"
GF0874,Transport,How do I apply for scholarships?,Please ensure you follow the official college procedures and deadlines.,"college,faq"
GF0875,Canteen,What are placement eligibility criteria?,Visit the respective office during working hours for assistance.,"college,faq"
GF0876,Events,How do I update my profile?,The information depends on your program and semester.,"college,faq"
GF0877,Notices,Can I change my department?,Please refer to the relevant department or ask me for specific details.,"college,faq"
GF0878,Scholarships,Where is the AI lab?,You can find the latest information through the college administration.,"college,faq"
GF0879,Campus,How do I meet faculty?,"I can help you with department, faculty, library, timetable, notices and more.","college,faq"
GF0880,Contact,Where is the principal office?,Please ensure you follow the official college procedures and deadlines.,"college,faq"
GF0881,General,What are the college timings?,Visit the respective office during working hours for assistance.,"college,faq"
GF0882,Admissions,How do I apply for admission?,The information depends on your program and semester.,"college,faq"
GF0883,Academics,Which documents are required?,Please refer to the relevant department or ask me for specific details.,"college,faq"
GF0884,Departments,What is the fee structure?,You can find the latest information through the college administration.,"college,faq"
GF0885,Faculty,How do I borrow library books?,"I can help you with department, faculty, library, timetable, notices and more.","college,faq"
GF0886,Library,How many books can I issue?,Please ensure you follow the official college procedures and deadlines.,"college,faq"
GF0887,Timetable,When do exams start?,Visit the respective office during working hours for assistance.,"college,faq"
GF0888,Examination,How do I check notices?,The information depends on your program and semester.,"college,faq"
GF0889,Placements,How do I contact HOD?,Please refer to the relevant department or ask me for specific details.,"college,faq"
GF0890,Transport,Is Wi-Fi available?,You can find the latest information through the college administration.,"college,faq"
GF0891,Canteen,Where is the canteen?,"I can help you with department, faculty, library, timetable, notices and more.","college,faq"
GF0892,Events,How do I register for events?,Please ensure you follow the official college procedures and deadlines.,"college,faq"
GF0893,Notices,What is the attendance policy?,Visit the respective office during working hours for assistance.,"college,faq"
GF0894,Scholarships,How do I apply for scholarships?,The information depends on your program and semester.,"college,faq"
GF0895,Campus,What are placement eligibility criteria?,Please refer to the relevant department or ask me for specific details.,"college,faq"
GF0896,Contact,How do I update my profile?,You can find the latest information through the college administration.,"college,faq"
GF0897,General,Can I change my department?,"I can help you with department, faculty, library, timetable, notices and more.","college,faq"
GF0898,Admissions,Where is the AI lab?,Please ensure you follow the official college procedures and deadlines.,"college,faq"
GF0899,Academics,How do I meet faculty?,Visit the respective office during working hours for assistance.,"college,faq"
GF0900,Departments,Where is the principal office?,The information depends on your program and semester.,"college,faq"
GF0901,Faculty,What are the college timings?,Please refer to the relevant department or ask me for specific details.,"college,faq"
GF0902,Library,How do I apply for admission?,You can find the latest information through the college administration.,"college,faq"
GF0903,Timetable,Which documents are required?,"I can help you with department, faculty, library, timetable, notices and more.","college,faq"
GF0904,Examination,What is the fee structure?,Please ensure you follow the official college procedures and deadlines.,"college,faq"
GF0905,Placements,How do I borrow library books?,Visit the respective office during working hours for assistance.,"college,faq"
GF0906,Transport,How many books can I issue?,The information depends on your program and semester.,"college,faq"
GF0907,Canteen,When do exams start?,Please refer to the relevant department or ask me for specific details.,"college,faq"
GF0908,Events,How do I check notices?,You can find the latest information through the college administration.,"college,faq"
GF0909,Notices,How do I contact HOD?,"I can help you with department, faculty, library, timetable, notices and more.","college,faq"
GF0910,Scholarships,Is Wi-Fi available?,Please ensure you follow the official college procedures and deadlines.,"college,faq"
GF0911,Campus,Where is the canteen?,Visit the respective office during working hours for assistance.,"college,faq"
GF0912,Contact,How do I register for events?,The information depends on your program and semester.,"college,faq"
GF0913,General,What is the attendance policy?,Please refer to the relevant department or ask me for specific details.,"college,faq"
GF0914,Admissions,How do I apply for scholarships?,You can find the latest information through the college administration.,"college,faq"
GF0915,Academics,What are placement eligibility criteria?,"I can help you with department, faculty, library, timetable, notices and more.","college,faq"
GF0916,Departments,How do I update my profile?,Please ensure you follow the official college procedures and deadlines.,"college,faq"
GF0917,Faculty,Can I change my department?,Visit the respective office during working hours for assistance.,"college,faq"
GF0918,Library,Where is the AI lab?,The information depends on your program and semester.,"college,faq"
GF0919,Timetable,How do I meet faculty?,Please refer to the relevant department or ask me for specific details.,"college,faq"
GF0920,Examination,Where is the principal office?,You can find the latest information through the college administration.,"college,faq"
GF0921,Placements,What are the college timings?,"I can help you with department, faculty, library, timetable, notices and more.","college,faq"
GF0922,Transport,How do I apply for admission?,Please ensure you follow the official college procedures and deadlines.,"college,faq"
GF0923,Canteen,Which documents are required?,Visit the respective office during working hours for assistance.,"college,faq"
GF0924,Events,What is the fee structure?,The information depends on your program and semester.,"college,faq"
GF0925,Notices,How do I borrow library books?,Please refer to the relevant department or ask me for specific details.,"college,faq"
GF0926,Scholarships,How many books can I issue?,You can find the latest information through the college administration.,"college,faq"
GF0927,Campus,When do exams start?,"I can help you with department, faculty, library, timetable, notices and more.","college,faq"
GF0928,Contact,How do I check notices?,Please ensure you follow the official college procedures and deadlines.,"college,faq"
GF0929,General,How do I contact HOD?,Visit the respective office during working hours for assistance.,"college,faq"
GF0930,Admissions,Is Wi-Fi available?,The information depends on your program and semester.,"college,faq"
GF0931,Academics,Where is the canteen?,Please refer to the relevant department or ask me for specific details.,"college,faq"
GF0932,Departments,How do I register for events?,You can find the latest information through the college administration.,"college,faq"
GF0933,Faculty,What is the attendance policy?,"I can help you with department, faculty, library, timetable, notices and more.","college,faq"
GF0934,Library,How do I apply for scholarships?,Please ensure you follow the official college procedures and deadlines.,"college,faq"
GF0935,Timetable,What are placement eligibility criteria?,Visit the respective office during working hours for assistance.,"college,faq"
GF0936,Examination,How do I update my profile?,The information depends on your program and semester.,"college,faq"
GF0937,Placements,Can I change my department?,Please refer to the relevant department or ask me for specific details.,"college,faq"
GF0938,Transport,Where is the AI lab?,You can find the latest information through the college administration.,"college,faq"
GF0939,Canteen,How do I meet faculty?,"I can help you with department, faculty, library, timetable, notices and more.","college,faq"
GF0940,Events,Where is the principal office?,Please ensure you follow the official college procedures and deadlines.,"college,faq"
GF0941,Notices,What are the college timings?,Visit the respective office during working hours for assistance.,"college,faq"
GF0942,Scholarships,How do I apply for admission?,The information depends on your program and semester.,"college,faq"
GF0943,Campus,Which documents are required?,Please refer to the relevant department or ask me for specific details.,"college,faq"
GF0944,Contact,What is the fee structure?,You can find the latest information through the college administration.,"college,faq"
GF0945,General,How do I borrow library books?,"I can help you with department, faculty, library, timetable, notices and more.","college,faq"
GF0946,Admissions,How many books can I issue?,Please ensure you follow the official college procedures and deadlines.,"college,faq"
GF0947,Academics,When do exams start?,Visit the respective office during working hours for assistance.,"college,faq"
GF0948,Departments,How do I check notices?,The information depends on your program and semester.,"college,faq"
GF0949,Faculty,How do I contact HOD?,Please refer to the relevant department or ask me for specific details.,"college,faq"
GF0950,Library,Is Wi-Fi available?,You can find the latest information through the college administration.,"college,faq"
GF0951,Timetable,Where is the canteen?,"I can help you with department, faculty, library, timetable, notices and more.","college,faq"
GF0952,Examination,How do I register for events?,Please ensure you follow the official college procedures and deadlines.,"college,faq"
GF0953,Placements,What is the attendance policy?,Visit the respective office during working hours for assistance.,"college,faq"
GF0954,Transport,How do I apply for scholarships?,The information depends on your program and semester.,"college,faq"
GF0955,Canteen,What are placement eligibility criteria?,Please refer to the relevant department or ask me for specific details.,"college,faq"
GF0956,Events,How do I update my profile?,You can find the latest information through the college administration.,"college,faq"
GF0957,Notices,Can I change my department?,"I can help you with department, faculty, library, timetable, notices and more.","college,faq"
GF0958,Scholarships,Where is the AI lab?,Please ensure you follow the official college procedures and deadlines.,"college,faq"
GF0959,Campus,How do I meet faculty?,Visit the respective office during working hours for assistance.,"college,faq"
GF0960,Contact,Where is the principal office?,The information depends on your program and semester.,"college,faq"
GF0961,General,What are the college timings?,Please refer to the relevant department or ask me for specific details.,"college,faq"
GF0962,Admissions,How do I apply for admission?,You can find the latest information through the college administration.,"college,faq"
GF0963,Academics,Which documents are required?,"I can help you with department, faculty, library, timetable, notices and more.","college,faq"
GF0964,Departments,What is the fee structure?,Please ensure you follow the official college procedures and deadlines.,"college,faq"
GF0965,Faculty,How do I borrow library books?,Visit the respective office during working hours for assistance.,"college,faq"
GF0966,Library,How many books can I issue?,The information depends on your program and semester.,"college,faq"
GF0967,Timetable,When do exams start?,Please refer to the relevant department or ask me for specific details.,"college,faq"
GF0968,Examination,How do I check notices?,You can find the latest information through the college administration.,"college,faq"
GF0969,Placements,How do I contact HOD?,"I can help you with department, faculty, library, timetable, notices and more.","college,faq"
GF0970,Transport,Is Wi-Fi available?,Please ensure you follow the official college procedures and deadlines.,"college,faq"
GF0971,Canteen,Where is the canteen?,Visit the respective office during working hours for assistance.,"college,faq"
GF0972,Events,How do I register for events?,The information depends on your program and semester.,"college,faq"
GF0973,Notices,What is the attendance policy?,Please refer to the relevant department or ask me for specific details.,"college,faq"
GF0974,Scholarships,How do I apply for scholarships?,You can find the latest information through the college administration.,"college,faq"
GF0975,Campus,What are placement eligibility criteria?,"I can help you with department, faculty, library, timetable, notices and more.","college,faq"
GF0976,Contact,How do I update my profile?,Please ensure you follow the official college procedures and deadlines.,"college,faq"
GF0977,General,Can I change my department?,Visit the respective office during working hours for assistance.,"college,faq"
GF0978,Admissions,Where is the AI lab?,The information depends on your program and semester.,"college,faq"
GF0979,Academics,How do I meet faculty?,Please refer to the relevant department or ask me for specific details.,"college,faq"
GF0980,Departments,Where is the principal office?,You can find the latest information through the college administration.,"college,faq"
GF0981,Faculty,What are the college timings?,"I can help you with department, faculty, library, timetable, notices and more.","college,faq"
GF0982,Library,How do I apply for admission?,Please ensure you follow the official college procedures and deadlines.,"college,faq"
GF0983,Timetable,Which documents are required?,Visit the respective office during working hours for assistance.,"college,faq"
GF0984,Examination,What is the fee structure?,The information depends on your program and semester.,"college,faq"
GF0985,Placements,How do I borrow library books?,Please refer to the relevant department or ask me for specific details.,"college,faq"
GF0986,Transport,How many books can I issue?,You can find the latest information through the college administration.,"college,faq"
GF0987,Canteen,When do exams start?,"I can help you with department, faculty, library, timetable, notices and more.","college,faq"
GF0988,Events,How do I check notices?,Please ensure you follow the official college procedures and deadlines.,"college,faq"
GF0989,Notices,How do I contact HOD?,Visit the respective office during working hours for assistance.,"college,faq"
GF0990,Scholarships,Is Wi-Fi available?,The information depends on your program and semester.,"college,faq"
GF0991,Campus,Where is the canteen?,Please refer to the relevant department or ask me for specific details.,"college,faq"
GF0992,Contact,How do I register for events?,You can find the latest information through the college administration.,"college,faq"
GF0993,General,What is the attendance policy?,"I can help you with department, faculty, library, timetable, notices and more.","college,faq"
GF0994,Admissions,How do I apply for scholarships?,Please ensure you follow the official college procedures and deadlines.,"college,faq"
GF0995,Academics,What are placement eligibility criteria?,Visit the respective office during working hours for assistance.,"college,faq"
GF0996,Departments,How do I update my profile?,The information depends on your program and semester.,"college,faq"
GF0997,Faculty,Can I change my department?,Please refer to the relevant department or ask me for specific details.,"college,faq"
GF0998,Library,Where is the AI lab?,You can find the latest information through the college administration.,"college,faq"
GF0999,Timetable,How do I meet faculty?,"I can help you with department, faculty, library, timetable, notices and more.","college,faq"
GF1000,Examination,Where is the principal office?,Please ensure you follow the official college procedures and deadlines.,"college,faq"
